,Channel A Last (V),Channel B Last (V)
1676024830,,
1676024830,,
1676024830,,
1676024830,,
1676024830,,
1676024830,,
1676024831,,
1676024831,,
1676024831,,
1676024831,,
1676024831,,
1676024831,1.011,0.096
1676024831,1.009,0.095
1676024831,1.012,0.099
1676024831,1.011,0.099
1676024831,1.011,0.097
1676024831,1.01,0.098
1676024831,1.01,0.094
1676024831,1.009,0.097
1676024831,1.008,0.096
1676024831,1.007,0.098
1676024831,1.009,0.102
1676024831,1.006,0.097
1676024831,1.01,0.094
1676024831,1.008,0.098
1676024831,1.011,0.099
1676024832,1.011,0.094
1676024832,1.009,0.095
1676024832,1.008,0.094
1676024832,1.012,0.098
1676024832,1.011,0.099
1676024832,1.01,0.095
1676024832,1.005,0.098
1676024832,1.01,0.095
1676024832,1.013,0.095
1676024832,1.011,0.097
1676024832,1.01,0.095
1676024832,1.012,0.097
1676024832,1.012,0.098
1676024832,1.01,0.096
1676024832,1.012,0.098
1676024832,1.01,0.096
1676024832,1.008,0.094
1676024832,1.008,0.097
1676024832,1.014,0.096
1676024832,1.009,0.098
1676024833,1.01,0.094
1676024833,1.012,0.095
1676024833,1.009,0.093
1676024833,1.011,0.095
1676024833,1.01,0.097
1676024833,1.011,0.092
1676024833,1.011,0.101
1676024833,1.01,0.096
1676024833,1.011,0.096
1676024833,1.012,0.097
1676024833,1.01,0.098
1676024833,1.012,0.093
1676024833,1.014,0.095
1676024833,1.015,0.098
1676024833,1.012,0.095
1676024833,1.011,0.097
1676024833,1.011,0.094
1676024833,1.013,0.097
1676024833,1.011,0.094
1676024833,1.01,0.096
1676024834,1.009,0.097
1676024834,1.006,0.098
1676024834,1.012,0.097
1676024834,1.009,0.099
1676024834,1.011,0.094
1676024834,1.007,0.096
1676024834,1.012,0.098
1676024834,1.011,0.098
1676024834,1.011,0.096
1676024834,1.009,0.098
1676024834,1.012,0.097
1676024834,1.011,0.097
1676024834,1.01,0.098
1676024834,1.008,0.094
1676024834,1.011,0.094
1676024834,1.012,0.095
1676024834,1.012,0.097
1676024834,1.008,0.098
1676024834,1.011,0.096
1676024834,1.011,0.097
1676024835,1.01,0.094
1676024835,1.013,0.096
1676024835,1.013,0.097
1676024835,1.011,0.099
1676024835,1.015,0.094
1676024835,1.01,0.095
1676024835,1.011,0.096
1676024835,1.01,0.098
1676024835,1.01,0.096
1676024835,1.013,0.099
1676024835,1.011,0.1
1676024835,1.012,0.102
1676024835,1.009,0.096
1676024835,1.009,0.096
1676024835,1.01,0.097
1676024835,1.011,0.098
1676024835,1.008,0.096
1676024835,1.012,0.095
1676024835,1.01,0.097
1676024835,1.012,0.099
1676024836,1.014,0.096
1676024836,1.012,0.097
1676024836,1.014,0.093
1676024836,1.011,0.094
1676024836,1.009,0.099
1676024836,1.011,0.097
1676024836,1.011,0.096
1676024836,1.012,0.098
1676024836,1.012,0.095
1676024836,1.011,0.097
1676024836,1.013,0.096
1676024836,1.012,0.096
1676024836,1.012,0.095
1676024836,1.008,0.098
1676024836,1.009,0.097
1676024836,1.012,0.096
1676024836,1.014,0.098
1676024836,1.009,0.097
1676024836,1.01,0.099
1676024836,1.011,0.099
1676024837,1.012,0.097
1676024837,1.011,0.094
1676024837,1.011,0.099
1676024837,1.008,0.095
1676024837,1.011,0.097
1676024837,1.012,0.097
1676024837,1.008,0.097
1676024837,1.011,0.095
1676024837,1.014,0.095
1676024837,1.01,0.095
1676024837,1.009,0.095
1676024837,1.01,0.097
1676024837,1.009,0.097
1676024837,1.01,0.096
1676024837,1.011,0.097
1676024837,1.01,0.097
1676024837,1.004,0.097
1676024837,1.013,0.097
1676024837,1.011,0.098
1676024837,1.011,0.096
1676024838,1.009,0.095
1676024838,1.009,0.098
1676024838,1.01,0.095
1676024838,1.011,0.092
1676024838,1.008,0.099
1676024838,1.012,0.096
1676024838,1.013,0.095
1676024838,1.01,0.096
1676024838,1.01,0.096
1676024838,1.008,0.097
1676024838,1.01,0.097
1676024838,1.007,0.098
1676024838,1.008,0.101
1676024838,1.011,0.095
1676024838,1.011,0.099
1676024838,1.01,0.096
1676024838,1.008,0.098
1676024838,1.011,0.098
1676024838,1.01,0.095
1676024838,1.01,0.095
1676024839,1.006,0.092
1676024839,1.011,0.097
1676024839,1.011,0.097
1676024839,1.012,0.095
1676024839,1.011,0.096
1676024839,1.01,0.097
1676024839,1.008,0.096
1676024839,1.008,0.093
1676024839,1.011,0.096
1676024839,1.01,0.093
1676024839,1.011,0.095
1676024839,1.011,0.094
1676024839,1.008,0.095
1676024839,1.011,0.099
1676024839,1.011,0.096
1676024839,1.009,0.097
1676024839,1.009,0.095
1676024839,1.006,0.099
1676024839,1.007,0.099
1676024839,1.009,0.095
1676024840,1.011,0.094
1676024840,1.009,0.094
1676024840,1.013,0.095
1676024840,1.009,0.1
1676024840,1.006,0.092
1676024840,1.011,0.098
1676024840,1.012,0.1
1676024840,1.008,0.093
1676024840,1.009,0.097
1676024840,1.013,0.094
1676024840,1.011,0.094
1676024840,1.012,0.096
1676024840,1.008,0.099
1676024840,1.009,0.093
1676024840,1.008,0.098
1676024840,1.013,0.097
1676024840,1.008,0.099
1676024840,1.013,0.097
1676024840,1.007,0.098
1676024840,1.012,0.099
1676024841,1.009,0.098
1676024841,1.011,0.096
1676024841,1.01,0.097
1676024841,1.008,0.098
1676024841,1.011,0.097
1676024841,1.009,0.098
1676024841,1.011,0.098
1676024841,1.007,0.093
1676024841,1.008,0.095
1676024841,1.013,0.097
1676024841,1.012,0.097
1676024841,1.008,0.097
1676024841,1.007,0.094
1676024841,1.006,0.096
1676024841,1.009,0.101
1676024841,1.009,0.098
1676024841,1.01,0.097
1676024841,1.009,0.096
1676024841,1.011,0.096
1676024841,1.011,0.093
1676024842,1.007,0.097
1676024842,1.007,0.096
1676024842,1.009,0.095
1676024842,1.009,0.097
1676024842,1.01,0.099
1676024842,1.011,0.098
1676024842,1.013,0.102
1676024842,1.008,0.094
1676024842,1.009,0.097
1676024842,1.012,0.097
1676024842,1.013,0.097
1676024842,1.014,0.099
1676024842,1.009,0.095
1676024842,1.01,0.098
1676024842,1.011,0.099
1676024842,1.01,0.097
1676024842,1.007,0.096
1676024842,1.009,0.099
1676024842,1.008,0.095
1676024842,1.01,0.094
1676024843,1.009,0.1
1676024843,1.01,0.097
1676024843,1.013,0.099
1676024843,1.012,0.098
1676024843,1.011,0.097
1676024843,1.006,0.097
1676024843,1.01,0.097
1676024843,1.009,0.099
1676024843,1.008,0.097
1676024843,1.012,0.095
1676024843,1.012,0.1
1676024843,1.011,0.098
1676024843,1.012,0.098
1676024843,1.011,0.095
1676024843,1.013,0.098
1676024843,1.011,0.098
1676024843,1.01,0.098
1676024843,1.012,0.096
1676024843,1.012,0.099
1676024843,1.009,0.097
1676024844,1.012,0.095
1676024844,1.011,0.099
1676024844,1.009,0.096
1676024844,1.009,0.099
1676024844,1.013,0.1
1676024844,1.008,0.096
1676024844,1.012,0.099
1676024844,1.011,0.098
1676024844,1.009,0.097
1676024844,1.008,0.096
1676024844,1.01,0.097
1676024844,1.011,0.095
1676024844,1.012,0.096
1676024844,1.012,0.1
1676024844,1.012,0.099
1676024844,1.011,0.098
1676024844,1.007,0.095
1676024844,1.011,0.098
1676024844,1.011,0.093
1676024844,1.01,0.098
1676024845,1.011,0.1
1676024845,1.012,0.097
1676024845,1.01,0.095
1676024845,1.008,0.093
1676024845,1.01,0.096
1676024845,1.011,0.096
1676024845,1.008,0.097
1676024845,1.008,0.097
1676024845,1.015,0.098
1676024845,1.013,0.096
1676024845,1.009,0.092
1676024845,1.011,0.095
1676024845,1.01,0.098
1676024845,1.01,0.096
1676024845,1.011,0.096
1676024845,1.011,0.097
1676024845,1.01,0.096
1676024845,1.012,0.096
1676024845,1.011,0.098
1676024845,1.01,0.096
1676024846,1.011,0.098
1676024846,1.012,0.096
1676024846,1.009,0.091
1676024846,1.01,0.101
1676024846,1.011,0.098
1676024846,1.01,0.096
1676024846,1.012,0.1
1676024846,1.01,0.095
1676024846,1.011,0.097
1676024846,1.009,0.099
1676024846,1.011,0.098
1676024846,1.01,0.097
1676024846,1.007,0.098
1676024846,1.009,0.097
1676024846,1.009,0.095
1676024846,1.009,0.095
1676024846,1.01,0.099
1676024846,1.008,0.095
1676024846,1.01,0.098
1676024846,1.009,0.097
1676024847,1.009,0.096
1676024847,1.011,0.095
1676024847,1.014,0.098
1676024847,1.015,0.097
1676024847,1.012,0.096
1676024847,1.012,0.096
1676024847,1.01,0.097
1676024847,1.013,0.094
1676024847,1.009,0.098
1676024847,1.009,0.095
1676024847,1.006,0.094
1676024847,1.01,0.094
1676024847,1.013,0.102
1676024847,1.008,0.095
1676024847,1.012,0.098
1676024847,1.008,0.096
1676024847,1.008,0.098
1676024847,1.01,0.099
1676024847,1.009,0.096
1676024847,1.01,0.099
1676024848,1.009,0.097
1676024848,1.011,0.098
1676024848,1.01,0.1
1676024848,0.983,0.103
1676024848,1.009,0.095
1676024848,1.009,0.092
1676024848,1.008,0.097
1676024848,1.01,0.095
1676024848,1.006,0.095
1676024848,1.013,0.094
1676024848,1.008,0.097
1676024848,1.01,0.096
1676024848,1.01,0.098
1676024848,1.013,0.091
1676024848,1.011,0.097
1676024848,1.009,0.098
1676024848,1.01,0.097
1676024848,1.01,0.095
1676024848,1.007,0.099
1676024848,1.009,0.098
1676024849,1.008,0.096
1676024849,1.01,0.098
1676024849,1.011,0.098
1676024849,1.009,0.101
1676024849,1.01,0.096
1676024849,1.012,0.096
1676024849,1.008,0.097
1676024849,1.009,0.097
1676024849,1.009,0.099
1676024849,1.009,0.095
1676024849,1.009,0.094
1676024849,1.011,0.093
1676024849,1.007,0.094
1676024849,1.01,0.093
1676024849,1.009,0.098
1676024849,1.007,0.098
1676024849,1.01,0.097
1676024849,1.01,0.093
1676024849,1.009,0.096
1676024849,1.011,0.092
1676024850,1.013,0.096
1676024850,1.009,0.095
1676024850,1.008,0.098
1676024850,1.01,0.097
1676024850,1.009,0.096
1676024850,1.012,0.097
1676024850,1.013,0.094
1676024850,1.01,0.095
1676024850,1.01,0.097
1676024850,1.011,0.094
1676024850,1.01,0.098
1676024850,1.007,0.097
1676024850,1.012,0.096
1676024850,1.01,0.096
1676024850,1.011,0.096
1676024850,1.012,0.095
1676024850,1.013,0.094
1676024850,1.011,0.094
1676024850,1.01,0.096
1676024850,1.011,0.095
1676024851,1.009,0.096
1676024851,1.009,0.096
1676024851,1.008,0.096
1676024851,1.011,0.095
1676024851,1.006,0.093
1676024851,1.01,0.097
1676024851,1.008,0.096
1676024851,1.009,0.094
1676024851,1.008,0.093
1676024851,1.01,0.095
1676024851,1.011,0.096
1676024851,1.012,0.092
1676024851,1.011,0.096
1676024851,1.01,0.096
1676024851,1.01,0.095
1676024851,1.012,0.097
1676024851,1.014,0.095
1676024851,1.012,0.094
1676024851,1.011,0.097
1676024851,1.012,0.093
1676024852,1.009,0.095
1676024852,1.009,0.095
1676024852,1.01,0.093
1676024852,1.013,0.094
1676024852,1.011,0.092
1676024852,1.01,0.094
1676024852,1.009,0.097
1676024852,1.013,0.094
1676024852,1.01,0.097
1676024852,1.01,0.094
1676024852,1.01,0.097
1676024852,1.012,0.095
1676024852,1.009,0.094
1676024852,1.014,0.096
1676024852,1.013,0.095
1676024852,1.01,0.096
1676024852,1.01,0.099
1676024852,1.01,0.094
1676024852,1.008,0.097
1676024852,1.013,0.098
1676024853,1.009,0.095
1676024853,1.01,0.096
1676024853,1.008,0.097
1676024853,1.013,0.098
1676024853,1.009,0.098
1676024853,1.012,0.094
1676024853,1.013,0.095
1676024853,1.012,0.096
1676024853,1.01,0.095
1676024853,1.01,0.095
1676024853,1.01,0.098
1676024853,1.009,0.101
1676024853,1.011,0.106
1676024853,1.007,0.088
1676024853,1.009,0.114
1676024853,1.009,0.11
1676024853,1.011,0.106
1676024853,1.008,0.081
1676024853,1.01,0.101
1676024853,1.01,0.096
1676024854,1.01,0.096
1676024854,1.011,0.1
1676024854,1.01,0.096
1676024854,1.01,0.097
1676024854,1.011,0.098
1676024854,1.011,0.095
1676024854,1.011,0.099
1676024854,1.008,0.096
1676024854,1.01,0.098
1676024854,1.015,0.095
1676024854,1.013,0.097
1676024854,1.011,0.1
1676024854,1.009,0.099
1676024854,1.009,0.096
1676024854,1.011,0.095
1676024854,1.011,0.099
1676024854,1.009,0.093
1676024854,1.011,0.095
1676024854,1.011,0.099
1676024854,1.01,0.095
1676024855,1.01,0.102
1676024855,1.008,0.115
1676024855,1.014,0.096
1676024855,1.011,0.099
1676024855,1.007,0.102
1676024855,1.015,0.106
1676024855,1.009,0.089
1676024855,1.009,0.1
1676024855,1.012,0.093
1676024855,1.01,0.087
1676024855,1.009,0.111
1676024855,1.012,0.093
1676024855,1.007,0.093
1676024855,1.012,0.099
1676024855,1.008,0.102
1676024855,1.01,0.09
1676024855,1.01,0.103
1676024855,1.012,0.111
1676024855,1.012,0.095
1676024855,1.012,0.105
1676024856,1.012,0.091
1676024856,1.014,0.109
1676024856,1.008,0.094
1676024856,1.008,0.092
1676024856,1.007,0.088
1676024856,1.01,0.093
1676024856,1.011,0.119
1676024856,1.01,0.086
1676024856,1.011,0.087
1676024856,1.012,0.134
1676024856,1.012,0.109
1676024856,1.01,0.122
1676024856,1.01,0.071
1676024856,1.01,0.084
1676024856,1.008,0.069
1676024856,1.007,0.082
1676024856,1.012,0.121
1676024856,1.011,0.094
1676024856,1.009,0.081
1676024856,1.007,0.093
1676024857,1.011,0.087
1676024857,1.01,0.075
1676024857,1.02,0.125
1676024857,1.008,0.1
1676024857,1.006,0.087
1676024857,1.011,0.1
1676024857,1.01,0.089
1676024857,1.012,0.099
1676024857,1.01,0.092
1676024857,1.009,0.079
1676024857,1.01,0.083
1676024857,1.008,0.094
1676024857,1.01,0.097
1676024857,1.013,0.101
1676024857,1.013,0.065
1676024857,1.008,0.123
1676024857,1.008,0.098
1676024857,1.007,0.086
1676024857,1.009,0.094
1676024857,1.009,0.117
1676024858,1.011,0.113
1676024858,1.011,0.117
1676024858,1.016,0.102
1676024858,1.011,0.095
1676024858,1.014,0.105
1676024858,1.013,0.097
1676024858,1.012,0.11
1676024858,1.01,0.094
1676024858,1.012,0.106
1676024858,1.01,0.079
1676024858,1.008,0.085
1676024858,1.01,0.106
1676024858,1.011,0.099
1676024858,1.011,0.108
1676024858,1.014,0.114
1676024858,1.012,0.081
1676024858,1.01,0.075
1676024858,1.011,0.117
1676024858,1.008,0.093
1676024858,1.013,0.098
1676024859,1.012,0.126
1676024859,1.01,0.063
1676024859,1.009,0.065
1676024859,1.017,0.134
1676024859,1.013,0.123
1676024859,1.009,0.088
1676024859,1.011,0.107
1676024859,1.012,0.092
1676024859,1.01,0.064
1676024859,1.009,0.1
1676024859,1.012,0.117
1676024859,1.011,0.092
1676024859,1.011,0.117
1676024859,1.008,0.088
1676024859,1.013,0.097
1676024859,1.011,0.09
1676024859,1.01,0.095
1676024859,1.012,0.096
1676024859,1.01,0.09
1676024859,1.014,0.112
1676024860,1.013,0.107
1676024860,1.006,0.088
1676024860,1.012,0.126
1676024860,1.015,0.134
1676024860,1.009,0.074
1676024860,1.01,0.061
1676024860,1.013,0.107
1676024860,1.015,0.114
1676024860,1.013,0.101
1676024860,1.011,0.093
1676024860,1.013,0.104
1676024860,1.007,0.076
1676024860,1.011,0.1
1676024860,1.01,0.087
1676024860,1.01,0.116
1676024860,1.018,0.116
1676024860,1.011,0.088
1676024860,1.01,0.085
1676024860,1.006,0.077
1676024860,1.012,0.107
1676024861,1.013,0.097
1676024861,1.014,0.106
1676024861,1.011,0.097
1676024861,1.011,0.084
1676024861,1.009,0.097
1676024861,1.012,0.104
1676024861,1.012,0.081
1676024861,1.008,0.096
1676024861,1.009,0.091
1676024861,1.009,0.085
1676024861,1.011,0.099
1676024861,1.01,0.105
1676024861,1.009,0.089
1676024861,1.01,0.089
1676024861,1.009,0.103
1676024861,1.006,0.088
1676024861,1.008,0.105
1676024861,1.009,0.097
1676024861,1.01,0.101
1676024861,1.01,0.102
1676024862,1.011,0.111
1676024862,1.011,0.093
1676024862,1.009,0.099
1676024862,1.012,0.097
1676024862,1.012,0.104
1676024862,1.013,0.103
1676024862,1.012,0.096
1676024862,1.01,0.095
1676024862,1.007,0.097
1676024862,1.01,0.101
1676024862,1.006,0.097
1676024862,1.012,0.097
1676024862,1.009,0.096
1676024862,1.01,0.098
1676024862,1.009,0.095
1676024862,1.011,0.096
1676024862,1.008,0.099
1676024862,1.009,0.095
1676024862,1.01,0.098
1676024862,1.009,0.095
1676024863,1.01,0.097
1676024863,1.009,0.098
1676024863,1.01,0.1
1676024863,1.008,0.098
1676024863,1.012,0.099
1676024863,1.009,0.098
1676024863,1.008,0.098
1676024863,1.006,0.097
1676024863,1.009,0.097
1676024863,1.012,0.096
1676024863,1.014,0.1
1676024863,1.013,0.095
1676024863,1.01,0.1
1676024863,1.015,0.099
1676024863,1.01,0.097
1676024863,1.012,0.097
1676024863,1.012,0.095
1676024863,1.012,0.098
1676024863,1.011,0.096
1676024863,1.014,0.1
1676024864,1.011,0.101
1676024864,1.013,0.096
1676024864,1.011,0.099
1676024864,1.013,0.096
1676024864,1.01,0.101
1676024864,1.008,0.1
1676024864,1.012,0.098
1676024864,1.008,0.094
1676024864,1.01,0.097
1676024864,1.011,0.096
1676024864,1.008,0.097
1676024864,1.012,0.097
1676024864,1.011,0.099
1676024864,1.012,0.098
1676024864,1.012,0.096
1676024864,1.011,0.097
1676024864,1.012,0.098
1676024864,1.011,0.096
1676024864,1.01,0.095
1676024864,1.011,0.098
1676024865,1.011,0.097
1676024865,1.01,0.097
1676024865,1.011,0.096
1676024865,1.009,0.093
1676024865,1.009,0.1
1676024865,1.012,0.097
1676024865,1.007,0.099
1676024865,1.008,0.098
1676024865,1.011,0.098
1676024865,1.012,0.097
1676024865,1.012,0.1
1676024865,1.009,0.098
1676024865,1.01,0.096
1676024865,1.011,0.095
1676024865,1.006,0.098
1676024865,1.012,0.095
1676024865,1.01,0.095
1676024865,1.012,0.1
1676024865,1.01,0.097
1676024865,1.011,0.099
1676024866,1.008,0.098
1676024866,1.009,0.098
1676024866,1.008,0.097
1676024866,1.008,0.096
1676024866,1.012,0.099
1676024866,1.005,0.096
1676024866,1.008,0.096
1676024866,1.012,0.1
1676024866,1.008,0.095
1676024866,1.008,0.097
1676024866,1.01,0.097
1676024866,1.011,0.096
1676024866,1.01,0.096
1676024866,1.009,0.097
1676024866,1.01,0.095
1676024866,1.011,0.097
1676024866,1.009,0.099
1676024866,1.01,0.099
1676024866,1.011,0.098
1676024866,1.013,0.096
1676024867,1.011,0.097
1676024867,1.009,0.095
1676024867,1.012,0.099
1676024867,1.01,0.095
1676024867,1.009,0.1
1676024867,1.009,0.095
1676024867,1.008,0.097
1676024867,1.009,0.096
1676024867,1.011,0.099
1676024867,1.01,0.096
1676024867,1.01,0.097
1676024867,1.008,0.1
1676024867,1.012,0.095
1676024867,1.009,0.096
1676024867,1.011,0.097
1676024867,1.008,0.098
1676024867,1.007,0.097
1676024867,1.009,0.095
1676024867,1.01,0.098
1676024867,1.013,0.098
1676024868,1.011,0.097
1676024868,1.011,0.097
1676024868,1.014,0.094
1676024868,1.008,0.096
1676024868,1.013,0.096
1676024868,1.009,0.095
1676024868,1.012,0.096
1676024868,1.01,0.094
1676024868,1.01,0.097
1676024868,1.008,0.095
1676024868,1.009,0.097
1676024868,1.01,0.098
1676024868,1.012,0.094
1676024868,1.011,0.095
1676024868,1.01,0.097
1676024868,1.012,0.095
1676024868,1.012,0.097
1676024868,1.01,0.099
1676024868,1.012,0.095
1676024868,1.009,0.096
1676024869,1.012,0.097
1676024869,1.012,0.096
1676024869,1.007,0.095
1676024869,1.01,0.093
1676024869,1.01,0.093
1676024869,1.01,0.094
1676024869,1.01,0.096
1676024869,1.013,0.095
1676024869,1.011,0.097
1676024869,1.011,0.095
1676024869,1.01,0.098
1676024869,1.01,0.095
1676024869,1.011,0.097
1676024869,1.012,0.097
1676024869,1.012,0.098
1676024869,1.01,0.095
1676024869,1.011,0.099
1676024869,1.007,0.096
1676024869,1.006,0.097
1676024869,1.011,0.093
1676024870,1.009,0.096
1676024870,1.009,0.095
1676024870,1.012,0.098
1676024870,1.013,0.091
1676024870,1.008,0.098
1676024870,1.013,0.096
1676024870,1.008,0.098
1676024870,1.01,0.096
1676024870,1.01,0.098
1676024870,1.013,0.098
1676024870,1.008,0.1
1676024870,1.011,0.097
1676024870,1.013,0.096
1676024870,1.009,0.095
1676024870,1.013,0.095
1676024870,1.01,0.096
1676024870,1.009,0.094
1676024870,1.01,0.098
1676024870,1.009,0.096
1676024870,1.01,0.099
1676024871,1.01,0.096
1676024871,1.01,0.096
1676024871,1.011,0.098
1676024871,1.01,0.094
1676024871,1.009,0.091
1676024871,1.009,0.096
1676024871,1.011,0.097
1676024871,1.01,0.098
1676024871,1.009,0.096
1676024871,1.01,0.098
1676024871,1.008,0.095
1676024871,1.011,0.098
1676024871,1.01,0.096
1676024871,1.01,0.093
1676024871,1.01,0.094
1676024871,1.008,0.095
1676024871,1.008,0.097
1676024871,1.011,0.095
1676024871,1.012,0.095
1676024871,1.01,0.095
1676024872,1.01,0.092
1676024872,1.012,0.096
1676024872,1.008,0.095
1676024872,1.011,0.093
1676024872,1.01,0.08
1676024872,1.009,0.096
1676024872,1.009,0.088
1676024872,1.009,0.095
1676024872,1.01,0.108
1676024872,1.011,0.091
1676024872,1.012,0.087
1676024872,1.015,0.098
1676024872,1.009,0.097
1676024872,1.008,0.092
1676024872,1.013,0.101
1676024872,1.01,0.099
1676024872,1.008,0.088
1676024872,1.009,0.095
1676024872,1.01,0.097
1676024872,1.01,0.097
1676024873,1.006,0.106
1676024873,1.011,0.102
1676024873,1.009,0.092
1676024873,1.01,0.086
1676024873,1.01,0.085
1676024873,1.012,0.097
1676024873,1.011,0.098
1676024873,1.01,0.089
1676024873,1.013,0.109
1676024873,1.011,0.094
1676024873,1.009,0.094
1676024873,1.011,0.101
1676024873,1.013,0.101
1676024873,1.009,0.095
1676024873,1.01,0.125
1676024873,1.011,0.08
1676024873,1.01,0.107
1676024873,1.012,0.093
1676024873,1.012,0.097
1676024873,1.012,0.117
1676024874,1.012,0.089
1676024874,1.011,0.101
1676024874,1.009,0.099
1676024874,1.011,0.082
1676024874,1.012,0.124
1676024874,1.009,0.126
1676024874,1.012,0.096
1676024874,1.012,0.095
1676024874,1.011,0.097
1676024874,1.008,0.064
1676024874,1.01,0.1
1676024874,1.011,0.09
1676024874,1.009,0.079
1676024874,1.013,0.105
1676024874,1.011,0.093
1676024874,1.01,0.089
1676024874,1.012,0.101
1676024874,1.008,0.085
1676024874,1.011,0.092
1676024874,1.01,0.105
1676024875,1.008,0.088
1676024875,1.009,0.111
1676024875,1.012,0.119
1676024875,1.015,0.107
1676024875,1.009,0.092
1676024875,1.01,0.096
1676024875,1.013,0.106
1676024875,1.009,0.077
1676024875,1.009,0.098
1676024875,1.007,0.113
1676024875,1.009,0.091
1676024875,1.012,0.09
1676024875,1.011,0.085
1676024875,1.006,0.097
1676024875,1.01,0.104
1676024875,1.011,0.095
1676024875,1.009,0.086
1676024875,1.011,0.108
1676024875,1.009,0.097
1676024875,1.011,0.088
1676024876,1.012,0.1
1676024876,1.007,0.116
1676024876,1.009,0.09
1676024876,1.008,0.091
1676024876,1.014,0.111
1676024876,1.013,0.121
1676024876,1.014,0.121
1676024876,1.008,0.07
1676024876,1.013,0.112
1676024876,1.01,0.088
1676024876,1.008,0.077
1676024876,1.012,0.108
1676024876,1.011,0.102
1676024876,1.01,0.097
1676024876,1.009,0.098
1676024876,1.012,0.09
1676024876,1.008,0.085
1676024876,1.011,0.072
1676024876,1.01,0.107
1676024876,1.01,0.073
1676024877,1.009,0.066
1676024877,1.01,0.112
1676024877,1.009,0.074
1676024877,1.009,0.096
1676024877,1.012,0.094
1676024877,1.01,0.084
1676024877,1.006,0.1
1676024877,1.011,0.133
1676024877,1.012,0.109
1676024877,1.011,0.097
1676024877,1.012,0.114
1676024877,1.008,0.078
1676024877,1.009,0.089
1676024877,1.011,0.114
1676024877,1.012,0.115
1676024877,1.009,0.12
1676024877,1.013,0.101
1676024877,1.008,0.106
1676024877,1.011,0.114
1676024877,1.008,0.077
1676024878,1.01,0.093
1676024878,1.011,0.102
1676024878,1.013,0.082
1676024878,1.007,0.101
1676024878,1.009,0.081
1676024878,1.012,0.105
1676024878,1.009,0.092
1676024878,1.013,0.101
1676024878,1.01,0.088
1676024878,1.01,0.092
1676024878,1.009,0.095
1676024878,1.01,0.097
1676024878,1.008,0.093
1676024878,1.011,0.093
1676024878,1.011,0.084
1676024878,1.008,0.093
1676024878,1.014,0.116
1676024878,1.008,0.081
1676024878,1.014,0.112
1676024878,1.011,0.107
1676024879,1.007,0.101
1676024879,1.008,0.099
1676024879,1.012,0.099
1676024879,1.011,0.088
1676024879,1.011,0.086
1676024879,1.011,0.102
1676024879,1.011,0.093
1676024879,1.013,0.1
1676024879,1.01,0.095
1676024879,1.013,0.093
1676024879,1.012,0.093
1676024879,1.011,0.097
1676024879,1.006,0.087
1676024879,1.009,0.095
1676024879,1.008,0.097
1676024879,1.011,0.096
1676024879,1.011,0.095
1676024879,1.011,0.093
1676024879,1.008,0.094
1676024879,1.011,0.101
1676024880,1.009,0.096
1676024880,1.012,0.094
1676024880,1.007,0.094
1676024880,1.008,0.115
1676024880,1.013,0.098
1676024880,1.01,0.095
1676024880,1.01,0.096
1676024880,1.009,0.096
1676024880,1.01,0.096
1676024880,1.01,0.097
1676024880,1.008,0.099
1676024880,1.011,0.095
1676024880,1.011,0.095
1676024880,1.013,0.096
1676024880,1.01,0.096
1676024880,1.008,0.094
1676024880,1.009,0.091
1676024880,1.01,0.096
1676024880,1.011,0.094
1676024880,1.011,0.094
1676024881,1.01,0.096
1676024881,1.011,0.097
1676024881,1.01,0.095
1676024881,1.01,0.099
1676024881,1.009,0.099
1676024881,1.008,0.096
1676024881,1.01,0.096
1676024881,1.011,0.094
1676024881,1.013,0.097
1676024881,1.01,0.094
1676024881,1.012,0.093
1676024881,1.012,0.093
1676024881,1.011,0.094
1676024881,1.009,0.094
1676024881,1.012,0.092
1676024881,1.011,0.097
1676024881,1.011,0.097
1676024881,1.011,0.096
1676024881,1.011,0.092
1676024881,1.013,0.094
1676024882,1.009,0.094
1676024882,1.011,0.093
1676024882,1.014,0.094
1676024882,1.01,0.096
1676024882,1.01,0.095
1676024882,1.005,0.093
1676024882,1.007,0.096
1676024882,1.012,0.094
1676024882,1.011,0.094
1676024882,1.011,0.095
1676024882,1.01,0.095
1676024882,1.009,0.094
1676024882,1.011,0.093
1676024882,1.009,0.097
1676024882,1.01,0.092
1676024882,1.012,0.097
1676024882,1.015,0.092
1676024882,1.012,0.096
1676024882,1.011,0.098
1676024882,1.008,0.096
1676024883,1.011,0.094
1676024883,1.01,0.095
1676024883,1.012,0.097
1676024883,1.012,0.097
1676024883,1.009,0.092
1676024883,1.01,0.098
1676024883,1.009,0.094
1676024883,1.015,0.098
1676024883,1.012,0.094
1676024883,1.014,0.097
1676024883,1.01,0.096
1676024883,1.011,0.098
1676024883,1.011,0.096
1676024883,1.007,0.097
1676024883,1.012,0.099
1676024883,1.012,0.101
1676024883,1.012,0.098
1676024883,1.01,0.097
1676024883,1.012,0.096
1676024883,1.01,0.097
1676024884,1.012,0.093
1676024884,1.01,0.103
1676024884,1.011,0.089
1676024884,1.011,0.098
1676024884,1.01,0.105
1676024884,1.011,0.092
1676024884,1.012,0.098
1676024884,1.008,0.083
1676024884,1.008,0.094
1676024884,1.008,0.098
1676024884,1.01,0.097
1676024884,1.012,0.111
1676024884,1.01,0.089
1676024884,1.01,0.091
1676024884,1.011,0.095
1676024884,1.01,0.098
1676024884,1.01,0.098
1676024884,1.01,0.115
1676024884,1.012,0.086
1676024884,1.011,0.102
1676024885,1.006,0.096
1676024885,1.01,0.099
1676024885,1.008,0.097
1676024885,1.011,0.105
1676024885,1.01,0.096
1676024885,1.006,0.1
1676024885,1.01,0.098
1676024885,1.009,0.095
1676024885,1.011,0.097
1676024885,1.009,0.098
1676024885,1.012,0.099
1676024885,1.01,0.1
1676024885,1.011,0.1
1676024885,1.01,0.095
1676024885,1.014,0.096
1676024885,1.009,0.097
1676024885,1.008,0.095
1676024885,1.007,0.099
1676024885,1.014,0.099
1676024885,1.013,0.096
1676024886,1.014,0.097
1676024886,1.013,0.098
1676024886,1.011,0.1
1676024886,1.012,0.097
1676024886,1.011,0.099
1676024886,1.011,0.097
1676024886,1.011,0.101
1676024886,1.013,0.099
1676024886,1.012,0.095
1676024886,1.01,0.1
1676024886,1.009,0.097
1676024886,1.011,0.096
1676024886,1.011,0.096
1676024886,1.016,0.097
1676024886,1.011,0.098
1676024886,1.008,0.099
1676024886,1.011,0.098
1676024886,1.008,0.098
1676024886,1.008,0.1
1676024886,1.009,0.095
1676024887,1.01,0.095
1676024887,1.012,0.095
1676024887,1.012,0.098
1676024887,1.012,0.098
1676024887,1.012,0.097
1676024887,1.013,0.097
1676024887,1.01,0.097
1676024887,1.012,0.098
1676024887,1.01,0.097
1676024887,1.011,0.102
1676024887,1.012,0.1
1676024887,1.01,0.098
1676024887,1.012,0.098
1676024887,1.008,0.098
1676024887,1.011,0.099
1676024887,1.012,0.098
1676024887,1.01,0.094
1676024887,1.01,0.099
1676024887,1.01,0.096
1676024887,1.011,0.096
1676024888,1.009,0.099
1676024888,1.011,0.095
1676024888,1.011,0.099
1676024888,1.008,0.097
1676024888,1.011,0.099
1676024888,1.014,0.096
1676024888,1.012,0.095
1676024888,1.008,0.095
1676024888,1.011,0.098
1676024888,1.011,0.098
1676024888,1.01,0.097
1676024888,1.009,0.098
1676024888,1.01,0.096
1676024888,1.01,0.097
1676024888,1.009,0.095
1676024888,1.01,0.098
1676024888,1.009,0.096
1676024888,1.009,0.095
1676024888,1.011,0.099
1676024888,1.011,0.098
1676024889,1.008,0.098
1676024889,1.01,0.1
1676024889,1.01,0.093
1676024889,1.01,0.098
1676024889,1.009,0.098
1676024889,1.013,0.1
1676024889,1.01,0.081
1676024889,1.005,0.089
1676024889,1.009,0.095
1676024889,1.009,0.101
1676024889,1.009,0.097
1676024889,1.01,0.096
1676024889,1.008,0.095
1676024889,1.011,0.101
1676024889,1.01,0.083
1676024889,1.011,0.113
1676024889,1.012,0.105
1676024889,1.011,0.098
1676024889,1.014,0.098
1676024889,1.013,0.091
1676024890,1.008,0.096
1676024890,1.01,0.103
1676024890,1.012,0.09
1676024890,1.011,0.09
1676024890,1.011,0.094
1676024890,1.005,0.093
1676024890,1.012,0.097
1676024890,1.013,0.106
1676024890,1.012,0.099
1676024890,1.012,0.094
1676024890,1.012,0.096
1676024890,1.007,0.095
1676024890,1.009,0.085
1676024890,1.012,0.1
1676024890,1.013,0.084
1676024890,1.01,0.104
1676024890,1.015,0.109
1676024890,1.01,0.099
1676024890,1.009,0.091
1676024890,1.013,0.108
1676024891,1.011,0.093
1676024891,1.009,0.103
1676024891,1.007,0.079
1676024891,1.006,0.066
1676024891,1.01,0.118
1676024891,1.009,0.096
1676024891,1.007,0.072
1676024891,1.009,0.099
1676024891,1.007,0.075
1676024891,1.009,0.08
1676024891,1.008,0.096
1676024891,1.008,0.08
1676024891,1.012,0.103
1676024891,1.01,0.103
1676024891,1.01,0.111
1676024891,1.01,0.109
1676024891,1.008,0.073
1676024891,1.007,0.088
1676024891,1.009,0.1
1676024891,1.011,0.121
1676024892,1.01,0.094
1676024892,1.009,0.071
1676024892,1.01,0.1
1676024892,1.013,0.1
1676024892,1.01,0.095
1676024892,1.012,0.116
1676024892,1.01,0.1
1676024892,1.009,0.11
1676024892,1.013,0.102
1676024892,1.013,0.097
1676024892,1.011,0.092
1676024892,1.011,0.093
1676024892,1.01,0.094
1676024892,1.008,0.092
1676024892,1.011,0.107
1676024892,1.007,0.087
1676024892,1.008,0.093
1676024892,1.011,0.099
1676024892,1.011,0.093
1676024892,1.012,0.099
1676024893,1.012,0.09
1676024893,1.011,0.108
1676024893,1.011,0.093
1676024893,1.01,0.09
1676024893,1.015,0.096
1676024893,1.014,0.098
1676024893,1.012,0.108
1676024893,1.012,0.12
1676024893,1.011,0.096
1676024893,1.011,0.083
1676024893,1.009,0.082
1676024893,1.009,0.088
1676024893,1.01,0.099
1676024893,1.007,0.091
1676024893,1.01,0.114
1676024893,1.012,0.113
1676024893,1.009,0.09
1676024893,1.008,0.083
1676024893,1.011,0.114
1676024893,1.006,0.074
1676024894,1.008,0.088
1676024894,1.013,0.107
1676024894,1.012,0.127
1676024894,1.015,0.096
1676024894,1.006,0.082
1676024894,1.01,0.092
1676024894,1.009,0.104
1676024894,1.011,0.1
1676024894,1.011,0.094
1676024894,1.011,0.124
1676024894,1.013,0.118
1676024894,1.011,0.114
1676024894,1.009,0.094
1676024894,1.013,0.135
1676024894,1.01,0.098
1676024894,1.012,0.108
1676024894,1.012,0.117
1676024894,1.007,0.049
1676024894,1.012,0.105
1676024894,1.009,0.064
1676024895,1.009,0.082
1676024895,1.008,0.092
1676024895,1.009,0.102
1676024895,1.01,0.104
1676024895,1.008,0.083
1676024895,1.019,0.173
1676024895,1.013,0.099
1676024895,1.012,0.101
1676024895,1.012,0.115
1676024895,1.007,0.094
1676024895,1.007,0.086
1676024895,1.012,0.072
1676024895,1.012,0.092
1676024895,1.011,0.085
1676024895,1.012,0.109
1676024895,1.013,0.101
1676024895,1.009,0.095
1676024895,1.011,0.078
1676024895,1.012,0.101
1676024895,1.01,0.09
1676024896,1.01,0.099
1676024896,1.009,0.104
1676024896,1.009,0.109
1676024896,1.009,0.093
1676024896,1.012,0.107
1676024896,1.01,0.108
1676024896,1.012,0.098
1676024896,1.01,0.099
1676024896,1.011,0.099
1676024896,1.008,0.094
1676024896,1.01,0.1
1676024896,1.011,0.1
1676024896,1.009,0.096
1676024896,1.014,0.1
1676024896,1.012,0.094
1676024896,1.009,0.1
1676024896,1.012,0.092
1676024896,1.009,0.097
1676024896,1.01,0.096
1676024896,1.011,0.096
1676024897,1.01,0.095
1676024897,1.009,0.095
1676024897,1.013,0.096
1676024897,1.008,0.1
1676024897,1.009,0.097
1676024897,1.01,0.098
1676024897,1.009,0.098
1676024897,1.011,0.099
1676024897,1.008,0.097
1676024897,1.01,0.096
1676024897,1.012,0.097
1676024897,1.008,0.1
1676024897,1.008,0.095
1676024897,1.008,0.097
1676024897,1.011,0.098
1676024897,1.007,0.099
1676024897,1.01,0.097
1676024897,1.005,0.096
1676024897,1.011,0.098
1676024897,1.009,0.097
1676024898,1.012,0.099
1676024898,1.015,0.096
1676024898,1.014,0.095
1676024898,1.01,0.097
1676024898,1.013,0.099
1676024898,1.008,0.099
1676024898,1.01,0.099
1676024898,1.012,0.098
1676024898,1.01,0.095
1676024898,1.009,0.097
1676024898,1.011,0.096
1676024898,1.008,0.097
1676024898,1.012,0.096
1676024898,1.009,0.097
1676024898,1.011,0.098
1676024898,1.006,0.1
1676024898,1.011,0.098
1676024898,1.009,0.1
1676024898,1.007,0.099
1676024898,1.012,0.097
1676024899,1.008,0.096
1676024899,1.01,0.095
1676024899,1.008,0.099
1676024899,1.011,0.097
1676024899,1.01,0.095
1676024899,1.009,0.101
1676024899,1.01,0.096
1676024899,1.012,0.096
1676024899,1.009,0.097
1676024899,1.009,0.095
1676024899,1.01,0.097
1676024899,1.008,0.102
1676024899,1.011,0.099
1676024899,1.012,0.096
1676024899,1.008,0.097
1676024899,1.011,0.1
1676024899,1.01,0.096
1676024899,1.011,0.098
1676024899,1.012,0.097
1676024899,1.011,0.096
1676024900,1.01,0.096
1676024900,1.01,0.097
1676024900,1.014,0.098
1676024900,1.011,0.1
1676024900,1.014,0.095
1676024900,1.012,0.096
1676024900,1.722,0.094
1676024900,2.444,0.097
1676024900,2.445,0.094
1676024900,2.448,0.097
1676024900,2.447,0.096
1676024900,2.444,0.097
1676024900,2.444,0.095
1676024900,2.445,0.096
1676024900,2.443,0.095
1676024900,2.442,0.098
1676024900,2.445,0.093
1676024900,2.446,0.097
1676024900,2.442,0.093
1676024900,2.447,0.097
1676024901,1.295,0.096
1676024901,1.006,0.097
1676024901,1.012,0.099
1676024901,1.01,0.097
1676024901,1.01,0.098
1676024901,1.014,0.091
1676024901,1.009,5.709
1676024901,1.009,8.158
1676024901,1.008,8.156
1676024901,1.009,8.151
1676024901,1.011,8.144
1676024901,1.01,8.141
1676024901,1.01,8.15
1676024901,1.01,8.157
1676024901,1.01,8.16
1676024901,1.01,8.107
1676024901,1.007,8.101
1676024901,1.007,8.147
1676024901,1.009,5.376
1676024901,1.008,0.097
1676024902,1.009,0.093
1676024902,1.01,0.095
1676024902,1.008,0.096
1676024902,1.012,0.1
1676024902,1.01,0.097
1676024902,1.006,0.1
1676024902,1.011,0.096
1676024902,1.012,0.094
1676024902,1.011,0.096
1676024902,1.011,0.11
1676024902,1.011,0.096
1676024902,1.009,0.099
1676024902,1.008,0.097
1676024902,1.011,0.099
1676024902,1.012,0.095
1676024902,1.011,0.098
1676024902,1.011,0.094
1676024902,1.01,0.096
1676024902,1.012,0.097
1676024902,1.009,0.098
1676024903,1.009,0.097
1676024903,1.015,0.097
1676024903,1.011,0.097
1676024903,1.012,0.097
1676024903,1.01,0.1
1676024903,1.01,0.094
1676024903,1.008,0.098
1676024903,1.011,0.095
1676024903,1.008,0.095
1676024903,1.01,0.099
1676024903,1.006,0.095
1676024903,1.012,0.099
1676024903,1.008,0.097
1676024903,1.008,0.099
1676024903,1.01,0.097
1676024903,1.009,0.097
1676024903,1.008,0.097
1676024903,1.01,0.099
1676024903,1.011,0.096
1676024903,1.012,0.099
1676024904,1.008,0.097
1676024904,1.011,0.098
1676024904,1.011,0.098
1676024904,1.01,0.095
1676024904,1.008,0.097
1676024904,1.011,0.098
1676024904,1.012,0.099
1676024904,1.012,0.095
1676024904,1.007,0.098
1676024904,1.011,0.099
1676024904,1.009,0.094
1676024904,1.01,0.097
1676024904,1.013,0.097
1676024904,1.013,0.097
1676024904,1.013,0.098
1676024904,1.007,0.096
1676024904,1.008,0.094
1676024904,1.01,0.095
1676024904,1.004,0.098
1676024904,1.012,0.099
1676024905,1.01,0.096
1676024905,1.012,0.098
1676024905,1.009,0.096
1676024905,1.008,0.101
1676024905,1.01,0.094
1676024905,1.01,0.099
1676024905,1.01,0.099
1676024905,1.009,0.099
1676024905,1.01,0.094
1676024905,1.01,0.097
1676024905,1.011,0.094
1676024905,1.007,0.095
1676024905,1.01,0.094
1676024905,1.011,0.097
1676024905,1.01,0.097
1676024905,1.009,0.096
1676024905,1.012,0.099
1676024905,1.012,0.094
1676024905,1.012,0.099
1676024905,1.01,0.099
1676024906,1.011,0.098
1676024906,1.009,0.099
1676024906,1.01,0.096
1676024906,1.008,0.1
1676024906,1.009,0.097
1676024906,1.007,0.097
1676024906,1.011,0.098
1676024906,1.011,0.097
1676024906,1.012,0.098
1676024906,1.011,0.098
1676024906,1.011,0.095
1676024906,1.011,0.098
1676024906,1.008,0.095
1676024906,1.009,0.097
1676024906,1.006,0.098
1676024906,1.015,0.099
1676024906,1.009,0.094
1676024906,1.012,0.095
1676024906,1.008,0.109
1676024906,1.012,0.106
1676024907,1.008,0.096
1676024907,1.01,0.09
1676024907,1.013,0.118
1676024907,1.01,0.089
1676024907,1.036,0.098
1676024907,2.445,0.096
1676024907,2.445,0.105
1676024907,2.443,0.092
1676024907,2.446,0.086
1676024907,2.443,0.109
1676024907,2.447,0.116
1676024907,2.447,0.107
1676024907,2.445,0.091
1676024907,2.444,0.09
1676024907,2.443,0.086
1676024907,2.444,0.097
1676024907,2.446,0.1
1676024907,2.445,0.093
1676024907,2.444,0.116
1676024907,1.154,0.107
1676024908,1.011,0.098
1676024908,1.018,0.08
1676024908,1.009,0.092
1676024908,1.009,0.101
1676024908,1.011,1.955
1676024908,1.007,7.538
1676024908,1.011,7.533
1676024908,1.011,7.525
1676024908,1.01,7.533
1676024908,1.006,7.553
1676024908,1.007,7.655
1676024908,1.009,7.688
1676024908,1.009,7.967
1676024908,1.006,8.142
1676024908,1.007,8.158
1676024908,1.009,8.154
1676024908,1.011,8.139
1676024908,1.006,5.258
1676024908,1.009,0.095
1676024908,1.007,0.083
1676024909,1.009,0.067
1676024909,1.008,0.098
1676024909,1.01,0.068
1676024909,1.008,0.101
1676024909,1.008,0.083
1676024909,1.011,0.11
1676024909,1.008,0.076
1676024909,1.01,0.108
1676024909,1.814,0.069
1676024909,2.446,0.102
1676024909,2.448,0.097
1676024909,2.444,0.083
1676024909,2.445,0.097
1676024909,2.446,0.08
1676024909,2.443,0.092
1676024909,2.442,0.113
1676024909,2.443,0.078
1676024909,2.446,0.106
1676024909,2.445,0.113
1676024909,2.446,0.125
1676024910,2.444,0.098
1676024910,2.444,0.099
1676024910,2.449,0.071
1676024910,1.009,0.083
1676024910,1.008,0.088
1676024910,1.011,0.076
1676024910,1.01,0.109
1676024910,1.007,0.076
1676024910,1.013,0.276
1676024910,1.011,0.108
1676024910,1.008,0.095
1676024910,1.009,0.084
1676024910,1.011,0.053
1676024910,1.006,0.083
1676024910,1.008,0.092
1676024910,1.015,0.112
1676024910,1.005,0.076
1676024910,1.011,0.094
1676024910,1.013,0.121
1676024910,1.012,0.116
1676024911,1.012,0.104
1676024911,1.012,0.118
1676024911,1.014,0.132
1676024911,1.007,0.087
1676024911,1.01,0.088
1676024911,1.016,0.105
1676024911,1.007,0.077
1676024911,1.012,0.135
1676024911,1.009,0.103
1676024911,1.008,0.101
1676024911,1.007,0.094
1676024911,1.01,0.106
1676024911,1.008,0.103
1676024911,1.011,0.109
1676024911,1.011,0.108
1676024911,1.01,0.108
1676024911,1.01,0.117
1676024911,1.009,0.075
1676024911,1.009,0.096
1676024911,1.008,0.06
1676024912,1.01,0.107
1676024912,1.009,0.062
1676024912,1.004,0.058
1676024912,1.017,0.073
1676024912,1.009,0.095
1676024912,1.01,0.117
1676024912,1.013,0.113
1676024912,1.01,0.085
1676024912,1.01,0.094
1676024912,1.011,0.106
1676024912,1.009,0.088
1676024912,1.009,0.102
1676024912,1.01,0.096
1676024912,1.011,0.09
1676024912,1.009,0.096
1676024912,1.012,0.106
1676024912,1.01,0.075
1676024912,1.016,0.11
1676024912,1.011,0.099
1676024912,1.008,0.101
1676024913,1.011,0.092
1676024913,1.012,0.097
1676024913,1.01,0.09
1676024913,1.013,0.1
1676024913,1.011,0.1
1676024913,1.012,0.111
1676024913,1.013,0.094
1676024913,1.011,0.097
1676024913,1.013,0.091
1676024913,1.009,0.105
1676024913,1.01,0.099
1676024913,1.011,0.084
1676024913,1.008,0.097
1676024913,1.01,0.091
1676024913,1.009,0.089
1676024913,1.009,0.098
1676024913,1.009,0.093
1676024913,1.008,0.1
1676024913,1.008,0.102
1676024913,1.009,0.098
1676024914,1.01,0.098
1676024914,1.01,0.092
1676024914,1.009,0.095
1676024914,1.012,0.097
1676024914,1.008,0.093
1676024914,1.01,0.095
1676024914,1.01,0.091
1676024914,1.011,0.098
1676024914,1.007,0.095
1676024914,1.008,0.097
1676024914,1.009,0.096
1676024914,1.008,0.098
1676024914,1.009,0.095
1676024914,1.007,0.098
1676024914,1.01,0.095
1676024914,1.011,0.096
1676024914,1.015,0.09
1676024914,1.012,0.098
1676024914,1.011,0.096
1676024914,1.01,0.094
1676024915,1.006,0.096
1676024915,1.013,0.096
1676024915,1.01,0.094
1676024915,1.01,0.099
1676024915,1.012,0.094
1676024915,1.011,0.096
1676024915,1.007,0.093
1676024915,1.011,0.099
1676024915,1.01,0.094
1676024915,1.011,0.094
1676024915,1.009,0.095
1676024915,1.012,0.098
1676024915,1.013,0.098
1676024915,1.009,0.096
1676024915,1.009,0.092
1676024915,1.012,0.095
1676024915,1.01,0.097
1676024915,1.009,0.093
1676024915,1.009,0.093
1676024915,1.007,0.097
1676024916,1.01,0.093
1676024916,1.009,0.096
1676024916,1.01,0.094
1676024916,1.012,0.094
1676024916,1.008,0.096
1676024916,1.011,0.096
1676024916,1.01,0.095
1676024916,1.011,0.093
1676024916,1.009,0.099
1676024916,1.011,0.096
1676024916,1.007,0.094
1676024916,1.011,0.097
1676024916,1.011,0.093
1676024916,1.012,0.095
1676024916,1.011,0.095
1676024916,1.011,0.094
1676024916,1.009,0.094
1676024916,1.013,0.095
1676024916,1.012,0.096
1676024916,1.01,0.094
1676024917,1.01,0.095
1676024917,1.011,0.096
1676024917,1.014,0.095
1676024917,1.009,0.098
1676024917,1.011,0.096
1676024917,1.009,0.104
1676024917,1.012,0.096
1676024917,1.01,0.096
1676024917,1.011,0.095
1676024917,1.009,0.099
1676024917,1.009,0.097
1676024917,1.012,0.097
1676024917,1.01,0.095
1676024917,1.009,0.094
1676024917,1.009,0.096
1676024917,1.011,0.096
1676024917,1.011,0.096
1676024917,1.009,0.097
1676024917,1.011,0.097
1676024917,1.011,0.098
1676024918,1.012,0.095
1676024918,1.011,0.096
1676024918,1.01,0.095
1676024918,1.014,0.099
1676024918,1.008,0.096
1676024918,1.009,0.098
1676024918,1.008,0.096
1676024918,1.011,0.096
1676024918,1.008,0.095
1676024918,1.01,0.1
1676024918,1.008,0.095
1676024918,1.008,0.1
1676024918,1.007,0.1
1676024918,1.011,0.099
1676024918,1.008,0.094
1676024918,1.01,0.109
1676024918,1.008,0.09
1676024918,1.012,0.101
1676024918,1.008,0.098
1676024918,1.01,0.104
1676024919,1.012,0.093
1676024919,1.018,0.103
1676024919,1.013,0.097
1676024919,1.011,0.089
1676024919,1.013,0.104
1676024919,1.009,0.091
1676024919,1.011,0.103
1676024919,1.01,0.099
1676024919,1.006,0.108
1676024919,1.009,0.095
1676024919,1.008,0.097
1676024919,1.009,0.096
1676024919,1.012,0.1
1676024919,1.013,0.097
1676024919,1.012,0.095
1676024919,1.011,0.098
1676024919,1.013,0.094
1676024919,1.01,0.095
1676024919,1.012,0.097
1676024919,1.012,0.098
1676024920,1.009,0.096
1676024920,1.012,0.098
1676024920,1.011,0.098
1676024920,1.009,0.098
1676024920,1.01,0.097
1676024920,1.01,0.099
1676024920,1.009,0.096
1676024920,1.007,0.096
1676024920,1.012,0.099
1676024920,1.006,0.1
1676024920,1.009,0.099
1676024920,1.011,0.102
1676024920,1.013,0.097
1676024920,1.012,0.097
1676024920,1.012,0.094
1676024920,1.01,0.098
1676024920,1.011,0.098
1676024920,1.009,0.097
1676024920,1.007,0.099
1676024920,1.01,0.096
1676024921,1.011,0.097
1676024921,1.011,0.1
1676024921,1.009,0.095
1676024921,1.01,0.096
1676024921,1.011,0.097
1676024921,1.012,0.099
1676024921,1.012,0.101
1676024921,1.01,0.1
1676024921,1.009,0.099
1676024921,1.01,0.098
1676024921,1.012,0.099
1676024921,1.009,0.101
1676024921,1.013,0.098
1676024921,1.005,0.099
1676024921,1.011,0.098
1676024921,1.009,0.1
1676024921,1.01,0.097
1676024921,1.01,0.097
1676024921,1.011,0.097
1676024921,1.009,0.099
1676024922,1.012,0.098
1676024922,1.011,0.093
1676024922,1.01,0.093
1676024922,1.012,0.099
1676024922,1.011,0.096
1676024922,1.01,0.099
1676024922,1.009,0.096
1676024922,1.009,0.095
1676024922,1.008,0.097
1676024922,1.011,0.096
1676024922,1.012,0.096
1676024922,1.008,0.095
1676024922,1.013,0.094
1676024922,1.013,0.099
1676024922,1.012,0.097
1676024922,1.011,0.096
1676024922,1.009,0.096
1676024922,1.009,0.098
1676024922,1.01,0.093
1676024922,1.01,0.097
1676024923,1.012,0.097
1676024923,1.012,0.097
1676024923,1.012,0.095
1676024923,1.014,0.089
1676024923,1.01,0.097
1676024923,1.012,0.097
1676024923,1.01,0.098
1676024923,1.011,0.098
1676024923,1.013,0.097
1676024923,1.008,0.1
1676024923,1.012,0.098
1676024923,1.011,0.099
1676024923,1.01,0.098
1676024923,1.014,0.1
1676024923,1.013,0.098
1676024923,1.01,0.101
1676024923,1.009,0.095
1676024923,1.009,0.096
1676024923,1.012,0.096
1676024923,1.007,0.097
1676024924,1.01,0.097
1676024924,1.009,0.097
1676024924,1.011,0.1
1676024924,1.006,0.086
1676024924,1.014,0.09
1676024924,1.009,0.104
1676024924,1.01,0.096
1676024924,1.011,0.097
1676024924,1.012,0.104
1676024924,1.012,0.086
1676024924,1.011,0.096
1676024924,1.01,0.09
1676024924,1.011,0.097
1676024924,1.01,0.091
1676024924,1.009,0.091
1676024924,1.01,0.088
1676024924,1.009,0.097
1676024924,1.009,0.098
1676024924,1.011,0.083
1676024924,1.011,0.096
1676024925,1.008,0.081
1676024925,1.008,0.091
1676024925,1.014,0.093
1676024925,1.012,0.094
1676024925,1.006,0.073
1676024925,1.011,0.105
1676024925,1.013,0.101
1676024925,1.012,0.085
1676024925,1.01,0.083
1676024925,1.009,0.097
1676024925,1.01,0.092
1676024925,1.01,0.093
1676024925,1.012,0.088
1676024925,1.011,0.108
1676024925,1.014,0.101
1676024925,1.01,0.09
1676024925,1.012,0.095
1676024925,1.009,0.078
1676024925,1.011,0.11
1676024925,1.012,0.101
1676024926,1.012,0.079
1676024926,1.009,0.096
1676024926,1.011,0.098
1676024926,1.01,0.087
1676024926,1.008,0.073
1676024926,1.008,0.074
1676024926,1.012,0.107
1676024926,1.011,0.104
1676024926,1.009,0.102
1676024926,1.012,0.093
1676024926,1.013,0.096
1676024926,1.013,0.086
1676024926,1.012,0.109
1676024926,1.01,0.072
1676024926,1.012,0.103
1676024926,1.012,0.091
1676024926,1.01,0.085
1676024926,1.017,0.112
1676024926,1.011,0.089
1676024926,1.009,0.104
1676024927,1.007,0.096
1676024927,1.01,0.094
1676024927,1.013,0.119
1676024927,1.012,0.116
1676024927,1.01,0.076
1676024927,1.017,0.093
1676024927,1.008,0.079
1676024927,1.012,0.091
1676024927,1.012,0.099
1676024927,1.008,0.082
1676024927,1.006,0.075
1676024927,1.013,0.095
1676024927,1.011,0.076
1676024927,1.01,0.101
1676024927,1.012,0.093
1676024927,1.008,0.083
1676024927,1.01,0.079
1676024927,1.013,0.085
1676024927,1.012,0.094
1676024927,1.007,0.094
1676024928,1.01,0.091
1676024928,1.007,0.082
1676024928,1.012,0.107
1676024928,1.01,0.118
1676024928,1.012,0.087
1676024928,1.011,0.116
1676024928,1.014,0.124
1676024928,1.009,0.084
1676024928,1.009,0.092
1676024928,1.01,0.093
1676024928,1.009,0.088
1676024928,1.012,0.076
1676024928,1.011,0.105
1676024928,1.008,0.091
1676024928,1.009,0.099
1676024928,1.009,0.069
1676024928,1.01,0.084
1676024928,1.007,0.101
1676024928,1.011,0.081
1676024928,1.008,0.084
1676024929,1.006,0.085
1676024929,1.011,0.114
1676024929,1.008,0.084
1676024929,1.009,0.079
1676024929,1.01,0.082
1676024929,1.009,0.115
1676024929,1.009,0.096
1676024929,1.009,0.084
1676024929,1.008,0.096
1676024929,1.012,0.112
1676024929,1.013,0.105
1676024929,1.012,0.104
1676024929,1.012,0.1
1676024929,1.011,0.097
1676024929,1.014,0.116
1676024929,1.014,0.123
1676024929,1.011,0.091
1676024929,1.01,0.1
1676024929,1.011,0.105
1676024929,1.012,0.093
1676024930,1.01,0.084
1676024930,1.012,0.102
1676024930,1.01,0.091
1676024930,1.012,0.091
1676024930,1.012,0.104
1676024930,1.012,0.085
1676024930,1.014,0.102
1676024930,1.012,0.102
1676024930,1.013,0.098
1676024930,1.013,0.089
1676024930,1.015,0.114
1676024930,1.012,0.091
1676024930,1.01,0.081
1676024930,1.012,0.084
1676024930,1.012,0.103
1676024930,1.007,0.085
1676024930,1.012,0.095
1676024930,1.011,0.098
1676024930,1.01,0.092
1676024930,1.013,0.1
1676024931,1.011,0.093
1676024931,1.008,0.104
1676024931,1.009,0.103
1676024931,1.01,0.102
1676024931,1.009,0.097
1676024931,1.013,0.099
1676024931,1.011,0.092
1676024931,1.009,0.102
1676024931,1.011,0.099
1676024931,1.011,0.093
1676024931,1.008,0.098
1676024931,1.009,0.096
1676024931,1.01,0.095
1676024931,1.012,0.098
1676024931,1.008,0.1
1676024931,1.012,0.097
1676024931,1.012,0.096
1676024931,1.011,0.095
1676024931,1.008,0.097
1676024931,1.011,0.097
1676024932,1.01,0.098
1676024932,1.011,0.095
1676024932,1.011,0.094
1676024932,1.012,0.097
1676024932,1.013,0.099
1676024932,1.009,0.096
1676024932,1.01,0.1
1676024932,1.008,0.095
1676024932,1.01,0.099
1676024932,1.012,0.095
1676024932,1.013,0.094
1676024932,1.008,0.095
1676024932,1.011,0.095
1676024932,1.013,0.096
1676024932,1.012,0.097
1676024932,1.01,0.099
1676024932,1.008,0.096
1676024932,1.014,0.096
1676024932,1.01,0.096
1676024932,1.013,0.097
1676024933,1.012,0.095
1676024933,1.012,0.095
1676024933,1.009,0.095
1676024933,1.01,0.095
1676024933,1.014,0.099
1676024933,1.008,0.096
1676024933,1.011,0.094
1676024933,1.012,0.097
1676024933,1.01,0.094
1676024933,1.008,0.097
1676024933,1.009,0.096
1676024933,1.011,0.096
1676024933,1.011,0.094
1676024933,1.012,0.1
1676024933,1.01,0.096
1676024933,1.014,0.095
1676024933,1.01,0.095
1676024933,1.009,0.094
1676024933,1.012,0.097
1676024933,1.01,0.095
1676024934,1.012,0.096
1676024934,1.012,0.095
1676024934,1.012,0.099
1676024934,1.014,0.097
1676024934,1.012,0.097
1676024934,1.01,0.097
1676024934,1.011,0.096
1676024934,1.01,0.1
1676024934,1.01,0.095
1676024934,1.007,0.099
1676024934,1.011,0.098
1676024934,1.011,0.096
1676024934,1.01,0.096
1676024934,1.011,0.1
1676024934,1.009,0.094
1676024934,1.011,0.095
1676024934,1.011,0.094
1676024934,1.011,0.096
1676024934,1.008,0.094
1676024934,1.011,0.094
1676024935,1.011,0.095
1676024935,1.011,0.094
1676024935,1.013,0.097
1676024935,1.008,0.096
1676024935,1.016,0.098
1676024935,1.007,0.098
1676024935,1.008,0.097
1676024935,1.01,0.095
1676024935,1.011,0.096
1676024935,1.012,0.094
1676024935,1.013,0.097
1676024935,1.008,0.095
1676024935,1.01,0.096
1676024935,1.011,0.101
1676024935,1.009,0.099
1676024935,1.013,0.097
1676024935,1.012,0.097
1676024935,1.011,0.095
1676024935,1.012,0.099
1676024935,1.008,0.097
1676024936,1.013,0.095
1676024936,1.011,0.097
1676024936,1.009,0.1
1676024936,1.009,0.099
1676024936,1.008,0.095
1676024936,1.008,0.096
1676024936,1.013,0.095
1676024936,1.011,0.096
1676024936,1.009,0.102
1676024936,1.012,0.095
1676024936,1.007,0.099
1676024936,1.008,0.1
1676024936,1.009,0.097
1676024936,1.011,0.096
1676024936,1.011,0.096
1676024936,1.009,0.096
1676024936,1.009,0.096
1676024936,1.009,0.096
1676024936,1.01,0.095
1676024936,1.011,0.094
1676024937,1.01,0.095
1676024937,1.01,0.099
1676024937,1.01,0.095
1676024937,1.008,0.1
1676024937,1.011,0.096
1676024937,1.011,0.099
1676024937,1.008,0.099
1676024937,1.011,0.096
1676024937,1.01,0.098
1676024937,1.011,0.097
1676024937,1.012,0.097
1676024937,1.01,0.095
1676024937,1.011,0.095
1676024937,1.012,0.096
1676024937,1.011,0.092
1676024937,1.01,0.098
1676024937,1.011,0.092
1676024937,1.009,0.096
1676024937,1.012,0.097
1676024937,1.012,0.098
1676024938,1.009,0.093
1676024938,1.012,0.093
1676024938,1.011,0.093
1676024938,1.013,0.097
1676024938,1.008,0.095
1676024938,1.007,0.101
1676024938,1.01,0.097
1676024938,1.016,0.096
1676024938,1.011,0.096
1676024938,1.011,0.098
1676024938,1.01,0.096
1676024938,1.01,0.096
1676024938,1.013,0.098
1676024938,1.012,0.093
1676024938,1.009,0.096
1676024938,1.012,0.095
1676024938,1.011,0.098
1676024938,1.011,0.096
1676024938,1.009,0.098
1676024938,1.011,0.094
1676024939,1.015,0.097
1676024939,1.012,0.094
1676024939,1.013,0.097
1676024939,1.013,0.095
1676024939,1.01,0.097
1676024939,1.012,0.096
1676024939,1.01,0.096
1676024939,1.016,0.097
1676024939,1.012,0.096
1676024939,1.012,0.097
1676024939,1.013,0.099
1676024939,1.013,0.096
1676024939,1.01,0.099
1676024939,1.009,0.096
1676024939,1.009,0.1
1676024939,1.013,0.098
1676024939,1.01,0.095
1676024939,1.01,0.098
1676024939,1.01,0.096
1676024939,1.012,0.096
1676024940,1.011,0.097
1676024940,1.009,0.079
1676024940,1.011,0.095
1676024940,1.013,0.094
1676024940,1.009,0.099
1676024940,1.007,0.096
1676024940,1.01,0.097
1676024940,1.012,0.099
1676024940,1.013,0.096
1676024940,1.01,0.095
1676024940,1.012,0.098
1676024940,1.01,0.096
1676024940,1.006,0.095
1676024940,1.01,0.092
1676024940,1.008,0.096
1676024940,1.01,0.096
1676024940,1.012,0.098
1676024940,1.008,0.095
1676024940,1.013,0.096
1676024940,1.011,0.096
1676024941,1.012,0.095
1676024941,1.015,0.091
1676024941,1.012,0.098
1676024941,1.007,0.1
1676024941,1.01,0.097
1676024941,1.012,0.098
1676024941,1.011,0.094
1676024941,1.007,0.106
1676024941,1.01,0.097
1676024941,1.009,0.1
1676024941,1.009,0.1
1676024941,1.008,0.102
1676024941,1.013,0.099
1676024941,1.013,0.098
1676024941,1.012,0.1
1676024941,1.008,0.095
1676024941,1.012,0.09
1676024941,1.01,0.098
1676024941,1.011,0.091
1676024941,1.013,0.098
1676024942,1.013,0.112
1676024942,1.009,0.09
1676024942,1.01,0.099
1676024942,1.013,0.12
1676024942,1.009,0.106
1676024942,1.009,0.088
1676024942,1.01,0.083
1676024942,1.011,0.097
1676024942,1.01,0.1
1676024942,1.009,0.092
1676024942,1.009,0.091
1676024942,1.009,0.087
1676024942,1.012,0.103
1676024942,1.01,0.084
1676024942,1.01,0.079
1676024942,1.01,0.098
1676024942,1.012,0.101
1676024942,1.013,0.094
1676024942,1.009,0.083
1676024942,1.009,0.081
1676024943,1.011,0.092
1676024943,1.013,0.114
1676024943,1.012,0.096
1676024943,1.01,0.101
1676024943,1.005,0.071
1676024943,1.011,0.105
1676024943,1.012,0.108
1676024943,1.011,0.094
1676024943,1.011,0.11
1676024943,1.012,0.098
1676024943,1.011,0.09
1676024943,1.014,0.09
1676024943,1.013,0.085
1676024943,1.011,0.097
1676024943,1.008,0.071
1676024943,1.014,0.095
1676024943,1.011,0.089
1676024943,1.012,0.106
1676024943,1.011,0.12
1676024943,1.013,0.133
1676024944,1.009,0.109
1676024944,1.01,0.107
1676024944,1.011,0.098
1676024944,1.032,-0.081
1676024944,1.013,0.098
1676024944,1.006,0.078
1676024944,1.011,0.096
1676024944,1.012,0.097
1676024944,1.012,0.119
1676024944,1.01,0.091
1676024944,1.012,0.101
1676024944,1.016,0.119
1676024944,1.011,0.082
1676024944,1.01,0.107
1676024944,1.01,0.105
1676024944,1.01,0.065
1676024944,1.012,0.098
1676024944,1.01,0.083
1676024944,1.011,0.1
1676024944,1.011,0.091
1676024945,1.012,0.115
1676024945,1.009,0.085
1676024945,1.01,0.103
1676024945,1.012,0.116
1676024945,1.01,0.09
1676024945,1.009,0.103
1676024945,1.008,0.068
1676024945,1.01,0.083
1676024945,1.012,0.095
1676024945,1.007,0.083
1676024945,1.009,0.1
1676024945,1.007,0.107
1676024945,1.012,0.107
1676024945,1.007,0.107
1676024945,1.009,0.092
1676024945,1.01,0.105
1676024945,1.009,0.093
1676024945,1.008,0.078
1676024945,1.01,0.079
1676024945,1.009,0.086
1676024946,1.012,0.115
1676024946,1.009,0.08
1676024946,1.013,0.107
1676024946,1.007,0.085
1676024946,1.009,0.102
1676024946,1.009,0.113
1676024946,1.013,0.139
1676024946,1.009,0.093
1676024946,1.008,0.11
1676024946,1.007,0.096
1676024946,1.008,0.088
1676024946,1.01,0.135
1676024946,1.007,0.111
1676024946,1.011,0.115
1676024946,1.013,0.124
1676024946,1.01,0.108
1676024946,1.009,0.091
1676024946,1.01,0.112
1676024946,1.012,0.1
1676024946,1.015,0.136
1676024947,1.009,0.088
1676024947,1.009,0.096
1676024947,1.013,0.113
1676024947,1.008,0.083
1676024947,1.01,0.109
1676024947,1.01,0.089
1676024947,1.012,0.103
1676024947,1.012,0.088
1676024947,1.011,0.092
1676024947,1.011,0.097
1676024947,1.01,0.089
1676024947,1.009,0.097
1676024947,1.011,0.118
1676024947,1.012,0.107
1676024947,1.011,0.093
1676024947,1.012,0.105
1676024947,1.009,0.078
1676024947,1.007,0.089
1676024947,1.011,0.106
1676024947,1.011,0.093
1676024948,1.011,0.105
1676024948,1.006,0.092
1676024948,1.01,0.087
1676024948,1.01,0.088
1676024948,1.008,0.111
1676024948,1.011,0.096
1676024948,1.01,0.096
1676024948,1.012,0.098
1676024948,1.012,0.095
1676024948,1.009,0.097
1676024948,1.012,0.099
1676024948,1.009,0.103
1676024948,1.012,0.102
1676024948,1.011,0.099
1676024948,1.012,0.097
1676024948,1.012,0.095
1676024948,1.01,0.099
1676024948,1.012,0.095
1676024948,1.008,0.095
1676024948,1.013,0.096
1676024949,1.012,0.095
1676024949,1.01,0.098
1676024949,1.008,0.093
1676024949,1.007,0.095
1676024949,1.009,0.094
1676024949,1.012,0.099
1676024949,1.007,0.096
1676024949,1.014,0.094
1676024949,1.013,0.097
1676024949,1.012,0.097
1676024949,1.01,0.093
1676024949,1.011,0.099
1676024949,1.012,0.096
1676024949,1.008,0.093
1676024949,1.01,0.095
1676024949,1.016,0.094
1676024949,1.01,0.096
1676024949,1.009,0.091
1676024949,1.011,0.098
1676024949,1.009,0.098
1676024950,1.012,0.093
1676024950,1.009,0.095
1676024950,1.01,0.094
1676024950,1.011,0.099
1676024950,1.012,0.094
1676024950,1.012,0.095
1676024950,1.007,0.095
1676024950,1.01,0.099
1676024950,1.01,0.096
1676024950,1.01,0.097
1676024950,1.008,0.093
1676024950,1.009,0.095
1676024950,1.013,0.099
1676024950,1.016,0.096
1676024950,1.012,0.101
1676024950,1.013,0.096
1676024950,1.01,0.098
1676024950,1.013,0.098
1676024950,1.012,0.097
1676024950,1.008,0.096
1676024951,1.01,0.097
1676024951,1.007,0.095
1676024951,1.012,0.094
1676024951,1.011,0.098
1676024951,1.011,0.095
1676024951,1.012,0.098
1676024951,1.012,0.094
1676024951,1.009,0.097
1676024951,1.012,0.095
1676024951,1.01,0.093
1676024951,1.012,0.094
1676024951,1.011,0.094
1676024951,1.009,0.094
1676024951,1.009,0.094
1676024951,1.01,0.094
1676024951,1.011,0.095
1676024951,1.009,0.095
1676024951,1.012,0.095
1676024951,1.012,0.095
1676024951,1.012,0.095
1676024952,1.01,0.093
1676024952,1.009,0.097
1676024952,1.01,0.1
1676024952,1.013,0.096
1676024952,1.008,0.097
1676024952,1.012,0.094
1676024952,1.012,0.095
1676024952,1.011,0.094
1676024952,1.011,0.095
1676024952,1.011,0.099
1676024952,1.007,0.097
1676024952,1.01,0.096
1676024952,1.013,0.095
1676024952,1.011,0.097
1676024952,1.009,0.095
1676024952,1.011,0.096
1676024952,1.013,0.097
1676024952,1.009,0.092
1676024952,1.013,0.094
1676024952,1.01,0.096
1676024953,1.009,0.095
1676024953,1.007,0.095
1676024953,1.013,0.091
1676024953,1.011,0.095
1676024953,1.01,0.1
1676024953,1.007,0.095
1676024953,1.012,0.092
1676024953,1.008,0.096
1676024953,1.015,0.116
1676024953,1.01,0.076
1676024953,1.008,0.094
1676024953,1.01,0.09
1676024953,1.009,0.094
1676024953,1.011,0.109
1676024953,1.011,0.085
1676024953,1.012,0.125
1676024953,1.008,0.094
1676024953,1.01,0.108
1676024953,1.008,0.085
1676024953,1.011,0.105
1676024954,1.009,0.095
1676024954,1.007,0.102
1676024954,1.012,0.094
1676024954,1.01,0.1
1676024954,1.011,0.094
1676024954,1.01,0.093
1676024954,1.011,0.094
1676024954,1.008,0.095
1676024954,1.009,0.093
1676024954,1.011,0.093
1676024954,1.012,0.098
1676024954,1.008,0.095
1676024954,1.012,0.099
1676024954,1.011,0.097
1676024954,1.01,0.095
1676024954,1.008,0.101
1676024954,1.011,0.096
1676024954,1.013,0.096
1676024954,1.013,0.096
1676024954,1.009,0.101
1676024955,1.008,0.099
1676024955,1.008,0.093
1676024955,1.012,0.095
1676024955,1.009,0.094
1676024955,1.009,0.097
1676024955,1.007,0.097
1676024955,1.01,0.097
1676024955,1.007,0.098
1676024955,1.013,0.098
1676024955,1.01,0.095
1676024955,1.012,0.093
1676024955,1.009,0.096
1676024955,1.007,0.094
1676024955,1.007,0.097
1676024955,1.01,0.096
1676024955,1.009,0.095
1676024955,1.008,0.095
1676024955,1.01,0.096
1676024955,1.01,0.095
1676024955,1.01,0.093
1676024956,1.01,0.093
1676024956,1.008,0.093
1676024956,1.009,0.097
1676024956,1.012,0.094
1676024956,1.009,0.095
1676024956,1.009,0.096
1676024956,1.01,0.098
1676024956,1.01,0.096
1676024956,1.01,0.092
1676024956,1.01,0.093
1676024956,1.008,0.096
1676024956,1.012,0.095
1676024956,1.01,0.093
1676024956,1.006,0.095
1676024956,1.01,0.096
1676024956,1.011,0.096
1676024956,1.012,0.094
1676024956,1.014,0.094
1676024956,1.01,0.098
1676024956,1.008,0.093
1676024957,1.008,0.096
1676024957,1.009,0.097
1676024957,1.011,0.097
1676024957,1.01,0.099
1676024957,1.011,0.097
1676024957,1.009,0.098
1676024957,1.007,0.094
1676024957,1.01,0.094
1676024957,1.009,0.098
1676024957,1.011,0.097
1676024957,1.008,0.094
1676024957,1.01,0.096
1676024957,1.008,0.096
1676024957,1.01,0.098
1676024957,1.011,0.095
1676024957,1.012,0.097
1676024957,1.012,0.099
1676024957,1.011,0.095
1676024957,1.01,0.098
1676024957,1.01,0.097
1676024958,1.008,0.093
1676024958,1.01,0.097
1676024958,1.01,0.096
1676024958,1.008,0.097
1676024958,1.009,0.098
1676024958,1.011,0.098
1676024958,1.006,0.094
1676024958,1.009,0.097
1676024958,1.008,0.095
1676024958,1.009,0.096
1676024958,1.011,0.096
1676024958,1.012,0.095
1676024958,1.011,0.099
1676024958,1.009,0.096
1676024958,1.011,0.099
1676024958,1.008,0.096
1676024958,1.012,0.095
1676024958,1.013,0.087
1676024958,1.008,0.094
1676024958,1.006,0.084
1676024959,1.006,0.102
1676024959,1.01,0.088
1676024959,1.011,0.103
1676024959,1.01,0.091
1676024959,1.012,0.092
1676024959,1.008,0.071
1676024959,1.008,0.088
1676024959,1.011,0.088
1676024959,1.008,0.093
1676024959,1.013,0.103
1676024959,1.009,0.098
1676024959,1.009,0.107
1676024959,1.01,0.104
1676024959,1.009,0.095
1676024959,1.008,0.093
1676024959,1.009,0.101
1676024959,1.009,0.089
1676024959,1.009,0.094
1676024959,1.008,0.089
1676024959,1.01,0.091
1676024960,1.007,0.092
1676024960,1.013,0.112
1676024960,1.011,0.093
1676024960,1.013,0.101
1676024960,1.011,0.101
1676024960,1.009,0.093
1676024960,1.008,0.097
1676024960,1.009,0.087
1676024960,1.5,0.099
1676024960,2.443,0.074
1676024960,2.442,0.094
1676024960,2.448,0.098
1676024960,2.443,0.098
1676024960,2.445,0.081
1676024960,2.446,0.105
1676024960,2.45,0.142
1676024960,2.442,0.083
1676024960,2.444,0.09
1676024960,2.446,0.087
1676024960,2.445,0.089
1676024961,2.443,0.055
1676024961,2.071,0.109
1676024961,1.006,0.096
1676024961,1.008,0.117
1676024961,1.009,0.087
1676024961,1.006,0.076
1676024961,1.014,0.114
1676024961,1.011,0.084
1676024961,1.009,2.442
1676024961,1.007,8.176
1676024961,1.01,8.177
1676024961,1.009,8.17
1676024961,1.008,8.175
1676024961,1.01,8.178
1676024961,1.01,8.17
1676024961,1.011,8.172
1676024961,1.012,8.176
1676024961,1.01,8.177
1676024961,1.009,8.13
1676024961,1.009,6.463
1676024962,1.011,1.875
1676024962,1.012,0.13
1676024962,1.013,0.071
1676024962,1.014,0.119
1676024962,1.011,0.115
1676024962,1.008,0.072
1676024962,1.006,0.09
1676024962,1.009,0.083
1676024962,1.013,0.106
1676024962,1.012,0.121
1676024962,1.011,0.102
1676024962,1.015,0.133
1676024962,1.013,0.114
1676024962,1.012,0.084
1676024962,1.01,0.111
1676024962,1.011,0.094
1676024962,1.01,0.099
1676024962,1.01,0.098
1676024962,1.011,0.105
1676024962,1.011,0.103
1676024963,1.012,0.084
1676024963,1.011,0.075
1676024963,1.01,0.077
1676024963,1.01,0.097
1676024963,1.009,0.073
1676024963,1.012,0.116
1676024963,1.013,0.092
1676024963,1.008,0.086
1676024963,1.012,0.085
1676024963,1.006,0.094
1676024963,1.011,0.105
1676024963,1.008,0.076
1676024963,1.009,0.107
1676024963,1.011,0.095
1676024963,1.011,0.109
1676024963,1.009,0.11
1676024963,1.012,0.103
1676024963,1.008,0.08
1676024963,1.018,0.149
1676024963,1.012,0.102
1676024964,1.009,0.1
1676024964,1.011,0.111
1676024964,1.009,0.111
1676024964,1.01,0.097
1676024964,1.008,0.09
1676024964,1.007,0.084
1676024964,1.013,0.098
1676024964,1.011,0.115
1676024964,1.015,0.112
1676024964,1.009,0.087
1676024964,1.008,0.087
1676024964,1.01,0.119
1676024964,1.012,0.102
1676024964,1.011,0.092
1676024964,1.01,0.089
1676024964,1.012,0.098
1676024964,1.009,0.106
1676024964,1.009,0.096
1676024964,1.013,0.104
1676024964,1.01,0.109
1676024965,1.009,0.102
1676024965,1.01,0.085
1676024965,1.006,0.084
1676024965,1.011,0.095
1676024965,1.013,0.103
1676024965,1.011,0.083
1676024965,1.011,0.079
1676024965,1.012,0.11
1676024965,1.007,0.082
1676024965,1.01,0.09
1676024965,1.009,0.078
1676024965,1.011,0.091
1676024965,1.012,0.092
1676024965,1.011,0.093
1676024965,1.01,0.091
1676024965,1.008,0.095
1676024965,1.01,0.1
1676024965,1.007,0.093
1676024965,1.012,0.104
1676024965,1.01,0.093
1676024966,1.01,0.101
1676024966,1.012,0.102
1676024966,1.012,0.092
1676024966,1.011,0.099
1676024966,1.011,0.094
1676024966,1.01,0.094
1676024966,1.008,0.095
1676024966,1.011,0.094
1676024966,1.011,0.099
1676024966,1.012,0.097
1676024966,1.01,0.098
1676024966,1.014,0.095
1676024966,1.012,0.097
1676024966,1.014,0.096
1676024966,1.014,0.096
1676024966,1.008,0.091
1676024966,1.014,0.096
1676024966,1.013,0.098
1676024966,1.01,0.097
1676024966,1.009,0.098
1676024967,1.012,0.095
1676024967,1.013,0.096
1676024967,1.013,0.094
1676024967,1.008,0.097
1676024967,1.011,0.095
1676024967,1.007,0.094
1676024967,1.012,0.096
1676024967,1.015,0.095
1676024967,1.014,0.094
1676024967,1.01,0.097
1676024967,1.012,0.095
1676024967,1.011,0.092
1676024967,1.013,0.096
1676024967,1.013,0.096
1676024967,1.012,0.095
1676024967,1.012,0.098
1676024967,1.011,0.096
1676024967,1.01,0.097
1676024967,1.959,0.093
1676024967,2.445,0.094
1676024968,2.446,0.096
1676024968,2.447,0.094
1676024968,2.444,0.095
1676024968,2.445,0.098
1676024968,2.442,0.097
1676024968,2.447,0.093
1676024968,2.446,0.093
1676024968,2.447,0.097
1676024968,2.445,0.1
1676024968,2.442,0.096
1676024968,2.446,0.094
1676024968,2.444,0.098
1676024968,1.412,0.096
1676024968,1.01,0.095
1676024968,1.008,0.096
1676024968,1.01,0.091
1676024968,1.008,0.095
1676024968,1.009,0.093
1676024968,1.01,6.359
1676024968,1.011,8.182
1676024969,1.011,8.184
1676024969,1.009,8.181
1676024969,1.005,8.18
1676024969,1.006,8.177
1676024969,1.011,8.179
1676024969,1.01,8.177
1676024969,1.011,8.176
1676024969,1.01,8.181
1676024969,1.011,8.177
1676024969,1.008,8.18
1676024969,1.008,8.163
1676024969,1.01,0.095
1676024969,1.012,0.096
1676024969,1.01,0.095
1676024969,1.014,0.096
1676024969,1.012,0.094
1676024969,1.729,0.096
1676024969,2.447,0.093
1676024969,2.444,0.095
1676024969,2.444,0.096
1676024970,2.443,0.097
1676024970,2.443,0.093
1676024970,2.444,0.095
1676024970,2.444,0.095
1676024970,2.449,0.096
1676024970,2.443,0.097
1676024970,2.448,0.095
1676024970,2.444,0.096
1676024970,2.444,0.096
1676024970,2.446,0.098
1676024970,1.535,0.091
1676024970,1.007,0.095
1676024970,1.008,0.093
1676024970,1.011,0.094
1676024970,1.01,0.097
1676024970,1.012,0.092
1676024970,1.009,3.12
1676024970,1.011,8.185
1676024970,1.007,8.186
1676024970,1.007,8.185
1676024971,1.01,8.183
1676024971,1.013,8.183
1676024971,1.007,8.183
1676024971,1.009,8.182
1676024971,1.006,8.183
1676024971,1.007,8.183
1676024971,1.007,8.165
1676024971,1.008,8.162
1676024971,1.006,5.079
1676024971,1.006,0.098
1676024971,1.011,0.097
1676024971,1.008,0.096
1676024971,1.01,0.097
1676024971,1.009,0.093
1676024971,1.013,0.098
1676024971,1.011,0.095
1676024971,1.014,0.094
1676024971,1.014,0.095
1676024971,1.01,0.097
1676024971,1.015,0.095
1676024972,1.012,0.092
1676024972,1.009,0.086
1676024972,1.011,0.096
1676024972,1.012,0.096
1676024972,1.01,0.097
1676024972,1.01,0.095
1676024972,1.013,0.098
1676024972,1.008,0.092
1676024972,1.01,0.096
1676024972,1.012,0.096
1676024972,1.009,0.094
1676024972,1.01,0.094
1676024972,1.006,0.097
1676024972,1.011,0.094
1676024972,1.011,0.097
1676024972,1.006,0.093
1676024972,1.009,0.097
1676024972,1.012,0.096
1676024972,1.01,0.095
1676024972,1.013,0.096
1676024973,1.01,0.095
1676024973,1.009,0.096
1676024973,1.012,0.096
1676024973,1.009,0.097
1676024973,1.008,0.093
1676024973,1.01,0.096
1676024973,1.012,0.095
1676024973,1.007,0.095
1676024973,1.011,0.099
1676024973,1.01,0.096
1676024973,1.012,0.096
1676024973,1.01,0.096
1676024973,1.01,0.095
1676024973,1.01,0.095
1676024973,1.014,0.096
1676024973,1.012,0.093
1676024973,1.009,0.097
1676024973,1.013,0.097
1676024973,1.007,0.096
1676024973,1.011,0.098
1676024974,1.01,0.095
1676024974,1.009,0.098
1676024974,1.005,0.109
1676024974,1.01,0.096
1676024974,1.012,0.094
1676024974,1.012,0.093
1676024974,1.008,0.095
1676024974,1.011,0.095
1676024974,1.009,0.095
1676024974,1.01,0.097
1676024974,1.007,0.098
1676024974,1.012,0.095
1676024974,1.011,0.093
1676024974,1.009,0.098
1676024974,1.01,0.093
1676024974,1.007,0.095
1676024974,1.012,0.096
1676024974,1.008,0.094
1676024974,1.01,0.097
1676024974,1.01,0.092
1676024975,1.007,0.091
1676024975,1.008,0.093
1676024975,1.005,0.089
1676024975,1.008,0.099
1676024975,1.01,0.112
1676024975,1.009,0.088
1676024975,1.007,0.113
1676024975,1.011,0.106
1676024975,1.01,0.075
1676024975,1.014,0.113
1676024975,1.01,0.082
1676024975,1.007,0.077
1676024975,1.01,0.092
1676024975,1.012,0.094
1676024975,1.009,0.092
1676024975,1.009,0.095
1676024975,1.01,0.096
1676024975,1.007,0.095
1676024975,1.011,0.096
1676024975,1.008,0.097
1676024976,1.008,0.097
1676024976,1.013,0.095
1676024976,1.012,0.095
1676024976,0.993,0.085
1676024976,1.008,0.096
1676024976,1.007,0.09
1676024976,1.011,0.095
1676024976,1.011,0.095
1676024976,1.009,0.094
1676024976,1.014,0.095
1676024976,1.01,0.095
1676024976,1.01,0.095
1676024976,1.01,0.097
1676024976,1.012,0.093
1676024976,1.01,0.096
1676024976,1.008,0.093
1676024976,1.011,0.096
1676024976,1.01,0.096
1676024976,1.011,0.094
1676024976,1.007,0.097
1676024977,1.011,0.096
1676024977,1.007,0.098
1676024977,1.009,0.091
1676024977,1.01,0.092
1676024977,1.008,0.096
1676024977,1.011,0.095
1676024977,1.011,0.098
1676024977,1.01,0.094
1676024977,1.01,0.097
1676024977,1.009,0.093
1676024977,1.008,0.099
1676024977,1.009,0.093
1676024977,1.01,0.095
1676024977,1.01,0.094
1676024977,1.009,0.098
1676024977,1.01,0.092
1676024977,1.01,0.096
1676024977,1.011,0.092
1676024977,1.012,0.096
1676024977,1.008,0.097
1676024978,1.009,0.095
1676024978,1.01,0.095
1676024978,1.009,0.095
1676024978,1.011,0.093
1676024978,1.012,0.096
1676024978,1.011,0.095
1676024978,1.008,0.097
1676024978,1.01,0.095
1676024978,1.012,0.095
1676024978,1.008,0.095
1676024978,1.011,0.093
1676024978,1.008,0.094
1676024978,1.01,0.096
1676024978,1.009,0.097
1676024978,1.011,0.096
1676024978,1.009,0.095
1676024978,1.012,0.099
1676024978,1.01,0.098
1676024978,1.012,0.097
1676024978,1.01,0.093
1676024979,1.01,0.096
1676024979,1.013,0.095
1676024979,1.013,0.095
1676024979,1.008,0.093
1676024979,1.007,0.094
1676024979,1.01,0.094
1676024979,1.01,0.098
1676024979,1.012,0.095
1676024979,1.012,0.095
1676024979,1.009,0.094
1676024979,1.01,0.098
1676024979,1.011,0.093
1676024979,1.009,0.096
1676024979,1.012,0.096
1676024979,1.012,0.096
1676024979,1.01,0.093
1676024979,1.011,0.097
1676024979,1.009,0.096
1676024979,1.009,0.096
1676024979,1.012,0.095
1676024980,1.013,0.097
1676024980,1.008,0.096
1676024980,1.013,0.095
1676024980,1.01,0.097
1676024980,1.011,0.096
1676024980,1.01,0.096
1676024980,1.01,0.097
1676024980,1.01,0.094
1676024980,1.01,0.093
1676024980,1.011,0.095
1676024980,1.01,0.095
1676024980,1.01,0.095
1676024980,1.014,0.093
1676024980,1.011,0.094
1676024980,1.011,0.095
1676024980,1.01,0.093
1676024980,1.007,0.094
1676024980,1.013,0.095
1676024980,1.012,0.098
1676024980,1.01,0.098
1676024981,1.012,0.096
1676024981,1.012,0.095
1676024981,1.01,0.096
1676024981,1.01,0.096
1676024981,1.01,0.094
1676024981,1.008,0.096
1676024981,1.01,0.094
1676024981,1.01,0.094
1676024981,1.011,0.096
1676024981,1.013,0.1
1676024981,1.011,0.095
1676024981,1.014,0.097
1676024981,1.016,0.094
1676024981,1.014,0.095
1676024981,1.011,0.091
1676024981,1.01,0.092
1676024981,1.011,0.098
1676024981,1.012,0.096
1676024981,1.01,0.093
1676024981,1.011,0.092
1676024982,1.008,0.098
1676024982,1.01,0.096
1676024982,1.013,0.098
1676024982,1.01,0.096
1676024982,1.012,0.097
1676024982,1.013,0.092
1676024982,1.012,0.094
1676024982,1.014,0.095
1676024982,1.011,0.094
1676024982,1.007,0.095
1676024982,1.011,0.097
1676024982,1.014,0.093
1676024982,1.011,0.097
1676024982,1.014,0.093
1676024982,1.011,0.094
1676024982,1.01,0.095
1676024982,1.01,0.097
1676024982,1.01,0.096
1676024982,1.011,0.098
1676024982,1.012,0.093
1676024983,1.008,0.097
1676024983,1.008,0.094
1676024983,1.012,0.094
1676024983,1.013,0.091
1676024983,1.013,0.098
1676024983,1.009,0.095
1676024983,1.013,0.098
1676024983,1.015,0.095
1676024983,1.011,0.093
1676024983,1.011,0.097
1676024983,1.01,0.093
1676024983,1.009,0.094
1676024983,1.013,0.096
1676024983,1.012,0.098
1676024983,1.008,0.095
1676024983,1.009,0.095
1676024983,1.009,0.096
1676024983,1.009,0.098
1676024983,1.01,0.097
1676024983,1.011,0.094
1676024984,1.009,0.093
1676024984,1.012,0.094
1676024984,1.014,0.094
1676024984,1.012,0.092
1676024984,1.008,0.1
1676024984,1.01,0.096
1676024984,1.011,0.097
1676024984,1.01,0.097
1676024984,1.008,0.098
1676024984,1.012,0.096
1676024984,1.011,0.097
1676024984,1.007,0.095
1676024984,1.013,0.098
1676024984,1.008,0.097
1676024984,1.006,0.093
1676024984,1.01,0.095
1676024984,1.009,0.098
1676024984,1.011,0.094
1676024984,1.012,0.097
1676024984,1.005,0.093
1676024985,1.01,0.098
1676024985,1.009,0.093
1676024985,1.006,0.094
1676024985,1.01,0.097
1676024985,1.012,0.098
1676024985,1.008,0.095
1676024985,1.009,0.098
1676024985,1.012,0.096
1676024985,1.006,0.097
1676024985,1.013,0.097
1676024985,1.008,0.099
1676024985,1.01,0.095
1676024985,1.011,0.098
1676024985,1.012,0.097
1676024985,1.01,0.097
1676024985,1.012,0.095
1676024985,1.01,0.095
1676024985,1.008,0.097
1676024985,1.007,0.095
1676024985,1.008,0.093
1676024986,1.012,0.095
1676024986,1.006,0.096
1676024986,1.014,0.097
1676024986,1.011,0.095
1676024986,1.01,0.094
1676024986,1.007,0.096
1676024986,1.01,0.096
1676024986,1.009,0.097
1676024986,1.008,0.097
1676024986,1.011,0.095
1676024986,1.012,0.096
1676024986,1.008,0.098
1676024986,1.008,0.097
1676024986,1.012,0.096
1676024986,1.01,0.094
1676024986,1.012,0.094
1676024986,1.013,0.096
1676024986,1.008,0.095
1676024986,1.009,0.097
1676024986,1.01,0.097
1676024987,1.004,0.099
1676024987,1.01,0.095
1676024987,1.011,0.097
1676024987,1.005,0.087
1676024987,1.011,0.096
1676024987,1.012,0.098
1676024987,1.009,0.097
1676024987,1.011,0.095
1676024987,1.011,0.097
1676024987,1.008,0.094
1676024987,1.01,0.097
1676024987,1.009,0.093
1676024987,1.008,0.096
1676024987,1.01,0.095
1676024987,1.009,0.095
1676024987,1.012,0.097
1676024987,1.006,0.096
1676024987,1.012,0.092
1676024987,1.011,0.096
1676024987,1.006,0.094
1676024988,1.007,0.095
1676024988,1.01,0.093
1676024988,1.01,0.097
1676024988,1.01,0.099
1676024988,1.011,0.094
1676024988,1.014,0.092
1676024988,1.008,0.092
1676024988,1.013,0.093
1676024988,1.009,0.097
1676024988,1.01,0.096
1676024988,1.013,0.094
1676024988,1.014,0.093
1676024988,1.012,0.095
1676024988,1.012,0.1
1676024988,1.008,0.095
1676024988,1.011,0.093
1676024988,1.008,0.096
1676024988,1.009,0.092
1676024988,1.012,0.095
1676024988,1.008,0.094
1676024989,1.009,0.096
1676024989,1.01,0.093
1676024989,1.014,0.095
1676024989,1.01,0.094
1676024989,1.012,0.093
1676024989,1.011,0.091
1676024989,1.009,0.097
1676024989,1.011,0.096
1676024989,1.011,0.096
1676024989,1.009,0.097
1676024989,1.009,0.093
1676024989,1.01,0.097
1676024989,1.014,0.099
1676024989,1.01,0.097
1676024989,1.009,0.099
1676024989,1.01,0.095
1676024989,1.009,0.096
1676024989,1.011,0.096
1676024989,1.013,0.095
1676024989,1.01,0.096
1676024990,1.012,0.098
1676024990,1.011,0.095
1676024990,1.009,0.096
1676024990,1.01,0.099
1676024990,1.011,0.096
1676024990,1.01,0.097
1676024990,1.01,0.096
1676024990,1.01,0.099
1676024990,1.014,0.097
1676024990,1.012,0.095
1676024990,1.009,0.097
1676024990,1.007,0.096
1676024990,1.011,0.095
1676024990,1.01,0.097
1676024990,1.01,0.095
1676024990,1.009,0.096
1676024990,1.011,0.099
1676024990,1.009,0.095
1676024990,1.014,0.098
1676024990,1.009,0.097
1676024991,1.009,0.096
1676024991,1.013,0.094
1676024991,1.006,0.094
1676024991,1.01,0.093
1676024991,1.012,0.095
1676024991,1.014,0.096
1676024991,,
1676024991,,
1676024991,,
