timestamp,brut,prepro,gauss full,detec
1682329269,1827.000000,296.000000,292.000000,0.000000
1682329270,1827.000000,296.000000,292.000000,0.000000
1682329270,1827.000000,296.000000,292.000000,0.000000
1682329270,1827.000000,296.000000,292.000000,0.000000
1682329270,1827.000000,296.000000,292.000000,0.000000
1682329270,1827.000000,296.000000,292.000000,0.000000
1682329270,1827.000000,296.000000,292.000000,0.000000
1682329270,1827.000000,296.000000,292.000000,0.000000
1682329270,1827.000000,296.000000,292.000000,0.000000
1682329270,1827.000000,296.000000,292.000000,0.000000
1682329270,1827.000000,296.000000,292.000000,0.000000
1682329270,1541.000000,296.000000,292.000000,0.000000
1682329270,1541.000000,296.000000,292.000000,0.000000
1682329270,1541.000000,296.000000,292.000000,0.000000
1682329270,1541.000000,296.000000,292.000000,0.000000
1682329270,1541.000000,296.000000,292.000000,0.000000
1682329270,1541.000000,296.000000,292.000000,0.000000
1682329270,1541.000000,296.000000,292.000000,0.000000
1682329270,1541.000000,296.000000,292.000000,0.000000
1682329270,1541.000000,296.000000,292.000000,0.000000
1682329270,1541.000000,296.000000,292.000000,0.000000
1682329270,1541.000000,296.000000,292.000000,0.000000
1682329270,1541.000000,296.000000,292.000000,0.000000
1682329270,1541.000000,296.000000,292.000000,0.000000
1682329270,1541.000000,296.000000,292.000000,0.000000
1682329270,1541.000000,296.000000,292.000000,0.000000
1682329270,1541.000000,296.000000,292.000000,0.000000
1682329270,1541.000000,296.000000,292.000000,0.000000
1682329270,1682.000000,296.000000,292.000000,0.000000
1682329270,1682.000000,296.000000,292.000000,0.000000
1682329270,1682.000000,296.000000,292.000000,0.000000
1682329270,1682.000000,296.000000,292.000000,0.000000
1682329270,1682.000000,296.000000,292.000000,0.000000
1682329270,1682.000000,296.000000,292.000000,0.000000
1682329270,1682.000000,296.000000,292.000000,0.000000
1682329270,1682.000000,296.000000,292.000000,0.000000
1682329270,1682.000000,296.000000,292.000000,0.000000
1682329270,1682.000000,296.000000,292.000000,0.000000
1682329270,1682.000000,296.000000,292.000000,0.000000
1682329270,1682.000000,296.000000,292.000000,0.000000
1682329270,1682.000000,296.000000,292.000000,0.000000
1682329270,1446.000000,296.000000,292.000000,0.000000
1682329270,1446.000000,296.000000,292.000000,0.000000
1682329270,1446.000000,296.000000,292.000000,0.000000
1682329270,1446.000000,296.000000,292.000000,0.000000
1682329270,1991.000000,296.000000,292.000000,0.000000
1682329270,1991.000000,296.000000,292.000000,0.000000
1682329270,1991.000000,296.000000,292.000000,0.000000
1682329270,1991.000000,296.000000,292.000000,0.000000
1682329270,1991.000000,296.000000,292.000000,0.000000
1682329270,1991.000000,296.000000,292.000000,0.000000
1682329271,1991.000000,296.000000,292.000000,0.000000
1682329271,1991.000000,296.000000,292.000000,0.000000
1682329271,1991.000000,296.000000,292.000000,0.000000
1682329271,1991.000000,296.000000,292.000000,0.000000
1682329271,1991.000000,296.000000,292.000000,0.000000
1682329271,1991.000000,296.000000,292.000000,0.000000
1682329271,1991.000000,296.000000,292.000000,0.000000
1682329271,1991.000000,296.000000,292.000000,0.000000
1682329271,1991.000000,296.000000,292.000000,0.000000
1682329271,1991.000000,296.000000,292.000000,0.000000
1682329271,1467.000000,296.000000,292.000000,0.000000
1682329271,1467.000000,296.000000,292.000000,0.000000
1682329271,1467.000000,296.000000,292.000000,0.000000
1682329271,1467.000000,296.000000,292.000000,0.000000
1682329271,1467.000000,296.000000,292.000000,0.000000
1682329271,1467.000000,296.000000,292.000000,0.000000
1682329271,1467.000000,296.000000,292.000000,0.000000
1682329271,1525.000000,296.000000,292.000000,0.000000
1682329271,1525.000000,296.000000,292.000000,0.000000
1682329271,1525.000000,296.000000,292.000000,0.000000
1682329271,2216.000000,296.000000,292.000000,0.000000
1682329271,2216.000000,296.000000,292.000000,0.000000
1682329271,2216.000000,296.000000,292.000000,0.000000
1682329271,2216.000000,296.000000,292.000000,0.000000
1682329271,2216.000000,296.000000,292.000000,0.000000
1682329271,2216.000000,296.000000,292.000000,0.000000
1682329271,2216.000000,296.000000,292.000000,0.000000
1682329271,2216.000000,296.000000,292.000000,0.000000
1682329271,2216.000000,296.000000,292.000000,0.000000
1682329271,2216.000000,296.000000,292.000000,0.000000
1682329271,2202.000000,296.000000,292.000000,0.000000
1682329271,2202.000000,296.000000,292.000000,0.000000
1682329271,2202.000000,296.000000,292.000000,0.000000
1682329271,2202.000000,296.000000,292.000000,0.000000
1682329271,2202.000000,296.000000,292.000000,0.000000
1682329271,2202.000000,296.000000,292.000000,0.000000
1682329271,2202.000000,296.000000,292.000000,0.000000
1682329271,2202.000000,296.000000,292.000000,0.000000
1682329271,2202.000000,296.000000,292.000000,0.000000
1682329271,2202.000000,296.000000,292.000000,0.000000
1682329271,1766.000000,296.000000,292.000000,0.000000
1682329271,1766.000000,296.000000,292.000000,0.000000
1682329271,1766.000000,296.000000,292.000000,0.000000
1682329271,1766.000000,296.000000,292.000000,0.000000
1682329271,1766.000000,296.000000,292.000000,0.000000
1682329271,1766.000000,296.000000,292.000000,0.000000
1682329271,1766.000000,296.000000,292.000000,0.000000
1682329271,1766.000000,296.000000,292.000000,0.000000
1682329271,1766.000000,296.000000,292.000000,0.000000
1682329271,1766.000000,296.000000,292.000000,0.000000
1682329272,1766.000000,296.000000,292.000000,0.000000
1682329272,1766.000000,296.000000,292.000000,0.000000
1682329272,1766.000000,296.000000,292.000000,0.000000
1682329272,1766.000000,296.000000,292.000000,0.000000
1682329272,1766.000000,296.000000,292.000000,0.000000
1682329272,1766.000000,296.000000,292.000000,0.000000
1682329272,1766.000000,296.000000,292.000000,0.000000
1682329272,1766.000000,296.000000,292.000000,0.000000
1682329272,1766.000000,296.000000,292.000000,0.000000
1682329272,1766.000000,296.000000,292.000000,0.000000
1682329272,1766.000000,296.000000,292.000000,0.000000
1682329272,1766.000000,296.000000,292.000000,0.000000
1682329272,1766.000000,296.000000,292.000000,0.000000
1682329272,1766.000000,296.000000,292.000000,0.000000
1682329272,1766.000000,296.000000,292.000000,0.000000
1682329272,1766.000000,296.000000,292.000000,0.000000
1682329272,1766.000000,296.000000,292.000000,0.000000
1682329272,1766.000000,296.000000,292.000000,0.000000
1682329272,1766.000000,296.000000,292.000000,0.000000
1682329272,1766.000000,296.000000,292.000000,0.000000
1682329272,2005.000000,296.000000,292.000000,0.000000
1682329272,2005.000000,296.000000,292.000000,0.000000
1682329272,2005.000000,296.000000,292.000000,0.000000
1682329272,2005.000000,296.000000,292.000000,0.000000
1682329272,2005.000000,296.000000,292.000000,0.000000
1682329272,2005.000000,296.000000,292.000000,0.000000
1682329272,2005.000000,296.000000,292.000000,0.000000
1682329272,2005.000000,296.000000,292.000000,0.000000
1682329272,2005.000000,296.000000,292.000000,0.000000
1682329272,2005.000000,296.000000,292.000000,0.000000
1682329272,1496.000000,296.000000,292.000000,0.000000
1682329272,1496.000000,296.000000,292.000000,0.000000
1682329272,1496.000000,296.000000,292.000000,0.000000
1682329272,1496.000000,296.000000,292.000000,0.000000
1682329272,1496.000000,296.000000,292.000000,0.000000
1682329272,1496.000000,296.000000,292.000000,0.000000
1682329272,1496.000000,296.000000,292.000000,0.000000
1682329272,1496.000000,296.000000,292.000000,0.000000
1682329272,1496.000000,296.000000,292.000000,0.000000
1682329272,1496.000000,296.000000,292.000000,0.000000
1682329272,1496.000000,296.000000,292.000000,0.000000
1682329272,1496.000000,296.000000,292.000000,0.000000
1682329272,1496.000000,296.000000,292.000000,0.000000
1682329272,1496.000000,296.000000,292.000000,0.000000
1682329272,1496.000000,296.000000,292.000000,0.000000
1682329272,1496.000000,296.000000,292.000000,0.000000
1682329272,1496.000000,296.000000,292.000000,0.000000
1682329272,1496.000000,296.000000,292.000000,0.000000
1682329272,1496.000000,296.000000,292.000000,0.000000
1682329273,1496.000000,296.000000,292.000000,0.000000
1682329273,1496.000000,296.000000,292.000000,0.000000
1682329273,1496.000000,296.000000,292.000000,0.000000
1682329273,1496.000000,296.000000,292.000000,0.000000
1682329273,1496.000000,296.000000,292.000000,0.000000
1682329273,1496.000000,296.000000,292.000000,0.000000
1682329273,1496.000000,296.000000,292.000000,0.000000
1682329273,1643.000000,296.000000,292.000000,0.000000
1682329273,1643.000000,296.000000,292.000000,0.000000
1682329273,1643.000000,296.000000,292.000000,0.000000
1682329273,1643.000000,296.000000,292.000000,0.000000
1682329273,1643.000000,296.000000,292.000000,0.000000
1682329273,1643.000000,296.000000,292.000000,0.000000
1682329273,1643.000000,296.000000,292.000000,0.000000
1682329273,1643.000000,296.000000,292.000000,0.000000
1682329273,1643.000000,296.000000,292.000000,0.000000
1682329273,1643.000000,296.000000,292.000000,0.000000
1682329273,1643.000000,296.000000,292.000000,0.000000
1682329273,1643.000000,296.000000,292.000000,0.000000
1682329273,1643.000000,296.000000,292.000000,0.000000
1682329273,1643.000000,296.000000,292.000000,0.000000
1682329273,1643.000000,296.000000,292.000000,0.000000
1682329273,1643.000000,296.000000,292.000000,0.000000
1682329273,1643.000000,296.000000,292.000000,0.000000
1682329273,1535.000000,296.000000,292.000000,0.000000
1682329273,1535.000000,296.000000,292.000000,0.000000
1682329273,1535.000000,296.000000,292.000000,0.000000
1682329273,1535.000000,296.000000,292.000000,0.000000
1682329273,1535.000000,296.000000,292.000000,0.000000
1682329273,1535.000000,296.000000,292.000000,0.000000
1682329273,1535.000000,296.000000,292.000000,0.000000
1682329273,1535.000000,296.000000,292.000000,0.000000
1682329273,1535.000000,296.000000,292.000000,0.000000
1682329273,1535.000000,296.000000,292.000000,0.000000
1682329273,1535.000000,296.000000,292.000000,0.000000
1682329273,1535.000000,296.000000,292.000000,0.000000
1682329273,1535.000000,296.000000,292.000000,0.000000
1682329273,1535.000000,296.000000,292.000000,0.000000
1682329273,1535.000000,296.000000,292.000000,0.000000
1682329273,1535.000000,296.000000,292.000000,0.000000
1682329273,1535.000000,296.000000,292.000000,0.000000
1682329273,1535.000000,296.000000,292.000000,0.000000
1682329273,1535.000000,296.000000,292.000000,0.000000
1682329273,1535.000000,296.000000,292.000000,0.000000
1682329273,1535.000000,296.000000,292.000000,0.000000
1682329273,1535.000000,296.000000,292.000000,0.000000
1682329273,1535.000000,296.000000,292.000000,0.000000
1682329273,1904.000000,296.000000,292.000000,0.000000
1682329273,1904.000000,296.000000,292.000000,0.000000
1682329273,1904.000000,296.000000,292.000000,0.000000
1682329273,1904.000000,296.000000,292.000000,0.000000
1682329273,1904.000000,296.000000,292.000000,0.000000
1682329273,1904.000000,296.000000,292.000000,0.000000
1682329273,1904.000000,296.000000,292.000000,0.000000
1682329273,1904.000000,296.000000,292.000000,0.000000
1682329273,1904.000000,296.000000,292.000000,0.000000
1682329273,1904.000000,296.000000,292.000000,0.000000
1682329274,1904.000000,296.000000,292.000000,0.000000
1682329274,1904.000000,296.000000,292.000000,0.000000
1682329274,1904.000000,296.000000,292.000000,0.000000
1682329274,1904.000000,296.000000,292.000000,0.000000
1682329274,1904.000000,296.000000,292.000000,0.000000
1682329274,1904.000000,296.000000,292.000000,0.000000
1682329274,1904.000000,296.000000,292.000000,0.000000
1682329274,1904.000000,296.000000,292.000000,0.000000
1682329274,1904.000000,296.000000,292.000000,0.000000
1682329274,1904.000000,296.000000,292.000000,0.000000
1682329274,1904.000000,296.000000,292.000000,0.000000
1682329274,1904.000000,296.000000,292.000000,0.000000
1682329274,1904.000000,296.000000,292.000000,0.000000
1682329274,1904.000000,296.000000,292.000000,0.000000
1682329274,1904.000000,296.000000,292.000000,0.000000
1682329274,1904.000000,296.000000,292.000000,0.000000
1682329274,1904.000000,296.000000,292.000000,0.000000
1682329274,1904.000000,296.000000,292.000000,0.000000
1682329274,1904.000000,296.000000,292.000000,0.000000
1682329274,1904.000000,296.000000,292.000000,0.000000
1682329274,1904.000000,296.000000,292.000000,0.000000
1682329274,1904.000000,296.000000,292.000000,0.000000
1682329274,1904.000000,296.000000,292.000000,0.000000
1682329274,1904.000000,296.000000,292.000000,0.000000
1682329274,1904.000000,296.000000,292.000000,0.000000
1682329274,1904.000000,296.000000,292.000000,0.000000
1682329274,1904.000000,296.000000,292.000000,0.000000
1682329274,1904.000000,296.000000,292.000000,0.000000
1682329274,1904.000000,296.000000,292.000000,0.000000
1682329274,1904.000000,296.000000,292.000000,0.000000
1682329274,1904.000000,296.000000,292.000000,0.000000
1682329274,1904.000000,296.000000,292.000000,0.000000
1682329274,1904.000000,296.000000,292.000000,0.000000
1682329274,1904.000000,296.000000,292.000000,0.000000
1682329274,1904.000000,296.000000,292.000000,0.000000
1682329274,1904.000000,296.000000,292.000000,0.000000
1682329274,1904.000000,296.000000,292.000000,0.000000
1682329274,1904.000000,296.000000,292.000000,0.000000
1682329274,1904.000000,296.000000,292.000000,0.000000
1682329274,1904.000000,296.000000,292.000000,0.000000
1682329274,1904.000000,296.000000,292.000000,0.000000
1682329274,1904.000000,296.000000,292.000000,0.000000
1682329274,1904.000000,296.000000,292.000000,0.000000
1682329274,1904.000000,296.000000,292.000000,0.000000
1682329274,1904.000000,296.000000,292.000000,0.000000
1682329274,1904.000000,296.000000,292.000000,0.000000
1682329274,1904.000000,296.000000,292.000000,0.000000
1682329274,1642.000000,296.000000,292.000000,0.000000
1682329274,1642.000000,296.000000,292.000000,0.000000
1682329274,1642.000000,296.000000,292.000000,0.000000
1682329274,1642.000000,296.000000,292.000000,0.000000
1682329275,1642.000000,296.000000,292.000000,0.000000
1682329275,1642.000000,296.000000,292.000000,0.000000
1682329275,1571.000000,296.000000,292.000000,0.000000
1682329275,1571.000000,296.000000,292.000000,0.000000
1682329275,1571.000000,296.000000,292.000000,0.000000
1682329275,1571.000000,296.000000,292.000000,0.000000
1682329275,1709.000000,296.000000,292.000000,0.000000
1682329275,1709.000000,296.000000,292.000000,0.000000
1682329275,1709.000000,296.000000,292.000000,0.000000
1682329275,1709.000000,296.000000,292.000000,0.000000
1682329275,1709.000000,296.000000,292.000000,0.000000
1682329275,1709.000000,296.000000,292.000000,0.000000
1682329275,1656.000000,296.000000,292.000000,0.000000
1682329275,1656.000000,296.000000,292.000000,0.000000
1682329275,1656.000000,296.000000,292.000000,0.000000
1682329275,1656.000000,296.000000,292.000000,0.000000
1682329275,1656.000000,296.000000,292.000000,0.000000
1682329275,1656.000000,296.000000,292.000000,0.000000
1682329275,1656.000000,296.000000,292.000000,0.000000
1682329275,1656.000000,296.000000,292.000000,0.000000
1682329275,1656.000000,296.000000,292.000000,0.000000
1682329275,1656.000000,296.000000,292.000000,0.000000
1682329275,1656.000000,296.000000,292.000000,0.000000
1682329275,1656.000000,296.000000,292.000000,0.000000
1682329275,1656.000000,296.000000,292.000000,0.000000
1682329275,1656.000000,296.000000,292.000000,0.000000
1682329275,1656.000000,296.000000,292.000000,0.000000
1682329275,1656.000000,296.000000,292.000000,0.000000
1682329275,1656.000000,296.000000,292.000000,0.000000
1682329275,1656.000000,296.000000,292.000000,0.000000
1682329275,1656.000000,296.000000,292.000000,0.000000
1682329275,1656.000000,296.000000,292.000000,0.000000
1682329275,1656.000000,296.000000,292.000000,0.000000
1682329275,1656.000000,296.000000,292.000000,0.000000
1682329275,1656.000000,296.000000,292.000000,0.000000
1682329275,1656.000000,296.000000,292.000000,0.000000
1682329275,1656.000000,296.000000,292.000000,0.000000
1682329275,1656.000000,296.000000,292.000000,0.000000
1682329275,1656.000000,296.000000,292.000000,0.000000
1682329275,1656.000000,296.000000,292.000000,0.000000
1682329275,1656.000000,296.000000,292.000000,0.000000
1682329275,1656.000000,296.000000,292.000000,0.000000
1682329275,1656.000000,296.000000,292.000000,0.000000
1682329275,1656.000000,296.000000,292.000000,0.000000
1682329275,1656.000000,296.000000,292.000000,0.000000
1682329275,1656.000000,296.000000,292.000000,0.000000
1682329275,1656.000000,296.000000,292.000000,0.000000
1682329275,1656.000000,296.000000,292.000000,0.000000
1682329275,1656.000000,296.000000,292.000000,0.000000
1682329275,1656.000000,296.000000,292.000000,0.000000
1682329275,1656.000000,296.000000,292.000000,0.000000
1682329276,1656.000000,296.000000,292.000000,0.000000
1682329276,1656.000000,296.000000,292.000000,0.000000
1682329276,1656.000000,296.000000,292.000000,0.000000
1682329276,1656.000000,296.000000,292.000000,0.000000
1682329276,1656.000000,296.000000,292.000000,0.000000
1682329276,2064.000000,296.000000,292.000000,0.000000
1682329276,2064.000000,296.000000,292.000000,0.000000
1682329276,2064.000000,296.000000,292.000000,0.000000
1682329276,2064.000000,296.000000,292.000000,0.000000
1682329276,2064.000000,296.000000,292.000000,0.000000
1682329276,2064.000000,296.000000,292.000000,0.000000
1682329276,2064.000000,296.000000,292.000000,0.000000
1682329276,2064.000000,296.000000,292.000000,0.000000
1682329276,2064.000000,296.000000,292.000000,0.000000
1682329276,2064.000000,296.000000,292.000000,0.000000
1682329276,2064.000000,296.000000,292.000000,0.000000
1682329276,2064.000000,296.000000,292.000000,0.000000
1682329276,2064.000000,296.000000,292.000000,0.000000
1682329276,2064.000000,296.000000,292.000000,0.000000
1682329276,2064.000000,296.000000,292.000000,0.000000
1682329276,2064.000000,296.000000,292.000000,0.000000
1682329276,1546.000000,296.000000,292.000000,0.000000
1682329276,1546.000000,296.000000,292.000000,0.000000
1682329276,1546.000000,296.000000,292.000000,0.000000
1682329276,1546.000000,296.000000,292.000000,0.000000
1682329276,1546.000000,296.000000,292.000000,0.000000
1682329276,1546.000000,296.000000,292.000000,0.000000
1682329276,1546.000000,296.000000,292.000000,0.000000
1682329276,1546.000000,296.000000,292.000000,0.000000
1682329276,1546.000000,296.000000,292.000000,0.000000
1682329276,1546.000000,296.000000,292.000000,0.000000
1682329276,1546.000000,296.000000,292.000000,0.000000
1682329276,1546.000000,296.000000,292.000000,0.000000
1682329276,1546.000000,296.000000,292.000000,0.000000
1682329276,1546.000000,296.000000,292.000000,0.000000
1682329276,1546.000000,296.000000,292.000000,0.000000
1682329276,1546.000000,296.000000,292.000000,0.000000
1682329276,1546.000000,296.000000,292.000000,0.000000
1682329276,1546.000000,296.000000,292.000000,0.000000
1682329276,1546.000000,296.000000,292.000000,0.000000
1682329276,1546.000000,296.000000,292.000000,0.000000
1682329276,1633.000000,296.000000,292.000000,0.000000
1682329276,1633.000000,296.000000,292.000000,0.000000
1682329276,1633.000000,296.000000,292.000000,0.000000
1682329276,1633.000000,296.000000,292.000000,0.000000
1682329276,1633.000000,296.000000,292.000000,0.000000
1682329276,1633.000000,296.000000,292.000000,0.000000
1682329276,1633.000000,296.000000,292.000000,0.000000
1682329276,1633.000000,296.000000,292.000000,0.000000
1682329277,1633.000000,296.000000,292.000000,0.000000
1682329277,1633.000000,296.000000,292.000000,0.000000
1682329277,1909.000000,296.000000,292.000000,0.000000
1682329277,1909.000000,296.000000,292.000000,0.000000
1682329277,1909.000000,296.000000,292.000000,0.000000
1682329277,1909.000000,296.000000,292.000000,0.000000
1682329277,1909.000000,296.000000,292.000000,0.000000
1682329277,1909.000000,296.000000,292.000000,0.000000
1682329277,1909.000000,296.000000,292.000000,0.000000
1682329277,1909.000000,296.000000,292.000000,0.000000
1682329277,1909.000000,296.000000,292.000000,0.000000
1682329277,1909.000000,296.000000,292.000000,0.000000
1682329277,1909.000000,296.000000,292.000000,0.000000
1682329277,1909.000000,296.000000,292.000000,0.000000
1682329277,1909.000000,296.000000,292.000000,0.000000
1682329277,1909.000000,296.000000,292.000000,0.000000
1682329277,1909.000000,296.000000,292.000000,0.000000
1682329277,1909.000000,296.000000,292.000000,0.000000
1682329277,1909.000000,296.000000,292.000000,0.000000
1682329277,1909.000000,296.000000,292.000000,0.000000
1682329277,1909.000000,296.000000,292.000000,0.000000
1682329277,1909.000000,296.000000,292.000000,0.000000
1682329277,1605.000000,296.000000,292.000000,0.000000
1682329277,1605.000000,296.000000,292.000000,0.000000
1682329277,1605.000000,296.000000,292.000000,0.000000
1682329277,1605.000000,296.000000,292.000000,0.000000
1682329277,1605.000000,296.000000,292.000000,0.000000
1682329277,1605.000000,296.000000,292.000000,0.000000
1682329277,1605.000000,296.000000,292.000000,0.000000
1682329277,1605.000000,296.000000,292.000000,0.000000
1682329277,1605.000000,296.000000,292.000000,0.000000
1682329277,1605.000000,296.000000,292.000000,0.000000
1682329277,1605.000000,296.000000,292.000000,0.000000
1682329277,1605.000000,296.000000,292.000000,0.000000
1682329277,1605.000000,296.000000,292.000000,0.000000
1682329277,1605.000000,296.000000,292.000000,0.000000
1682329277,2188.000000,296.000000,292.000000,0.000000
1682329277,2188.000000,296.000000,292.000000,0.000000
1682329277,2188.000000,296.000000,292.000000,0.000000
1682329277,2188.000000,296.000000,292.000000,0.000000
1682329277,2188.000000,296.000000,292.000000,0.000000
1682329277,2188.000000,296.000000,292.000000,0.000000
1682329277,1750.000000,296.000000,292.000000,0.000000
1682329277,1750.000000,296.000000,292.000000,0.000000
1682329277,1750.000000,296.000000,292.000000,0.000000
1682329277,1750.000000,296.000000,292.000000,0.000000
1682329277,1750.000000,296.000000,292.000000,0.000000
1682329277,1750.000000,296.000000,292.000000,0.000000
1682329277,1750.000000,296.000000,292.000000,0.000000
1682329277,1750.000000,296.000000,292.000000,0.000000
1682329277,1750.000000,296.000000,292.000000,0.000000
1682329278,1750.000000,296.000000,292.000000,0.000000
1682329278,1782.000000,296.000000,292.000000,0.000000
1682329278,1782.000000,296.000000,292.000000,0.000000
1682329278,1782.000000,296.000000,292.000000,0.000000
1682329278,1782.000000,296.000000,292.000000,0.000000
1682329278,1782.000000,296.000000,292.000000,0.000000
1682329278,1782.000000,296.000000,292.000000,0.000000
1682329278,1782.000000,296.000000,292.000000,0.000000
1682329278,1782.000000,296.000000,292.000000,0.000000
1682329278,1782.000000,296.000000,292.000000,0.000000
1682329278,1782.000000,296.000000,292.000000,0.000000
1682329278,351.000000,351.000000,295.000000,0.000000
1682329278,351.000000,351.000000,300.000000,0.000000
1682329278,351.000000,351.000000,307.000000,0.000000
1682329278,351.000000,351.000000,315.000000,0.000000
1682329278,351.000000,351.000000,324.000000,0.000000
1682329278,351.000000,351.000000,332.000000,0.000000
1682329278,351.000000,351.000000,339.000000,0.000000
1682329278,351.000000,351.000000,344.000000,0.000000
1682329278,351.000000,351.000000,347.000000,0.000000
1682329278,351.000000,351.000000,347.000000,0.000000
1682329278,351.000000,351.000000,347.000000,0.000000
1682329278,351.000000,351.000000,347.000000,0.000000
1682329278,351.000000,351.000000,347.000000,0.000000
1682329278,351.000000,351.000000,347.000000,0.000000
1682329278,351.000000,351.000000,347.000000,0.000000
1682329278,351.000000,351.000000,347.000000,0.000000
1682329278,351.000000,351.000000,347.000000,0.000000
1682329278,1519.000000,351.000000,347.000000,0.000000
1682329278,1519.000000,351.000000,347.000000,0.000000
1682329278,1519.000000,351.000000,347.000000,0.000000
1682329278,1519.000000,351.000000,347.000000,0.000000
1682329278,1519.000000,351.000000,347.000000,0.000000
1682329278,1519.000000,351.000000,347.000000,0.000000
1682329278,1519.000000,351.000000,347.000000,0.000000
1682329278,1519.000000,351.000000,347.000000,0.000000
1682329278,1519.000000,351.000000,347.000000,0.000000
1682329278,1519.000000,351.000000,347.000000,0.000000
1682329278,1801.000000,351.000000,347.000000,0.000000
1682329278,1801.000000,351.000000,347.000000,0.000000
1682329278,1801.000000,351.000000,347.000000,0.000000
1682329278,1801.000000,351.000000,347.000000,0.000000
1682329278,1801.000000,351.000000,347.000000,0.000000
1682329278,1801.000000,351.000000,347.000000,0.000000
1682329278,1801.000000,351.000000,347.000000,0.000000
1682329278,1801.000000,351.000000,347.000000,0.000000
1682329278,1801.000000,351.000000,347.000000,0.000000
1682329278,1801.000000,351.000000,347.000000,0.000000
1682329278,1801.000000,351.000000,347.000000,0.000000
1682329278,1801.000000,351.000000,347.000000,0.000000
1682329278,1801.000000,351.000000,347.000000,0.000000
1682329279,1801.000000,351.000000,347.000000,0.000000
1682329279,1801.000000,351.000000,347.000000,0.000000
1682329279,1801.000000,351.000000,347.000000,0.000000
1682329279,1801.000000,351.000000,347.000000,0.000000
1682329279,1801.000000,351.000000,347.000000,0.000000
1682329279,1801.000000,351.000000,347.000000,0.000000
1682329279,1801.000000,351.000000,347.000000,0.000000
1682329279,1440.000000,351.000000,347.000000,0.000000
1682329279,1440.000000,351.000000,347.000000,0.000000
1682329279,1440.000000,351.000000,347.000000,0.000000
1682329279,1440.000000,351.000000,347.000000,0.000000
1682329279,1440.000000,351.000000,347.000000,0.000000
1682329279,1440.000000,351.000000,347.000000,0.000000
1682329279,1440.000000,351.000000,347.000000,0.000000
1682329279,1533.000000,351.000000,347.000000,0.000000
1682329279,1533.000000,351.000000,347.000000,0.000000
1682329279,1533.000000,351.000000,347.000000,0.000000
1682329279,1533.000000,351.000000,347.000000,0.000000
1682329279,1533.000000,351.000000,347.000000,0.000000
1682329279,1533.000000,351.000000,347.000000,0.000000
1682329279,1533.000000,351.000000,347.000000,0.000000
1682329279,1533.000000,351.000000,347.000000,0.000000
1682329279,1533.000000,351.000000,347.000000,0.000000
1682329279,1533.000000,351.000000,347.000000,0.000000
1682329279,1533.000000,351.000000,347.000000,0.000000
1682329279,1533.000000,351.000000,347.000000,0.000000
1682329279,1533.000000,351.000000,347.000000,0.000000
1682329279,1533.000000,351.000000,347.000000,0.000000
1682329279,1533.000000,351.000000,347.000000,0.000000
1682329279,1533.000000,351.000000,347.000000,0.000000
1682329279,1544.000000,351.000000,347.000000,0.000000
1682329279,1544.000000,351.000000,347.000000,0.000000
1682329279,1544.000000,351.000000,347.000000,0.000000
1682329279,1544.000000,351.000000,347.000000,0.000000
1682329279,1544.000000,351.000000,347.000000,0.000000
1682329279,1544.000000,351.000000,347.000000,0.000000
1682329279,1544.000000,351.000000,347.000000,0.000000
1682329279,1544.000000,351.000000,347.000000,0.000000
1682329279,1544.000000,351.000000,347.000000,0.000000
1682329279,1544.000000,351.000000,347.000000,0.000000
1682329279,1544.000000,351.000000,347.000000,0.000000
1682329279,1544.000000,351.000000,347.000000,0.000000
1682329279,1544.000000,351.000000,347.000000,0.000000
1682329279,1544.000000,351.000000,347.000000,0.000000
1682329279,1544.000000,351.000000,347.000000,0.000000
1682329279,1544.000000,351.000000,347.000000,0.000000
1682329279,1544.000000,351.000000,347.000000,0.000000
1682329279,1544.000000,351.000000,347.000000,0.000000
1682329279,1544.000000,351.000000,347.000000,0.000000
1682329279,1544.000000,351.000000,347.000000,0.000000
1682329279,1544.000000,351.000000,347.000000,0.000000
1682329279,1544.000000,351.000000,347.000000,0.000000
1682329279,1544.000000,351.000000,347.000000,0.000000
1682329280,1544.000000,351.000000,347.000000,0.000000
1682329280,2109.000000,351.000000,347.000000,0.000000
1682329280,2109.000000,351.000000,347.000000,0.000000
1682329280,2109.000000,351.000000,347.000000,0.000000
1682329280,2109.000000,351.000000,347.000000,0.000000
1682329280,2109.000000,351.000000,347.000000,0.000000
1682329280,2109.000000,351.000000,347.000000,0.000000
1682329280,2109.000000,351.000000,347.000000,0.000000
1682329280,2109.000000,351.000000,347.000000,0.000000
1682329280,2109.000000,351.000000,347.000000,0.000000
1682329280,2109.000000,351.000000,347.000000,0.000000
1682329280,2109.000000,351.000000,347.000000,0.000000
1682329280,2109.000000,351.000000,347.000000,0.000000
1682329280,2109.000000,351.000000,347.000000,0.000000
1682329280,2109.000000,351.000000,347.000000,0.000000
1682329280,2109.000000,351.000000,347.000000,0.000000
1682329280,2109.000000,351.000000,347.000000,0.000000
1682329280,2109.000000,351.000000,347.000000,0.000000
1682329280,2109.000000,351.000000,347.000000,0.000000
1682329280,2109.000000,351.000000,347.000000,0.000000
1682329280,2109.000000,351.000000,347.000000,0.000000
1682329280,2109.000000,351.000000,347.000000,0.000000
1682329280,2109.000000,351.000000,347.000000,0.000000
1682329280,2109.000000,351.000000,347.000000,0.000000
1682329280,2109.000000,351.000000,347.000000,0.000000
1682329280,2109.000000,351.000000,347.000000,0.000000
1682329280,2109.000000,351.000000,347.000000,0.000000
1682329280,2109.000000,351.000000,347.000000,0.000000
1682329280,2109.000000,351.000000,347.000000,0.000000
1682329280,2109.000000,351.000000,347.000000,0.000000
1682329280,2109.000000,351.000000,347.000000,0.000000
1682329280,2109.000000,351.000000,347.000000,0.000000
1682329280,2109.000000,351.000000,347.000000,0.000000
1682329280,2109.000000,351.000000,347.000000,0.000000
1682329280,2109.000000,351.000000,347.000000,0.000000
1682329280,2109.000000,351.000000,347.000000,0.000000
1682329280,2109.000000,351.000000,347.000000,0.000000
1682329280,2109.000000,351.000000,347.000000,0.000000
1682329280,2109.000000,351.000000,347.000000,0.000000
1682329280,2109.000000,351.000000,347.000000,0.000000
1682329280,2109.000000,351.000000,347.000000,0.000000
1682329280,2109.000000,351.000000,347.000000,0.000000
1682329280,2109.000000,351.000000,347.000000,0.000000
1682329280,2109.000000,351.000000,347.000000,0.000000
1682329280,2109.000000,351.000000,347.000000,0.000000
1682329280,2109.000000,351.000000,347.000000,0.000000
1682329280,2109.000000,351.000000,347.000000,0.000000
1682329280,2109.000000,351.000000,347.000000,0.000000
1682329280,2109.000000,351.000000,347.000000,0.000000
1682329280,2109.000000,351.000000,347.000000,0.000000
1682329280,1720.000000,351.000000,347.000000,0.000000
1682329280,1720.000000,351.000000,347.000000,0.000000
1682329280,1720.000000,351.000000,347.000000,0.000000
1682329281,1720.000000,351.000000,347.000000,0.000000
1682329281,1720.000000,351.000000,347.000000,0.000000
1682329281,1720.000000,351.000000,347.000000,0.000000
1682329281,1720.000000,351.000000,347.000000,0.000000
1682329281,1720.000000,351.000000,347.000000,0.000000
1682329281,1720.000000,351.000000,347.000000,0.000000
1682329281,1720.000000,351.000000,347.000000,0.000000
1682329281,1720.000000,351.000000,347.000000,0.000000
1682329281,1720.000000,351.000000,347.000000,0.000000
1682329281,1720.000000,351.000000,347.000000,0.000000
1682329281,1720.000000,351.000000,347.000000,0.000000
1682329281,1720.000000,351.000000,347.000000,0.000000
1682329281,1720.000000,351.000000,347.000000,0.000000
1682329281,1720.000000,351.000000,347.000000,0.000000
1682329281,1720.000000,351.000000,347.000000,0.000000
1682329281,1720.000000,351.000000,347.000000,0.000000
1682329281,1720.000000,351.000000,347.000000,0.000000
1682329281,1720.000000,351.000000,347.000000,0.000000
1682329281,1720.000000,351.000000,347.000000,0.000000
1682329281,1720.000000,351.000000,347.000000,0.000000
1682329281,1720.000000,351.000000,347.000000,0.000000
1682329281,1720.000000,351.000000,347.000000,0.000000
1682329281,1720.000000,351.000000,347.000000,0.000000
1682329281,1720.000000,351.000000,347.000000,0.000000
1682329281,1720.000000,351.000000,347.000000,0.000000
1682329281,1720.000000,351.000000,347.000000,0.000000
1682329281,1720.000000,351.000000,347.000000,0.000000
1682329281,1720.000000,351.000000,347.000000,0.000000
1682329281,1720.000000,351.000000,347.000000,0.000000
1682329281,1720.000000,351.000000,347.000000,0.000000
1682329281,1720.000000,351.000000,347.000000,0.000000
1682329281,1720.000000,351.000000,347.000000,0.000000
1682329281,1720.000000,351.000000,347.000000,0.000000
1682329281,1720.000000,351.000000,347.000000,0.000000
1682329281,1720.000000,351.000000,347.000000,0.000000
1682329281,1720.000000,351.000000,347.000000,0.000000
1682329281,1720.000000,351.000000,347.000000,0.000000
1682329281,1720.000000,351.000000,347.000000,0.000000
1682329281,1720.000000,351.000000,347.000000,0.000000
1682329281,1720.000000,351.000000,347.000000,0.000000
1682329281,1720.000000,351.000000,347.000000,0.000000
1682329281,1720.000000,351.000000,347.000000,0.000000
1682329281,1720.000000,351.000000,347.000000,0.000000
1682329281,1720.000000,351.000000,347.000000,0.000000
1682329281,1720.000000,351.000000,347.000000,0.000000
1682329281,1720.000000,351.000000,347.000000,0.000000
1682329281,1720.000000,351.000000,347.000000,0.000000
1682329281,1720.000000,351.000000,347.000000,0.000000
1682329281,1720.000000,351.000000,347.000000,0.000000
1682329281,1720.000000,351.000000,347.000000,0.000000
1682329281,1720.000000,351.000000,347.000000,0.000000
1682329281,1720.000000,351.000000,347.000000,0.000000
1682329281,1720.000000,351.000000,347.000000,0.000000
1682329281,1720.000000,351.000000,347.000000,0.000000
1682329281,1720.000000,351.000000,347.000000,0.000000
1682329281,1720.000000,351.000000,347.000000,0.000000
1682329282,1720.000000,351.000000,347.000000,0.000000
1682329282,1989.000000,351.000000,347.000000,0.000000
1682329282,1989.000000,351.000000,347.000000,0.000000
1682329282,1989.000000,351.000000,347.000000,0.000000
1682329282,1989.000000,351.000000,347.000000,0.000000
1682329282,1989.000000,351.000000,347.000000,0.000000
1682329282,1989.000000,351.000000,347.000000,0.000000
1682329282,1989.000000,351.000000,347.000000,0.000000
1682329282,1989.000000,351.000000,347.000000,0.000000
1682329282,1989.000000,351.000000,347.000000,0.000000
1682329282,1989.000000,351.000000,347.000000,0.000000
1682329282,1989.000000,351.000000,347.000000,0.000000
1682329282,1989.000000,351.000000,347.000000,0.000000
1682329282,1989.000000,351.000000,347.000000,0.000000
1682329282,1989.000000,351.000000,347.000000,0.000000
1682329282,1989.000000,351.000000,347.000000,0.000000
1682329282,1989.000000,351.000000,347.000000,0.000000
1682329282,1989.000000,351.000000,347.000000,0.000000
1682329282,1989.000000,351.000000,347.000000,0.000000
1682329282,1989.000000,351.000000,347.000000,0.000000
1682329282,1989.000000,351.000000,347.000000,0.000000
1682329282,1989.000000,351.000000,347.000000,0.000000
1682329282,1989.000000,351.000000,347.000000,0.000000
1682329282,1989.000000,351.000000,347.000000,0.000000
1682329282,1989.000000,351.000000,347.000000,0.000000
1682329282,1989.000000,351.000000,347.000000,0.000000
1682329282,1989.000000,351.000000,347.000000,0.000000
1682329282,1989.000000,351.000000,347.000000,0.000000
1682329282,2030.000000,351.000000,347.000000,0.000000
1682329282,2030.000000,351.000000,347.000000,0.000000
1682329282,2030.000000,351.000000,347.000000,0.000000
1682329282,2030.000000,351.000000,347.000000,0.000000
1682329282,2030.000000,351.000000,347.000000,0.000000
1682329282,2030.000000,351.000000,347.000000,0.000000
1682329282,1497.000000,351.000000,347.000000,0.000000
1682329282,1497.000000,351.000000,347.000000,0.000000
1682329282,1497.000000,351.000000,347.000000,0.000000
1682329282,1497.000000,351.000000,347.000000,0.000000
1682329282,1497.000000,351.000000,347.000000,0.000000
1682329282,1497.000000,351.000000,347.000000,0.000000
1682329282,1497.000000,351.000000,347.000000,0.000000
1682329282,1497.000000,351.000000,347.000000,0.000000
1682329282,1497.000000,351.000000,347.000000,0.000000
1682329282,1497.000000,351.000000,347.000000,0.000000
1682329282,1497.000000,351.000000,347.000000,0.000000
1682329282,1497.000000,351.000000,347.000000,0.000000
1682329282,1497.000000,351.000000,347.000000,0.000000
1682329282,1497.000000,351.000000,347.000000,0.000000
1682329282,1497.000000,351.000000,347.000000,0.000000
1682329282,1497.000000,351.000000,347.000000,0.000000
1682329282,1497.000000,351.000000,347.000000,0.000000
1682329282,1497.000000,351.000000,347.000000,0.000000
1682329282,1497.000000,351.000000,347.000000,0.000000
1682329282,1497.000000,351.000000,347.000000,0.000000
1682329282,1497.000000,351.000000,347.000000,0.000000
1682329282,1497.000000,351.000000,347.000000,0.000000
1682329282,1497.000000,351.000000,347.000000,0.000000
1682329283,1783.000000,351.000000,347.000000,0.000000
1682329283,1783.000000,351.000000,347.000000,0.000000
1682329283,1783.000000,351.000000,347.000000,0.000000
1682329283,1783.000000,351.000000,347.000000,0.000000
1682329283,1783.000000,351.000000,347.000000,0.000000
1682329283,1783.000000,351.000000,347.000000,0.000000
1682329283,1783.000000,351.000000,347.000000,0.000000
1682329283,1783.000000,351.000000,347.000000,0.000000
1682329283,1783.000000,351.000000,347.000000,0.000000
1682329283,1783.000000,351.000000,347.000000,0.000000
1682329283,1783.000000,351.000000,347.000000,0.000000
1682329283,1783.000000,351.000000,347.000000,0.000000
1682329283,1783.000000,351.000000,347.000000,0.000000
1682329283,1783.000000,351.000000,347.000000,0.000000
1682329283,1783.000000,351.000000,347.000000,0.000000
1682329283,1783.000000,351.000000,347.000000,0.000000
1682329283,1783.000000,351.000000,347.000000,0.000000
1682329283,1531.000000,351.000000,347.000000,0.000000
1682329283,1531.000000,351.000000,347.000000,0.000000
1682329283,1531.000000,351.000000,347.000000,0.000000
1682329283,1586.000000,351.000000,347.000000,0.000000
1682329283,1586.000000,351.000000,347.000000,0.000000
1682329283,1586.000000,351.000000,347.000000,0.000000
1682329283,1586.000000,351.000000,347.000000,0.000000
1682329283,1586.000000,351.000000,347.000000,0.000000
1682329283,1586.000000,351.000000,347.000000,0.000000
1682329283,1586.000000,351.000000,347.000000,0.000000
1682329283,1586.000000,351.000000,347.000000,0.000000
1682329283,1586.000000,351.000000,347.000000,0.000000
1682329283,1586.000000,351.000000,347.000000,0.000000
1682329283,1586.000000,351.000000,347.000000,0.000000
1682329283,1586.000000,351.000000,347.000000,0.000000
1682329283,1586.000000,351.000000,347.000000,0.000000
1682329283,1586.000000,351.000000,347.000000,0.000000
1682329283,1586.000000,351.000000,347.000000,0.000000
1682329283,1586.000000,351.000000,347.000000,0.000000
1682329283,1586.000000,351.000000,347.000000,0.000000
1682329283,1586.000000,351.000000,347.000000,0.000000
1682329283,1586.000000,351.000000,347.000000,0.000000
1682329283,1586.000000,351.000000,347.000000,0.000000
1682329283,1709.000000,351.000000,347.000000,0.000000
1682329283,1709.000000,351.000000,347.000000,0.000000
1682329283,1709.000000,351.000000,347.000000,0.000000
1682329283,1709.000000,351.000000,347.000000,0.000000
1682329283,1709.000000,351.000000,347.000000,0.000000
1682329283,1709.000000,351.000000,347.000000,0.000000
1682329283,1709.000000,351.000000,347.000000,0.000000
1682329283,1709.000000,351.000000,347.000000,0.000000
1682329283,1709.000000,351.000000,347.000000,0.000000
1682329283,1709.000000,351.000000,347.000000,0.000000
1682329283,1709.000000,351.000000,347.000000,0.000000
1682329283,1709.000000,351.000000,347.000000,0.000000
1682329283,1709.000000,351.000000,347.000000,0.000000
1682329284,1709.000000,351.000000,347.000000,0.000000
1682329284,1709.000000,351.000000,347.000000,0.000000
1682329284,1709.000000,351.000000,347.000000,0.000000
1682329284,1709.000000,351.000000,347.000000,0.000000
1682329284,1632.000000,351.000000,347.000000,0.000000
1682329284,1632.000000,351.000000,347.000000,0.000000
1682329284,1632.000000,351.000000,347.000000,0.000000
1682329284,1632.000000,351.000000,347.000000,0.000000
1682329284,1632.000000,351.000000,347.000000,0.000000
1682329284,1632.000000,351.000000,347.000000,0.000000
1682329284,1632.000000,351.000000,347.000000,0.000000
1682329284,1632.000000,351.000000,347.000000,0.000000
1682329284,1632.000000,351.000000,347.000000,0.000000
1682329284,1632.000000,351.000000,347.000000,0.000000
1682329284,1632.000000,351.000000,347.000000,0.000000
1682329284,1632.000000,351.000000,347.000000,0.000000
1682329284,1632.000000,351.000000,347.000000,0.000000
1682329284,2029.000000,351.000000,347.000000,0.000000
1682329284,2029.000000,351.000000,347.000000,0.000000
1682329284,2029.000000,351.000000,347.000000,0.000000
1682329284,1540.000000,351.000000,347.000000,0.000000
1682329284,1540.000000,351.000000,347.000000,0.000000
1682329284,1540.000000,351.000000,347.000000,0.000000
1682329284,1540.000000,351.000000,347.000000,0.000000
1682329284,1630.000000,351.000000,347.000000,0.000000
1682329284,1630.000000,351.000000,347.000000,0.000000
1682329284,1630.000000,351.000000,347.000000,0.000000
1682329284,1630.000000,351.000000,347.000000,0.000000
1682329284,1630.000000,351.000000,347.000000,0.000000
1682329284,1630.000000,351.000000,347.000000,0.000000
1682329284,1630.000000,351.000000,347.000000,0.000000
1682329284,1630.000000,351.000000,347.000000,0.000000
1682329284,1630.000000,351.000000,347.000000,0.000000
1682329284,1630.000000,351.000000,347.000000,0.000000
1682329284,1829.000000,351.000000,347.000000,0.000000
1682329284,1829.000000,351.000000,347.000000,0.000000
1682329284,1829.000000,351.000000,347.000000,0.000000
1682329284,1829.000000,351.000000,347.000000,0.000000
1682329284,1829.000000,351.000000,347.000000,0.000000
1682329284,1829.000000,351.000000,347.000000,0.000000
1682329284,1709.000000,351.000000,347.000000,0.000000
1682329284,1709.000000,351.000000,347.000000,0.000000
1682329284,1709.000000,351.000000,347.000000,0.000000
1682329284,1709.000000,351.000000,347.000000,0.000000
1682329284,1709.000000,351.000000,347.000000,0.000000
1682329284,1709.000000,351.000000,347.000000,0.000000
1682329284,1709.000000,351.000000,347.000000,0.000000
1682329284,1709.000000,351.000000,347.000000,0.000000
1682329284,1709.000000,351.000000,347.000000,0.000000
1682329284,1709.000000,351.000000,347.000000,0.000000
1682329284,1519.000000,351.000000,347.000000,0.000000
1682329284,1519.000000,351.000000,347.000000,0.000000
1682329284,1519.000000,351.000000,347.000000,0.000000
1682329285,1519.000000,351.000000,347.000000,0.000000
1682329285,1519.000000,351.000000,347.000000,0.000000
1682329285,1519.000000,351.000000,347.000000,0.000000
1682329285,1519.000000,351.000000,347.000000,0.000000
1682329285,1519.000000,351.000000,347.000000,0.000000
1682329285,1519.000000,351.000000,347.000000,0.000000
1682329285,1519.000000,351.000000,347.000000,0.000000
1682329285,1519.000000,351.000000,347.000000,0.000000
1682329285,1519.000000,351.000000,347.000000,0.000000
1682329285,1519.000000,351.000000,347.000000,0.000000
1682329285,1519.000000,351.000000,347.000000,0.000000
1682329285,1519.000000,351.000000,347.000000,0.000000
1682329285,1519.000000,351.000000,347.000000,0.000000
1682329285,1519.000000,351.000000,347.000000,0.000000
1682329285,1519.000000,351.000000,347.000000,0.000000
1682329285,1519.000000,351.000000,347.000000,0.000000
1682329285,1519.000000,351.000000,347.000000,0.000000
1682329285,1519.000000,351.000000,347.000000,0.000000
1682329285,441.000000,441.000000,352.000000,0.000000
1682329285,441.000000,441.000000,360.000000,0.000000
1682329285,441.000000,441.000000,371.000000,0.000000
1682329285,441.000000,441.000000,384.000000,0.000000
1682329285,441.000000,441.000000,398.000000,0.000000
1682329285,441.000000,441.000000,411.000000,0.000000
1682329285,441.000000,441.000000,422.000000,0.000000
1682329285,441.000000,441.000000,430.000000,0.000000
1682329285,441.000000,441.000000,435.000000,0.000000
1682329285,441.000000,441.000000,435.000000,0.000000
1682329285,441.000000,441.000000,435.000000,0.000000
1682329285,441.000000,441.000000,435.000000,0.000000
1682329285,441.000000,441.000000,435.000000,0.000000
1682329285,441.000000,441.000000,435.000000,0.000000
1682329285,441.000000,441.000000,435.000000,0.000000
1682329285,441.000000,441.000000,435.000000,0.000000
1682329285,441.000000,441.000000,435.000000,0.000000
1682329285,441.000000,441.000000,435.000000,0.000000
1682329285,441.000000,441.000000,435.000000,0.000000
1682329285,441.000000,441.000000,435.000000,0.000000
1682329285,441.000000,441.000000,435.000000,0.000000
1682329285,441.000000,441.000000,435.000000,0.000000
1682329285,441.000000,441.000000,435.000000,0.000000
1682329285,441.000000,441.000000,435.000000,0.000000
1682329285,441.000000,441.000000,435.000000,0.000000
1682329285,441.000000,441.000000,435.000000,0.000000
1682329285,441.000000,441.000000,435.000000,0.000000
1682329285,441.000000,441.000000,435.000000,0.000000
1682329285,441.000000,441.000000,435.000000,0.000000
1682329285,441.000000,441.000000,435.000000,0.000000
1682329285,441.000000,441.000000,435.000000,0.000000
1682329285,424.000000,424.000000,434.000000,0.000000
1682329285,424.000000,424.000000,433.000000,0.000000
1682329285,424.000000,424.000000,431.000000,0.000000
1682329285,424.000000,424.000000,429.000000,0.000000
1682329285,424.000000,424.000000,427.000000,0.000000
1682329285,424.000000,424.000000,425.000000,0.000000
1682329285,424.000000,424.000000,423.000000,0.000000
1682329285,424.000000,424.000000,422.000000,0.000000
1682329285,424.000000,424.000000,421.000000,0.000000
1682329285,424.000000,424.000000,421.000000,0.000000
1682329285,356.000000,356.000000,417.000000,0.000000
1682329285,356.000000,356.000000,411.000000,0.000000
1682329285,356.000000,356.000000,402.000000,0.000000
1682329286,356.000000,356.000000,391.000000,0.000000
1682329286,356.000000,356.000000,380.000000,0.000000
1682329286,356.000000,356.000000,369.000000,0.000000
1682329286,356.000000,356.000000,360.000000,0.000000
1682329286,329.000000,329.000000,353.000000,0.000000
1682329286,329.000000,329.000000,346.000000,0.000000
1682329286,329.000000,329.000000,343.000000,0.000000
1682329286,329.000000,329.000000,339.000000,0.000000
1682329286,329.000000,329.000000,335.000000,0.000000
1682329286,329.000000,329.000000,331.000000,0.000000
1682329286,329.000000,329.000000,328.000000,0.000000
1682329286,329.000000,329.000000,325.000000,0.000000
1682329286,329.000000,329.000000,324.000000,0.000000
1682329286,329.000000,329.000000,324.000000,0.000000
1682329286,329.000000,329.000000,324.000000,0.000000
1682329286,329.000000,329.000000,324.000000,0.000000
1682329286,329.000000,329.000000,324.000000,0.000000
1682329286,329.000000,329.000000,324.000000,0.000000
1682329286,329.000000,329.000000,324.000000,0.000000
1682329286,329.000000,329.000000,324.000000,0.000000
1682329286,329.000000,329.000000,324.000000,0.000000
1682329286,329.000000,329.000000,324.000000,0.000000
1682329286,329.000000,329.000000,324.000000,0.000000
1682329286,329.000000,329.000000,324.000000,0.000000
1682329286,329.000000,329.000000,324.000000,0.000000
1682329286,329.000000,329.000000,324.000000,0.000000
1682329286,329.000000,329.000000,324.000000,0.000000
1682329286,329.000000,329.000000,324.000000,0.000000
1682329286,329.000000,329.000000,324.000000,0.000000
1682329286,329.000000,329.000000,324.000000,0.000000
1682329286,329.000000,329.000000,324.000000,0.000000
1682329286,329.000000,329.000000,324.000000,0.000000
1682329286,329.000000,329.000000,324.000000,0.000000
1682329286,329.000000,329.000000,324.000000,0.000000
1682329286,329.000000,329.000000,324.000000,0.000000
1682329286,1627.000000,329.000000,324.000000,0.000000
1682329286,1627.000000,329.000000,324.000000,0.000000
1682329286,1627.000000,329.000000,324.000000,0.000000
1682329286,1627.000000,329.000000,324.000000,0.000000
1682329286,1627.000000,329.000000,324.000000,0.000000
1682329286,1627.000000,329.000000,324.000000,0.000000
1682329286,1627.000000,329.000000,324.000000,0.000000
1682329286,1627.000000,329.000000,324.000000,0.000000
1682329286,1627.000000,329.000000,324.000000,0.000000
1682329286,1627.000000,329.000000,324.000000,0.000000
1682329286,1627.000000,329.000000,324.000000,0.000000
1682329286,1627.000000,329.000000,324.000000,0.000000
1682329286,1627.000000,329.000000,324.000000,0.000000
1682329286,2047.000000,329.000000,324.000000,0.000000
1682329286,2047.000000,329.000000,324.000000,0.000000
1682329286,2047.000000,329.000000,324.000000,0.000000
1682329286,2047.000000,329.000000,324.000000,0.000000
1682329286,2047.000000,329.000000,324.000000,0.000000
1682329286,2047.000000,329.000000,324.000000,0.000000
1682329286,2047.000000,329.000000,324.000000,0.000000
1682329286,2047.000000,329.000000,324.000000,0.000000
1682329286,2047.000000,329.000000,324.000000,0.000000
1682329286,2047.000000,329.000000,324.000000,0.000000
1682329286,1533.000000,329.000000,324.000000,0.000000
1682329286,1533.000000,329.000000,324.000000,0.000000
1682329286,1533.000000,329.000000,324.000000,0.000000
1682329286,1533.000000,329.000000,324.000000,0.000000
1682329286,1533.000000,329.000000,324.000000,0.000000
1682329287,1533.000000,329.000000,324.000000,0.000000
1682329287,1533.000000,329.000000,324.000000,0.000000
1682329287,1533.000000,329.000000,324.000000,0.000000
1682329287,1533.000000,329.000000,324.000000,0.000000
1682329287,1518.000000,329.000000,324.000000,0.000000
1682329287,1518.000000,329.000000,324.000000,0.000000
1682329287,1518.000000,329.000000,324.000000,0.000000
1682329287,1518.000000,329.000000,324.000000,0.000000
1682329287,1518.000000,329.000000,324.000000,0.000000
1682329287,1518.000000,329.000000,324.000000,0.000000
1682329287,1518.000000,329.000000,324.000000,0.000000
1682329287,2154.000000,329.000000,324.000000,0.000000
1682329287,2154.000000,329.000000,324.000000,0.000000
1682329287,2154.000000,329.000000,324.000000,0.000000
1682329287,2154.000000,329.000000,324.000000,0.000000
1682329287,2154.000000,329.000000,324.000000,0.000000
1682329287,2154.000000,329.000000,324.000000,0.000000
1682329287,2154.000000,329.000000,324.000000,0.000000
1682329287,2154.000000,329.000000,324.000000,0.000000
1682329287,2154.000000,329.000000,324.000000,0.000000
1682329287,2154.000000,329.000000,324.000000,0.000000
1682329287,2154.000000,329.000000,324.000000,0.000000
1682329287,2154.000000,329.000000,324.000000,0.000000
1682329287,2154.000000,329.000000,324.000000,0.000000
1682329287,2154.000000,329.000000,324.000000,0.000000
1682329287,2154.000000,329.000000,324.000000,0.000000
1682329287,2154.000000,329.000000,324.000000,0.000000
1682329287,2154.000000,329.000000,324.000000,0.000000
1682329287,2154.000000,329.000000,324.000000,0.000000
1682329287,2154.000000,329.000000,324.000000,0.000000
1682329287,2154.000000,329.000000,324.000000,0.000000
1682329287,2154.000000,329.000000,324.000000,0.000000
1682329287,2154.000000,329.000000,324.000000,0.000000
1682329287,2154.000000,329.000000,324.000000,0.000000
1682329287,1433.000000,329.000000,324.000000,0.000000
1682329287,1433.000000,329.000000,324.000000,0.000000
1682329287,1433.000000,329.000000,324.000000,0.000000
1682329287,1433.000000,329.000000,324.000000,0.000000
1682329287,1445.000000,329.000000,324.000000,0.000000
1682329287,1445.000000,329.000000,324.000000,0.000000
1682329287,1445.000000,329.000000,324.000000,0.000000
1682329287,1445.000000,329.000000,324.000000,0.000000
1682329287,1445.000000,329.000000,324.000000,0.000000
1682329287,1445.000000,329.000000,324.000000,0.000000
1682329287,1445.000000,329.000000,324.000000,0.000000
1682329287,1445.000000,329.000000,324.000000,0.000000
1682329287,1445.000000,329.000000,324.000000,0.000000
1682329287,1445.000000,329.000000,324.000000,0.000000
1682329287,1445.000000,329.000000,324.000000,0.000000
1682329287,1445.000000,329.000000,324.000000,0.000000
1682329287,1445.000000,329.000000,324.000000,0.000000
1682329287,1445.000000,329.000000,324.000000,0.000000
1682329287,1445.000000,329.000000,324.000000,0.000000
1682329288,1445.000000,329.000000,324.000000,0.000000
1682329288,1445.000000,329.000000,324.000000,0.000000
1682329288,1445.000000,329.000000,324.000000,0.000000
1682329288,1445.000000,329.000000,324.000000,0.000000
1682329288,1445.000000,329.000000,324.000000,0.000000
1682329288,1706.000000,329.000000,324.000000,0.000000
1682329288,1706.000000,329.000000,324.000000,0.000000
1682329288,1706.000000,329.000000,324.000000,0.000000
1682329288,1706.000000,329.000000,324.000000,0.000000
1682329288,1706.000000,329.000000,324.000000,0.000000
1682329288,1706.000000,329.000000,324.000000,0.000000
1682329288,1706.000000,329.000000,324.000000,0.000000
1682329288,1706.000000,329.000000,324.000000,0.000000
1682329288,1706.000000,329.000000,324.000000,0.000000
1682329288,1706.000000,329.000000,324.000000,0.000000
1682329288,1706.000000,329.000000,324.000000,0.000000
1682329288,1706.000000,329.000000,324.000000,0.000000
1682329288,1706.000000,329.000000,324.000000,0.000000
1682329288,1706.000000,329.000000,324.000000,0.000000
1682329288,1706.000000,329.000000,324.000000,0.000000
1682329288,1706.000000,329.000000,324.000000,0.000000
1682329288,1706.000000,329.000000,324.000000,0.000000
1682329288,1706.000000,329.000000,324.000000,0.000000
1682329288,1706.000000,329.000000,324.000000,0.000000
1682329288,1706.000000,329.000000,324.000000,0.000000
1682329288,1706.000000,329.000000,324.000000,0.000000
1682329288,1706.000000,329.000000,324.000000,0.000000
1682329288,1706.000000,329.000000,324.000000,0.000000
1682329288,1706.000000,329.000000,324.000000,0.000000
1682329288,1706.000000,329.000000,324.000000,0.000000
1682329288,1706.000000,329.000000,324.000000,0.000000
1682329288,1730.000000,329.000000,324.000000,0.000000
1682329288,1730.000000,329.000000,324.000000,0.000000
1682329288,1730.000000,329.000000,324.000000,0.000000
1682329288,1730.000000,329.000000,324.000000,0.000000
1682329288,1730.000000,329.000000,324.000000,0.000000
1682329288,1730.000000,329.000000,324.000000,0.000000
1682329288,1730.000000,329.000000,324.000000,0.000000
1682329288,1730.000000,329.000000,324.000000,0.000000
1682329288,1730.000000,329.000000,324.000000,0.000000
1682329288,1730.000000,329.000000,324.000000,0.000000
1682329288,1730.000000,329.000000,324.000000,0.000000
1682329288,1730.000000,329.000000,324.000000,0.000000
1682329288,1730.000000,329.000000,324.000000,0.000000
1682329288,1730.000000,329.000000,324.000000,0.000000
1682329288,1730.000000,329.000000,324.000000,0.000000
1682329288,1730.000000,329.000000,324.000000,0.000000
1682329288,1730.000000,329.000000,324.000000,0.000000
1682329288,1730.000000,329.000000,324.000000,0.000000
1682329288,1730.000000,329.000000,324.000000,0.000000
1682329288,1730.000000,329.000000,324.000000,0.000000
1682329288,1730.000000,329.000000,324.000000,0.000000
1682329288,1730.000000,329.000000,324.000000,0.000000
1682329288,1730.000000,329.000000,324.000000,0.000000
1682329288,1730.000000,329.000000,324.000000,0.000000
1682329288,1730.000000,329.000000,324.000000,0.000000
1682329288,1730.000000,329.000000,324.000000,0.000000
1682329289,1730.000000,329.000000,324.000000,0.000000
1682329289,1730.000000,329.000000,324.000000,0.000000
1682329289,1730.000000,329.000000,324.000000,0.000000
1682329289,1730.000000,329.000000,324.000000,0.000000
1682329289,1730.000000,329.000000,324.000000,0.000000
1682329289,355.000000,355.000000,325.000000,0.000000
1682329289,355.000000,355.000000,328.000000,0.000000
1682329289,355.000000,355.000000,331.000000,0.000000
1682329289,355.000000,355.000000,335.000000,0.000000
1682329289,355.000000,355.000000,339.000000,0.000000
1682329289,355.000000,355.000000,343.000000,0.000000
1682329289,355.000000,355.000000,346.000000,0.000000
1682329289,355.000000,355.000000,349.000000,0.000000
1682329289,355.000000,355.000000,350.000000,0.000000
1682329289,355.000000,355.000000,350.000000,0.000000
1682329289,355.000000,355.000000,350.000000,0.000000
1682329289,355.000000,355.000000,350.000000,0.000000
1682329289,355.000000,355.000000,350.000000,0.000000
1682329289,355.000000,355.000000,350.000000,0.000000
1682329289,355.000000,355.000000,350.000000,0.000000
1682329289,355.000000,355.000000,350.000000,0.000000
1682329289,355.000000,355.000000,350.000000,0.000000
1682329289,355.000000,355.000000,350.000000,0.000000
1682329289,355.000000,355.000000,350.000000,0.000000
1682329289,355.000000,355.000000,350.000000,0.000000
1682329289,355.000000,355.000000,350.000000,0.000000
1682329289,355.000000,355.000000,350.000000,0.000000
1682329289,355.000000,355.000000,350.000000,0.000000
1682329289,355.000000,355.000000,350.000000,0.000000
1682329289,355.000000,355.000000,350.000000,0.000000
1682329289,355.000000,355.000000,350.000000,0.000000
1682329289,355.000000,355.000000,350.000000,0.000000
1682329289,355.000000,355.000000,350.000000,0.000000
1682329289,355.000000,355.000000,350.000000,0.000000
1682329289,355.000000,355.000000,350.000000,0.000000
1682329289,355.000000,355.000000,350.000000,0.000000
1682329289,355.000000,355.000000,350.000000,0.000000
1682329289,355.000000,355.000000,350.000000,0.000000
1682329289,355.000000,355.000000,350.000000,0.000000
1682329289,355.000000,355.000000,350.000000,0.000000
1682329289,355.000000,355.000000,350.000000,0.000000
1682329289,355.000000,355.000000,350.000000,0.000000
1682329289,355.000000,355.000000,350.000000,0.000000
1682329289,355.000000,355.000000,350.000000,0.000000
1682329289,355.000000,355.000000,350.000000,0.000000
1682329289,355.000000,355.000000,350.000000,0.000000
1682329289,355.000000,355.000000,350.000000,0.000000
1682329289,355.000000,355.000000,350.000000,0.000000
1682329289,355.000000,355.000000,350.000000,0.000000
1682329289,355.000000,355.000000,350.000000,0.000000
1682329289,355.000000,355.000000,350.000000,0.000000
1682329289,360.000000,360.000000,350.000000,0.000000
1682329289,360.000000,360.000000,350.000000,0.000000
1682329289,360.000000,360.000000,351.000000,0.000000
1682329289,360.000000,360.000000,352.000000,0.000000
1682329289,360.000000,360.000000,353.000000,0.000000
1682329289,360.000000,360.000000,354.000000,0.000000
1682329289,360.000000,360.000000,355.000000,0.000000
1682329289,360.000000,360.000000,355.000000,0.000000
1682329290,360.000000,360.000000,355.000000,0.000000
1682329290,360.000000,360.000000,355.000000,0.000000
1682329290,360.000000,360.000000,355.000000,0.000000
1682329290,360.000000,360.000000,355.000000,0.000000
1682329290,360.000000,360.000000,355.000000,0.000000
1682329290,360.000000,360.000000,355.000000,0.000000
1682329290,360.000000,360.000000,355.000000,0.000000
1682329290,360.000000,360.000000,355.000000,0.000000
1682329290,360.000000,360.000000,355.000000,0.000000
1682329290,360.000000,360.000000,355.000000,0.000000
1682329290,360.000000,360.000000,355.000000,0.000000
1682329290,360.000000,360.000000,355.000000,0.000000
1682329290,360.000000,360.000000,355.000000,0.000000
1682329290,360.000000,360.000000,355.000000,0.000000
1682329290,360.000000,360.000000,355.000000,0.000000
1682329290,360.000000,360.000000,355.000000,0.000000
1682329290,360.000000,360.000000,355.000000,0.000000
1682329290,360.000000,360.000000,355.000000,0.000000
1682329290,360.000000,360.000000,355.000000,0.000000
1682329290,360.000000,360.000000,355.000000,0.000000
1682329290,360.000000,360.000000,355.000000,0.000000
1682329290,360.000000,360.000000,355.000000,0.000000
1682329290,360.000000,360.000000,355.000000,0.000000
1682329290,360.000000,360.000000,355.000000,0.000000
1682329290,2031.000000,360.000000,355.000000,0.000000
1682329290,2031.000000,360.000000,355.000000,0.000000
1682329290,2031.000000,360.000000,355.000000,0.000000
1682329290,1545.000000,360.000000,355.000000,0.000000
1682329290,1545.000000,360.000000,355.000000,0.000000
1682329290,1545.000000,360.000000,355.000000,0.000000
1682329290,1545.000000,360.000000,355.000000,0.000000
1682329290,1545.000000,360.000000,355.000000,0.000000
1682329290,1545.000000,360.000000,355.000000,0.000000
1682329290,1545.000000,360.000000,355.000000,0.000000
1682329290,1545.000000,360.000000,355.000000,0.000000
1682329290,1545.000000,360.000000,355.000000,0.000000
1682329290,1545.000000,360.000000,355.000000,0.000000
1682329290,1545.000000,360.000000,355.000000,0.000000
1682329290,1545.000000,360.000000,355.000000,0.000000
1682329290,1545.000000,360.000000,355.000000,0.000000
1682329290,1545.000000,360.000000,355.000000,0.000000
1682329290,1545.000000,360.000000,355.000000,0.000000
1682329290,1545.000000,360.000000,355.000000,0.000000
1682329290,1545.000000,360.000000,355.000000,0.000000
1682329290,1630.000000,360.000000,355.000000,0.000000
1682329290,1630.000000,360.000000,355.000000,0.000000
1682329290,1630.000000,360.000000,355.000000,0.000000
1682329290,1840.000000,360.000000,355.000000,0.000000
1682329290,1840.000000,360.000000,355.000000,0.000000
1682329290,1840.000000,360.000000,355.000000,0.000000
1682329290,1840.000000,360.000000,355.000000,0.000000
1682329290,1840.000000,360.000000,355.000000,0.000000
1682329290,1840.000000,360.000000,355.000000,0.000000
1682329290,1840.000000,360.000000,355.000000,0.000000
1682329290,1840.000000,360.000000,355.000000,0.000000
1682329290,1840.000000,360.000000,355.000000,0.000000
1682329290,1840.000000,360.000000,355.000000,0.000000
1682329290,1840.000000,360.000000,355.000000,0.000000
1682329290,1840.000000,360.000000,355.000000,0.000000
1682329290,1840.000000,360.000000,355.000000,0.000000
1682329290,1840.000000,360.000000,355.000000,0.000000
1682329290,1840.000000,360.000000,355.000000,0.000000
1682329290,1840.000000,360.000000,355.000000,0.000000
1682329290,1840.000000,360.000000,355.000000,0.000000
1682329290,1840.000000,360.000000,355.000000,0.000000
1682329290,1840.000000,360.000000,355.000000,0.000000
1682329290,1840.000000,360.000000,355.000000,0.000000
1682329291,1840.000000,360.000000,355.000000,0.000000
1682329291,1840.000000,360.000000,355.000000,0.000000
1682329291,1840.000000,360.000000,355.000000,0.000000
1682329291,1840.000000,360.000000,355.000000,0.000000
1682329291,1840.000000,360.000000,355.000000,0.000000
1682329291,1840.000000,360.000000,355.000000,0.000000
1682329291,1840.000000,360.000000,355.000000,0.000000
1682329291,1840.000000,360.000000,355.000000,0.000000
1682329291,1840.000000,360.000000,355.000000,0.000000
1682329291,1840.000000,360.000000,355.000000,0.000000
1682329291,1840.000000,360.000000,355.000000,0.000000
1682329291,1840.000000,360.000000,355.000000,0.000000
1682329291,1840.000000,360.000000,355.000000,0.000000
1682329291,1840.000000,360.000000,355.000000,0.000000
1682329291,1840.000000,360.000000,355.000000,0.000000
1682329291,1840.000000,360.000000,355.000000,0.000000
1682329291,1840.000000,360.000000,355.000000,0.000000
1682329291,1840.000000,360.000000,355.000000,0.000000
1682329291,1840.000000,360.000000,355.000000,0.000000
1682329291,1840.000000,360.000000,355.000000,0.000000
1682329291,1840.000000,360.000000,355.000000,0.000000
1682329291,1840.000000,360.000000,355.000000,0.000000
1682329291,1840.000000,360.000000,355.000000,0.000000
1682329291,1840.000000,360.000000,355.000000,0.000000
1682329291,1840.000000,360.000000,355.000000,0.000000
1682329291,1840.000000,360.000000,355.000000,0.000000
1682329291,1840.000000,360.000000,355.000000,0.000000
1682329291,1840.000000,360.000000,355.000000,0.000000
1682329291,1840.000000,360.000000,355.000000,0.000000
1682329291,1848.000000,360.000000,355.000000,0.000000
1682329291,1848.000000,360.000000,355.000000,0.000000
1682329291,1848.000000,360.000000,355.000000,0.000000
1682329291,1848.000000,360.000000,355.000000,0.000000
1682329291,1848.000000,360.000000,355.000000,0.000000
1682329291,1848.000000,360.000000,355.000000,0.000000
1682329291,1848.000000,360.000000,355.000000,0.000000
1682329291,1848.000000,360.000000,355.000000,0.000000
1682329291,1848.000000,360.000000,355.000000,0.000000
1682329291,1848.000000,360.000000,355.000000,0.000000
1682329291,1848.000000,360.000000,355.000000,0.000000
1682329291,1848.000000,360.000000,355.000000,0.000000
1682329291,1848.000000,360.000000,355.000000,0.000000
1682329291,1848.000000,360.000000,355.000000,0.000000
1682329291,1848.000000,360.000000,355.000000,0.000000
1682329291,1848.000000,360.000000,355.000000,0.000000
1682329291,1481.000000,360.000000,355.000000,0.000000
1682329291,1481.000000,360.000000,355.000000,0.000000
1682329291,1481.000000,360.000000,355.000000,0.000000
1682329291,1481.000000,360.000000,355.000000,0.000000
1682329292,1481.000000,360.000000,355.000000,0.000000
1682329292,1481.000000,360.000000,355.000000,0.000000
1682329292,1481.000000,360.000000,355.000000,0.000000
1682329292,1481.000000,360.000000,355.000000,0.000000
1682329292,1481.000000,360.000000,355.000000,0.000000
1682329292,1481.000000,360.000000,355.000000,0.000000
1682329292,1481.000000,360.000000,355.000000,0.000000
1682329292,1481.000000,360.000000,355.000000,0.000000
1682329292,1481.000000,360.000000,355.000000,0.000000
1682329292,1481.000000,360.000000,355.000000,0.000000
1682329292,1481.000000,360.000000,355.000000,0.000000
1682329292,1481.000000,360.000000,355.000000,0.000000
1682329292,1481.000000,360.000000,355.000000,0.000000
1682329292,1481.000000,360.000000,355.000000,0.000000
1682329292,1481.000000,360.000000,355.000000,0.000000
1682329292,1481.000000,360.000000,355.000000,0.000000
1682329292,1481.000000,360.000000,355.000000,0.000000
1682329292,1481.000000,360.000000,355.000000,0.000000
1682329292,1481.000000,360.000000,355.000000,0.000000
1682329292,1481.000000,360.000000,355.000000,0.000000
1682329292,1481.000000,360.000000,355.000000,0.000000
1682329292,1481.000000,360.000000,355.000000,0.000000
1682329292,1481.000000,360.000000,355.000000,0.000000
1682329292,1474.000000,360.000000,355.000000,0.000000
1682329292,1474.000000,360.000000,355.000000,0.000000
1682329292,1474.000000,360.000000,355.000000,0.000000
1682329292,1474.000000,360.000000,355.000000,0.000000
1682329292,786.000000,360.000000,355.000000,0.000000
1682329292,786.000000,360.000000,355.000000,0.000000
1682329292,786.000000,360.000000,355.000000,0.000000
1682329292,786.000000,360.000000,355.000000,0.000000
1682329292,786.000000,360.000000,355.000000,0.000000
1682329292,786.000000,360.000000,355.000000,0.000000
1682329292,786.000000,360.000000,355.000000,0.000000
1682329292,786.000000,360.000000,355.000000,0.000000
1682329292,786.000000,360.000000,355.000000,0.000000
1682329292,786.000000,360.000000,355.000000,0.000000
1682329292,786.000000,360.000000,355.000000,0.000000
1682329292,786.000000,360.000000,355.000000,0.000000
1682329292,786.000000,360.000000,355.000000,0.000000
1682329292,786.000000,360.000000,355.000000,0.000000
1682329292,786.000000,360.000000,355.000000,0.000000
1682329292,786.000000,360.000000,355.000000,0.000000
1682329292,786.000000,360.000000,355.000000,0.000000
1682329292,786.000000,360.000000,355.000000,0.000000
1682329292,786.000000,360.000000,355.000000,0.000000
1682329292,786.000000,360.000000,355.000000,0.000000
1682329292,786.000000,360.000000,355.000000,0.000000
1682329292,786.000000,360.000000,355.000000,0.000000
1682329292,786.000000,360.000000,355.000000,0.000000
1682329292,786.000000,360.000000,355.000000,0.000000
1682329292,786.000000,360.000000,355.000000,0.000000
1682329292,786.000000,360.000000,355.000000,0.000000
1682329292,786.000000,360.000000,355.000000,0.000000
1682329292,786.000000,360.000000,355.000000,0.000000
1682329292,786.000000,360.000000,355.000000,0.000000
1682329292,786.000000,360.000000,355.000000,0.000000
1682329292,786.000000,360.000000,355.000000,0.000000
1682329293,786.000000,360.000000,355.000000,0.000000
1682329293,786.000000,360.000000,355.000000,0.000000
1682329293,786.000000,360.000000,355.000000,0.000000
1682329293,786.000000,360.000000,355.000000,0.000000
1682329293,786.000000,360.000000,355.000000,0.000000
1682329293,786.000000,360.000000,355.000000,0.000000
1682329293,786.000000,360.000000,355.000000,0.000000
1682329293,786.000000,360.000000,355.000000,0.000000
1682329293,786.000000,360.000000,355.000000,0.000000
1682329293,1814.000000,360.000000,355.000000,0.000000
1682329293,1814.000000,360.000000,355.000000,0.000000
1682329293,1814.000000,360.000000,355.000000,0.000000
1682329293,1477.000000,360.000000,355.000000,0.000000
1682329293,1477.000000,360.000000,355.000000,0.000000
1682329293,1477.000000,360.000000,355.000000,0.000000
1682329293,1477.000000,360.000000,355.000000,0.000000
1682329293,1477.000000,360.000000,355.000000,0.000000
1682329293,1477.000000,360.000000,355.000000,0.000000
1682329293,1477.000000,360.000000,355.000000,0.000000
1682329293,1477.000000,360.000000,355.000000,0.000000
1682329293,1477.000000,360.000000,355.000000,0.000000
1682329293,1477.000000,360.000000,355.000000,0.000000
1682329293,1477.000000,360.000000,355.000000,0.000000
1682329293,1477.000000,360.000000,355.000000,0.000000
1682329293,1477.000000,360.000000,355.000000,0.000000
1682329293,1745.000000,360.000000,355.000000,0.000000
1682329293,1745.000000,360.000000,355.000000,0.000000
1682329293,1745.000000,360.000000,355.000000,0.000000
1682329293,1745.000000,360.000000,355.000000,0.000000
1682329293,1745.000000,360.000000,355.000000,0.000000
1682329293,1745.000000,360.000000,355.000000,0.000000
1682329293,1745.000000,360.000000,355.000000,0.000000
1682329293,1745.000000,360.000000,355.000000,0.000000
1682329293,1745.000000,360.000000,355.000000,0.000000
1682329293,1745.000000,360.000000,355.000000,0.000000
1682329293,1745.000000,360.000000,355.000000,0.000000
1682329293,1745.000000,360.000000,355.000000,0.000000
1682329293,1745.000000,360.000000,355.000000,0.000000
1682329293,1745.000000,360.000000,355.000000,0.000000
1682329293,1745.000000,360.000000,355.000000,0.000000
1682329293,1745.000000,360.000000,355.000000,0.000000
1682329293,1440.000000,360.000000,355.000000,0.000000
1682329293,1440.000000,360.000000,355.000000,0.000000
1682329293,1440.000000,360.000000,355.000000,0.000000
1682329293,1440.000000,360.000000,355.000000,0.000000
1682329293,1440.000000,360.000000,355.000000,0.000000
1682329293,1440.000000,360.000000,355.000000,0.000000
1682329293,1440.000000,360.000000,355.000000,0.000000
1682329293,1440.000000,360.000000,355.000000,0.000000
1682329293,1440.000000,360.000000,355.000000,0.000000
1682329293,1440.000000,360.000000,355.000000,0.000000
1682329293,1440.000000,360.000000,355.000000,0.000000
1682329293,1440.000000,360.000000,355.000000,0.000000
1682329293,1440.000000,360.000000,355.000000,0.000000
1682329293,1440.000000,360.000000,355.000000,0.000000
1682329293,1440.000000,360.000000,355.000000,0.000000
1682329293,1440.000000,360.000000,355.000000,0.000000
1682329293,1440.000000,360.000000,355.000000,0.000000
1682329293,1440.000000,360.000000,355.000000,0.000000
1682329294,1440.000000,360.000000,355.000000,0.000000
1682329294,1440.000000,360.000000,355.000000,0.000000
1682329294,1440.000000,360.000000,355.000000,0.000000
1682329294,1440.000000,360.000000,355.000000,0.000000
1682329294,1440.000000,360.000000,355.000000,0.000000
1682329294,1440.000000,360.000000,355.000000,0.000000
1682329294,1725.000000,360.000000,355.000000,0.000000
1682329294,1725.000000,360.000000,355.000000,0.000000
1682329294,1725.000000,360.000000,355.000000,0.000000
1682329294,1725.000000,360.000000,355.000000,0.000000
1682329294,1725.000000,360.000000,355.000000,0.000000
1682329294,1725.000000,360.000000,355.000000,0.000000
1682329294,1725.000000,360.000000,355.000000,0.000000
1682329294,1725.000000,360.000000,355.000000,0.000000
1682329294,1725.000000,360.000000,355.000000,0.000000
1682329294,1725.000000,360.000000,355.000000,0.000000
1682329294,1725.000000,360.000000,355.000000,0.000000
1682329294,1725.000000,360.000000,355.000000,0.000000
1682329294,1725.000000,360.000000,355.000000,0.000000
1682329294,1725.000000,360.000000,355.000000,0.000000
1682329294,1725.000000,360.000000,355.000000,0.000000
1682329294,1725.000000,360.000000,355.000000,0.000000
1682329294,1673.000000,360.000000,355.000000,0.000000
1682329294,1673.000000,360.000000,355.000000,0.000000
1682329294,1673.000000,360.000000,355.000000,0.000000
1682329294,1673.000000,360.000000,355.000000,0.000000
1682329294,1673.000000,360.000000,355.000000,0.000000
1682329294,1673.000000,360.000000,355.000000,0.000000
1682329294,1673.000000,360.000000,355.000000,0.000000
1682329294,1673.000000,360.000000,355.000000,0.000000
1682329294,1673.000000,360.000000,355.000000,0.000000
1682329294,1673.000000,360.000000,355.000000,0.000000
1682329294,1744.000000,360.000000,355.000000,0.000000
1682329294,1744.000000,360.000000,355.000000,0.000000
1682329294,1744.000000,360.000000,355.000000,0.000000
1682329294,1744.000000,360.000000,355.000000,0.000000
1682329294,1744.000000,360.000000,355.000000,0.000000
1682329294,1744.000000,360.000000,355.000000,0.000000
1682329294,1744.000000,360.000000,355.000000,0.000000
1682329294,1744.000000,360.000000,355.000000,0.000000
1682329294,1744.000000,360.000000,355.000000,0.000000
1682329294,1744.000000,360.000000,355.000000,0.000000
1682329294,1778.000000,360.000000,355.000000,0.000000
1682329294,1778.000000,360.000000,355.000000,0.000000
1682329294,1778.000000,360.000000,355.000000,0.000000
1682329294,1778.000000,360.000000,355.000000,0.000000
1682329294,2039.000000,360.000000,355.000000,0.000000
1682329294,2039.000000,360.000000,355.000000,0.000000
1682329294,2039.000000,360.000000,355.000000,0.000000
1682329294,1486.000000,360.000000,355.000000,0.000000
1682329294,1486.000000,360.000000,355.000000,0.000000
1682329295,1486.000000,360.000000,355.000000,0.000000
1682329295,1486.000000,360.000000,355.000000,0.000000
1682329295,1486.000000,360.000000,355.000000,0.000000
1682329295,1486.000000,360.000000,355.000000,0.000000
1682329295,1486.000000,360.000000,355.000000,0.000000
1682329295,1486.000000,360.000000,355.000000,0.000000
1682329295,1486.000000,360.000000,355.000000,0.000000
1682329295,1652.000000,360.000000,355.000000,0.000000
1682329295,1652.000000,360.000000,355.000000,0.000000
1682329295,1652.000000,360.000000,355.000000,0.000000
1682329295,1652.000000,360.000000,355.000000,0.000000
1682329295,1652.000000,360.000000,355.000000,0.000000
1682329295,1652.000000,360.000000,355.000000,0.000000
1682329295,1652.000000,360.000000,355.000000,0.000000
1682329295,1652.000000,360.000000,355.000000,0.000000
1682329295,1652.000000,360.000000,355.000000,0.000000
1682329295,1652.000000,360.000000,355.000000,0.000000
1682329295,1658.000000,360.000000,355.000000,0.000000
1682329295,1658.000000,360.000000,355.000000,0.000000
1682329295,1658.000000,360.000000,355.000000,0.000000
1682329295,1658.000000,360.000000,355.000000,0.000000
1682329295,1658.000000,360.000000,355.000000,0.000000
1682329295,1658.000000,360.000000,355.000000,0.000000
1682329295,1658.000000,360.000000,355.000000,0.000000
1682329295,1658.000000,360.000000,355.000000,0.000000
1682329295,1658.000000,360.000000,355.000000,0.000000
1682329295,1658.000000,360.000000,355.000000,0.000000
1682329295,1658.000000,360.000000,355.000000,0.000000
1682329295,1658.000000,360.000000,355.000000,0.000000
1682329295,1658.000000,360.000000,355.000000,0.000000
1682329295,1658.000000,360.000000,355.000000,0.000000
1682329295,1658.000000,360.000000,355.000000,0.000000
1682329295,1658.000000,360.000000,355.000000,0.000000
1682329295,1658.000000,360.000000,355.000000,0.000000
1682329295,1658.000000,360.000000,355.000000,0.000000
1682329295,1658.000000,360.000000,355.000000,0.000000
1682329295,1658.000000,360.000000,355.000000,0.000000
1682329295,1658.000000,360.000000,355.000000,0.000000
1682329295,1658.000000,360.000000,355.000000,0.000000
1682329295,1658.000000,360.000000,355.000000,0.000000
1682329295,1658.000000,360.000000,355.000000,0.000000
1682329295,1658.000000,360.000000,355.000000,0.000000
1682329295,1658.000000,360.000000,355.000000,0.000000
1682329295,1658.000000,360.000000,355.000000,0.000000
1682329295,1658.000000,360.000000,355.000000,0.000000
1682329296,1658.000000,360.000000,355.000000,0.000000
1682329296,1658.000000,360.000000,355.000000,0.000000
1682329296,1658.000000,360.000000,355.000000,0.000000
1682329296,1658.000000,360.000000,355.000000,0.000000
1682329296,1658.000000,360.000000,355.000000,0.000000
1682329296,1658.000000,360.000000,355.000000,0.000000
1682329296,1658.000000,360.000000,355.000000,0.000000
1682329296,1658.000000,360.000000,355.000000,0.000000
1682329296,1658.000000,360.000000,355.000000,0.000000
1682329296,1658.000000,360.000000,355.000000,0.000000
1682329296,1658.000000,360.000000,355.000000,0.000000
1682329296,1658.000000,360.000000,355.000000,0.000000
1682329296,1658.000000,360.000000,355.000000,0.000000
1682329296,1658.000000,360.000000,355.000000,0.000000
1682329296,1658.000000,360.000000,355.000000,0.000000
1682329296,1714.000000,360.000000,355.000000,0.000000
1682329296,1714.000000,360.000000,355.000000,0.000000
1682329296,1714.000000,360.000000,355.000000,0.000000
1682329296,1714.000000,360.000000,355.000000,0.000000
1682329296,1714.000000,360.000000,355.000000,0.000000
1682329296,1714.000000,360.000000,355.000000,0.000000
1682329296,1714.000000,360.000000,355.000000,0.000000
1682329296,1714.000000,360.000000,355.000000,0.000000
1682329296,1714.000000,360.000000,355.000000,0.000000
1682329296,1714.000000,360.000000,355.000000,0.000000
1682329296,1714.000000,360.000000,355.000000,0.000000
1682329296,1714.000000,360.000000,355.000000,0.000000
1682329296,1714.000000,360.000000,355.000000,0.000000
1682329296,1714.000000,360.000000,355.000000,0.000000
1682329296,1714.000000,360.000000,355.000000,0.000000
1682329296,1714.000000,360.000000,355.000000,0.000000
1682329296,1714.000000,360.000000,355.000000,0.000000
1682329296,1714.000000,360.000000,355.000000,0.000000
1682329296,1714.000000,360.000000,355.000000,0.000000
1682329296,1714.000000,360.000000,355.000000,0.000000
1682329296,1714.000000,360.000000,355.000000,0.000000
1682329296,1714.000000,360.000000,355.000000,0.000000
1682329296,1714.000000,360.000000,355.000000,0.000000
1682329296,1714.000000,360.000000,355.000000,0.000000
1682329296,1714.000000,360.000000,355.000000,0.000000
1682329296,1714.000000,360.000000,355.000000,0.000000
1682329296,1714.000000,360.000000,355.000000,0.000000
1682329296,1714.000000,360.000000,355.000000,0.000000
1682329296,1714.000000,360.000000,355.000000,0.000000
1682329296,1714.000000,360.000000,355.000000,0.000000
1682329296,1714.000000,360.000000,355.000000,0.000000
1682329296,1714.000000,360.000000,355.000000,0.000000
1682329296,1714.000000,360.000000,355.000000,0.000000
1682329296,1714.000000,360.000000,355.000000,0.000000
1682329296,1714.000000,360.000000,355.000000,0.000000
1682329296,1714.000000,360.000000,355.000000,0.000000
1682329297,1714.000000,360.000000,355.000000,0.000000
1682329297,1714.000000,360.000000,355.000000,0.000000
1682329297,1714.000000,360.000000,355.000000,0.000000
1682329297,1714.000000,360.000000,355.000000,0.000000
1682329297,1714.000000,360.000000,355.000000,0.000000
1682329297,1714.000000,360.000000,355.000000,0.000000
1682329297,1714.000000,360.000000,355.000000,0.000000
1682329297,1714.000000,360.000000,355.000000,0.000000
1682329297,1714.000000,360.000000,355.000000,0.000000
1682329297,1714.000000,360.000000,355.000000,0.000000
1682329297,1714.000000,360.000000,355.000000,0.000000
1682329297,1714.000000,360.000000,355.000000,0.000000
1682329297,1714.000000,360.000000,355.000000,0.000000
1682329297,1714.000000,360.000000,355.000000,0.000000
1682329297,1714.000000,360.000000,355.000000,0.000000
1682329297,1714.000000,360.000000,355.000000,0.000000
1682329297,1714.000000,360.000000,355.000000,0.000000
1682329297,1714.000000,360.000000,355.000000,0.000000
1682329297,1714.000000,360.000000,355.000000,0.000000
1682329297,1714.000000,360.000000,355.000000,0.000000
1682329297,1714.000000,360.000000,355.000000,0.000000
1682329297,1714.000000,360.000000,355.000000,0.000000
1682329297,1714.000000,360.000000,355.000000,0.000000
1682329297,1714.000000,360.000000,355.000000,0.000000
1682329297,1720.000000,360.000000,355.000000,0.000000
1682329297,1720.000000,360.000000,355.000000,0.000000
1682329297,1720.000000,360.000000,355.000000,0.000000
1682329297,1972.000000,360.000000,355.000000,0.000000
1682329297,1972.000000,360.000000,355.000000,0.000000
1682329297,1972.000000,360.000000,355.000000,0.000000
1682329297,1972.000000,360.000000,355.000000,0.000000
1682329297,1972.000000,360.000000,355.000000,0.000000
1682329297,1972.000000,360.000000,355.000000,0.000000
1682329297,1972.000000,360.000000,355.000000,0.000000
1682329297,1667.000000,360.000000,355.000000,0.000000
1682329297,1667.000000,360.000000,355.000000,0.000000
1682329297,1667.000000,360.000000,355.000000,0.000000
1682329297,1667.000000,360.000000,355.000000,0.000000
1682329297,1667.000000,360.000000,355.000000,0.000000
1682329297,1667.000000,360.000000,355.000000,0.000000
1682329297,1667.000000,360.000000,355.000000,0.000000
1682329297,1540.000000,360.000000,355.000000,0.000000
1682329297,1540.000000,360.000000,355.000000,0.000000
1682329297,1540.000000,360.000000,355.000000,0.000000
1682329297,1923.000000,360.000000,355.000000,0.000000
1682329297,1923.000000,360.000000,355.000000,0.000000
1682329297,1923.000000,360.000000,355.000000,0.000000
1682329297,1923.000000,360.000000,355.000000,0.000000
1682329297,1923.000000,360.000000,355.000000,0.000000
1682329297,1923.000000,360.000000,355.000000,0.000000
1682329298,1923.000000,360.000000,355.000000,0.000000
1682329298,1923.000000,360.000000,355.000000,0.000000
1682329298,1923.000000,360.000000,355.000000,0.000000
1682329298,1923.000000,360.000000,355.000000,0.000000
1682329298,1904.000000,360.000000,355.000000,0.000000
1682329298,1904.000000,360.000000,355.000000,0.000000
1682329298,1904.000000,360.000000,355.000000,0.000000
1682329298,1850.000000,360.000000,355.000000,0.000000
1682329298,1850.000000,360.000000,355.000000,0.000000
1682329298,1850.000000,360.000000,355.000000,0.000000
1682329298,1850.000000,360.000000,355.000000,0.000000
1682329298,1850.000000,360.000000,355.000000,0.000000
1682329298,1850.000000,360.000000,355.000000,0.000000
1682329298,1850.000000,360.000000,355.000000,0.000000
1682329298,1850.000000,360.000000,355.000000,0.000000
1682329298,1850.000000,360.000000,355.000000,0.000000
1682329298,1850.000000,360.000000,355.000000,0.000000
1682329298,1850.000000,360.000000,355.000000,0.000000
1682329298,1850.000000,360.000000,355.000000,0.000000
1682329298,1850.000000,360.000000,355.000000,0.000000
1682329298,1850.000000,360.000000,355.000000,0.000000
1682329298,1850.000000,360.000000,355.000000,0.000000
1682329298,1850.000000,360.000000,355.000000,0.000000
1682329298,1850.000000,360.000000,355.000000,0.000000
1682329298,1850.000000,360.000000,355.000000,0.000000
1682329298,1850.000000,360.000000,355.000000,0.000000
1682329298,1850.000000,360.000000,355.000000,0.000000
1682329298,1850.000000,360.000000,355.000000,0.000000
1682329298,1850.000000,360.000000,355.000000,0.000000
1682329298,1850.000000,360.000000,355.000000,0.000000
1682329298,1850.000000,360.000000,355.000000,0.000000
1682329298,1850.000000,360.000000,355.000000,0.000000
1682329298,1850.000000,360.000000,355.000000,0.000000
1682329298,1850.000000,360.000000,355.000000,0.000000
1682329298,1857.000000,360.000000,355.000000,0.000000
1682329298,1857.000000,360.000000,355.000000,0.000000
1682329298,1857.000000,360.000000,355.000000,0.000000
1682329298,1883.000000,360.000000,355.000000,0.000000
1682329298,1883.000000,360.000000,355.000000,0.000000
1682329298,1883.000000,360.000000,355.000000,0.000000
1682329298,1883.000000,360.000000,355.000000,0.000000
1682329298,1883.000000,360.000000,355.000000,0.000000
1682329298,1883.000000,360.000000,355.000000,0.000000
1682329298,1883.000000,360.000000,355.000000,0.000000
1682329298,1883.000000,360.000000,355.000000,0.000000
1682329298,1883.000000,360.000000,355.000000,0.000000
1682329298,1883.000000,360.000000,355.000000,0.000000
1682329298,2053.000000,360.000000,355.000000,0.000000
1682329298,2053.000000,360.000000,355.000000,0.000000
1682329298,2053.000000,360.000000,355.000000,0.000000
1682329299,2053.000000,360.000000,355.000000,0.000000
1682329299,2053.000000,360.000000,355.000000,0.000000
1682329299,2053.000000,360.000000,355.000000,0.000000
1682329299,2053.000000,360.000000,355.000000,0.000000
1682329299,2053.000000,360.000000,355.000000,0.000000
1682329299,2053.000000,360.000000,355.000000,0.000000
1682329299,2053.000000,360.000000,355.000000,0.000000
1682329299,2053.000000,360.000000,355.000000,0.000000
1682329299,2053.000000,360.000000,355.000000,0.000000
1682329299,2053.000000,360.000000,355.000000,0.000000
1682329299,2053.000000,360.000000,355.000000,0.000000
1682329299,1826.000000,360.000000,355.000000,0.000000
1682329299,1826.000000,360.000000,355.000000,0.000000
1682329299,1826.000000,360.000000,355.000000,0.000000
1682329299,1826.000000,360.000000,355.000000,0.000000
1682329299,1826.000000,360.000000,355.000000,0.000000
1682329299,1826.000000,360.000000,355.000000,0.000000
1682329299,1826.000000,360.000000,355.000000,0.000000
1682329299,1826.000000,360.000000,355.000000,0.000000
1682329299,1826.000000,360.000000,355.000000,0.000000
1682329299,1826.000000,360.000000,355.000000,0.000000
1682329299,1826.000000,360.000000,355.000000,0.000000
1682329299,1826.000000,360.000000,355.000000,0.000000
1682329299,1826.000000,360.000000,355.000000,0.000000
1682329299,1826.000000,360.000000,355.000000,0.000000
1682329299,1826.000000,360.000000,355.000000,0.000000
1682329299,1826.000000,360.000000,355.000000,0.000000
1682329299,1826.000000,360.000000,355.000000,0.000000
1682329299,1826.000000,360.000000,355.000000,0.000000
1682329299,1826.000000,360.000000,355.000000,0.000000
1682329299,1826.000000,360.000000,355.000000,0.000000
1682329299,1826.000000,360.000000,355.000000,0.000000
1682329299,1826.000000,360.000000,355.000000,0.000000
1682329299,1826.000000,360.000000,355.000000,0.000000
1682329299,1826.000000,360.000000,355.000000,0.000000
1682329299,1826.000000,360.000000,355.000000,0.000000
1682329299,1826.000000,360.000000,355.000000,0.000000
1682329299,1826.000000,360.000000,355.000000,0.000000
1682329299,1826.000000,360.000000,355.000000,0.000000
1682329299,1826.000000,360.000000,355.000000,0.000000
1682329299,1826.000000,360.000000,355.000000,0.000000
1682329299,1826.000000,360.000000,355.000000,0.000000
1682329299,1826.000000,360.000000,355.000000,0.000000
1682329299,1826.000000,360.000000,355.000000,0.000000
1682329299,1518.000000,360.000000,355.000000,0.000000
1682329299,1518.000000,360.000000,355.000000,0.000000
1682329299,1518.000000,360.000000,355.000000,0.000000
1682329299,1518.000000,360.000000,355.000000,0.000000
1682329299,1518.000000,360.000000,355.000000,0.000000
1682329299,1518.000000,360.000000,355.000000,0.000000
1682329299,1518.000000,360.000000,355.000000,0.000000
1682329299,1518.000000,360.000000,355.000000,0.000000
1682329299,1518.000000,360.000000,355.000000,0.000000
1682329299,1518.000000,360.000000,355.000000,0.000000
1682329299,1518.000000,360.000000,355.000000,0.000000
1682329299,1518.000000,360.000000,355.000000,0.000000
1682329299,1518.000000,360.000000,355.000000,0.000000
1682329299,1518.000000,360.000000,355.000000,0.000000
1682329299,1518.000000,360.000000,355.000000,0.000000
1682329299,1518.000000,360.000000,355.000000,0.000000
1682329299,1518.000000,360.000000,355.000000,0.000000
1682329299,1518.000000,360.000000,355.000000,0.000000
