timestamp,brut,prepro,gauss,detec
1682325623,802,509,502,0
1682325623,802,509,502,0
1682325623,802,509,502,0
1682325623,802,509,502,0
1682325623,802,509,502,0
1682325623,802,509,502,0
1682325623,802,509,502,0
1682325623,802,509,502,0
1682325623,802,509,502,0
1682325623,802,509,502,0
1682325623,802,509,502,0
1682325623,802,509,502,0
1682325623,802,509,502,0
1682325623,802,509,502,0
1682325623,802,509,502,0
1682325623,802,509,502,0
1682325623,802,509,502,0
1682325623,802,509,502,0
1682325623,802,509,502,0
1682325623,802,509,502,0
1682325623,802,509,502,0
1682325623,802,509,502,0
1682325623,802,509,502,0
1682325623,802,509,502,0
1682325623,802,509,502,0
1682325623,802,509,502,0
1682325623,802,509,502,0
1682325623,802,509,502,0
1682325623,1712,509,502,0
1682325623,1712,509,502,0
1682325623,1712,509,502,0
1682325623,1712,509,502,0
1682325623,1712,509,502,0
1682325623,1712,509,502,0
1682325623,1712,509,502,0
1682325623,1712,509,502,0
1682325623,1712,509,502,0
1682325623,1712,509,502,0
1682325623,1712,509,502,0
1682325623,1712,509,502,0
1682325623,1712,509,502,0
1682325623,1712,509,502,0
1682325623,1712,509,502,0
1682325623,1712,509,502,0
1682325624,1712,509,502,0
1682325624,1712,509,502,0
1682325624,1712,509,502,0
1682325624,1712,509,502,0
1682325624,1712,509,502,0
1682325624,1712,509,502,0
1682325624,1712,509,502,0
1682325624,1712,509,502,0
1682325624,1712,509,502,0
1682325624,1712,509,502,0
1682325624,1712,509,502,0
1682325624,1712,509,502,0
1682325624,1712,509,502,0
1682325624,1712,509,502,0
1682325624,1712,509,502,0
1682325624,1712,509,502,0
1682325624,1712,509,502,0
1682325624,1712,509,502,0
1682325624,1712,509,502,0
1682325624,1712,509,502,0
1682325624,1712,509,502,0
1682325624,1712,509,502,0
1682325624,1712,509,502,0
1682325624,1712,509,502,0
1682325624,1712,509,502,0
1682325624,1712,509,502,0
1682325624,1712,509,502,0
1682325624,1712,509,502,0
1682325624,1712,509,502,0
1682325624,1712,509,502,0
1682325624,1712,509,502,0
1682325624,1712,509,502,0
1682325624,1712,509,502,0
1682325624,1712,509,502,0
1682325624,1712,509,502,0
1682325624,1712,509,502,0
1682325624,1712,509,502,0
1682325624,1712,509,502,0
1682325624,1712,509,502,0
1682325624,1712,509,502,0
1682325624,1712,509,502,0
1682325624,1712,509,502,0
1682325624,1712,509,502,0
1682325624,1712,509,502,0
1682325624,1712,509,502,0
1682325624,1712,509,502,0
1682325624,1712,509,502,0
1682325624,1712,509,502,0
1682325624,1712,509,502,0
1682325624,1712,509,502,0
1682325624,1980,509,502,0
1682325624,1980,509,502,0
1682325624,1980,509,502,0
1682325625,1980,509,502,0
1682325625,1980,509,502,0
1682325625,1980,509,502,0
1682325625,1980,509,502,0
1682325625,1980,509,502,0
1682325625,1980,509,502,0
1682325625,1980,509,502,0
1682325625,1980,509,502,0
1682325625,1980,509,502,0
1682325625,1980,509,502,0
1682325625,1980,509,502,0
1682325625,1545,509,502,0
1682325625,1545,509,502,0
1682325625,1545,509,502,0
1682325625,1545,509,502,0
1682325625,1545,509,502,0
1682325625,1545,509,502,0
1682325625,1545,509,502,0
1682325625,1545,509,502,0
1682325625,1545,509,502,0
1682325625,1545,509,502,0
1682325625,1545,509,502,0
1682325625,1545,509,502,0
1682325625,1545,509,502,0
1682325625,1545,509,502,0
1682325625,1545,509,502,0
1682325625,1545,509,502,0
1682325625,1545,509,502,0
1682325625,1545,509,502,0
1682325625,1545,509,502,0
1682325625,1545,509,502,0
1682325625,1545,509,502,0
1682325625,1545,509,502,0
1682325625,1545,509,502,0
1682325625,1545,509,502,0
1682325625,1545,509,502,0
1682325625,1545,509,502,0
1682325625,1545,509,502,0
1682325625,1545,509,502,0
1682325625,1545,509,502,0
1682325625,1545,509,502,0
1682325625,1545,509,502,0
1682325625,1545,509,502,0
1682325625,1545,509,502,0
1682325625,1545,509,502,0
1682325625,1545,509,502,0
1682325625,1545,509,502,0
1682325625,1545,509,502,0
1682325625,1545,509,502,0
1682325625,1545,509,502,0
1682325625,1545,509,502,0
1682325625,1545,509,502,0
1682325625,1545,509,502,0
1682325625,1545,509,502,0
1682325625,1545,509,502,0
1682325625,1545,509,502,0
1682325625,1545,509,502,0
1682325625,1545,509,502,0
1682325625,1545,509,502,0
1682325626,1545,509,502,0
1682325626,1545,509,502,0
1682325626,1545,509,502,0
1682325626,1545,509,502,0
1682325626,1545,509,502,0
1682325626,1545,509,502,0
1682325626,1545,509,502,0
1682325626,1545,509,502,0
1682325626,1545,509,502,0
1682325626,1545,509,502,0
1682325626,1545,509,502,0
1682325626,1545,509,502,0
1682325626,1545,509,502,0
1682325626,1545,509,502,0
1682325626,1545,509,502,0
1682325626,1545,509,502,0
1682325626,1545,509,502,0
1682325626,1545,509,502,0
1682325626,1545,509,502,0
1682325626,1545,509,502,0
1682325626,1545,509,502,0
1682325626,1545,509,502,0
1682325626,1545,509,502,0
1682325626,1545,509,502,0
1682325626,1545,509,502,0
1682325626,1545,509,502,0
1682325626,1545,509,502,0
1682325626,1545,509,502,0
1682325626,1545,509,502,0
1682325626,1545,509,502,0
1682325626,1545,509,502,0
1682325626,1545,509,502,0
1682325626,1545,509,502,0
1682325626,1545,509,502,0
1682325626,1545,509,502,0
1682325626,1545,509,502,0
1682325626,1545,509,502,0
1682325626,1545,509,502,0
1682325626,1545,509,502,0
1682325626,1545,509,502,0
1682325626,1545,509,502,0
1682325626,1545,509,502,0
1682325626,1545,509,502,0
1682325626,1545,509,502,0
1682325626,1545,509,502,0
1682325626,1545,509,502,0
1682325626,1545,509,502,0
1682325626,1545,509,502,0
1682325626,1545,509,502,0
1682325626,1545,509,502,0
1682325627,1545,509,502,0
1682325627,1545,509,502,0
1682325627,1545,509,502,0
1682325627,1545,509,502,0
1682325627,1545,509,502,0
1682325627,1545,509,502,0
1682325627,1545,509,502,0
1682325627,1545,509,502,0
1682325627,1545,509,502,0
1682325627,1545,509,502,0
1682325627,1545,509,502,0
1682325627,1545,509,502,0
1682325627,1545,509,502,0
1682325627,1545,509,502,0
1682325627,1545,509,502,0
1682325627,1545,509,502,0
1682325627,1545,509,502,0
1682325627,1545,509,502,0
1682325627,1545,509,502,0
1682325627,1545,509,502,0
1682325627,1545,509,502,0
1682325627,1545,509,502,0
1682325627,1545,509,502,0
1682325627,1545,509,502,0
1682325627,1545,509,502,0
1682325627,1545,509,502,0
1682325627,1545,509,502,0
1682325627,1545,509,502,0
1682325627,1545,509,502,0
1682325627,1545,509,502,0
1682325627,1545,509,502,0
1682325627,1545,509,502,0
1682325627,1545,509,502,0
1682325627,1545,509,502,0
1682325627,1545,509,502,0
1682325627,1545,509,502,0
1682325627,1545,509,502,0
1682325627,1545,509,502,0
1682325627,1545,509,502,0
1682325627,1545,509,502,0
1682325627,1545,509,502,0
1682325627,1545,509,502,0
1682325627,1545,509,502,0
1682325627,1545,509,502,0
1682325627,1545,509,502,0
1682325627,1545,509,502,0
1682325627,1545,509,502,0
1682325627,1545,509,502,0
1682325627,1545,509,502,0
1682325627,1545,509,502,0
1682325628,1545,509,502,0
1682325628,1762,509,502,0
1682325628,1762,509,502,0
1682325628,1762,509,502,0
1682325628,1762,509,502,0
1682325628,1762,509,502,0
1682325628,1762,509,502,0
1682325628,1762,509,502,0
1682325628,1762,509,502,0
1682325628,1762,509,502,0
1682325628,1762,509,502,0
1682325628,1762,509,502,0
1682325628,1762,509,502,0
1682325628,1762,509,502,0
1682325628,1762,509,502,0
1682325628,1762,509,502,0
1682325628,1762,509,502,0
1682325628,1762,509,502,0
1682325628,1762,509,502,0
1682325628,1762,509,502,0
1682325628,1762,509,502,0
1682325628,1762,509,502,0
1682325628,1762,509,502,0
1682325628,1762,509,502,0
1682325628,1762,509,502,0
1682325628,1762,509,502,0
1682325628,1762,509,502,0
1682325628,1762,509,502,0
1682325628,1762,509,502,0
1682325628,1762,509,502,0
1682325628,1762,509,502,0
1682325628,1762,509,502,0
1682325628,1762,509,502,0
1682325628,1762,509,502,0
1682325628,1762,509,502,0
1682325628,1762,509,502,0
1682325628,1762,509,502,0
1682325628,1762,509,502,0
1682325628,1762,509,502,0
1682325628,1762,509,502,0
1682325628,1762,509,502,0
1682325628,1762,509,502,0
1682325628,1762,509,502,0
1682325628,1762,509,502,0
1682325628,1762,509,502,0
1682325628,1762,509,502,0
1682325628,1762,509,502,0
1682325628,1762,509,502,0
1682325628,1762,509,502,0
1682325628,1762,509,502,0
1682325628,1762,509,502,0
1682325628,1762,509,502,0
1682325628,1762,509,502,0
1682325628,1762,509,502,0
1682325628,1762,509,502,0
1682325628,1762,509,502,0
1682325628,1762,509,502,0
1682325629,1762,509,502,0
1682325629,1762,509,502,0
1682325629,1762,509,502,0
1682325629,1762,509,502,0
1682325629,1762,509,502,0
1682325629,1762,509,502,0
1682325629,1762,509,502,0
1682325629,1762,509,502,0
1682325629,1762,509,502,0
1682325629,1762,509,502,0
1682325629,1762,509,502,0
1682325629,1762,509,502,0
1682325629,1762,509,502,0
1682325629,1762,509,502,0
1682325629,1762,509,502,0
1682325629,1762,509,502,0
1682325629,1762,509,502,0
1682325629,1762,509,502,0
1682325629,298,298,490,0
1682325629,298,298,471,0
1682325629,298,298,445,0
1682325629,298,298,414,0
1682325629,298,298,381,0
1682325629,298,298,350,0
1682325629,298,298,324,0
1682325629,298,298,305,0
1682325629,298,298,293,0
1682325629,298,298,293,0
1682325629,298,298,293,0
1682325629,298,298,293,0
1682325629,298,298,293,0
1682325629,298,298,293,0
1682325629,298,298,293,0
1682325629,298,298,293,0
1682325629,298,298,293,0
1682325629,298,298,293,0
1682325629,298,298,293,0
1682325629,298,298,293,0
1682325629,298,298,293,0
1682325629,298,298,293,0
1682325629,298,298,293,0
1682325629,298,298,293,0
1682325629,298,298,293,0
1682325629,298,298,293,0
1682325629,298,298,293,0
1682325629,298,298,293,0
1682325629,298,298,293,0
1682325629,298,298,293,0
1682325629,298,298,293,0
1682325629,298,298,293,0
1682325629,298,298,293,0
1682325629,298,298,293,0
1682325629,298,298,293,0
1682325629,298,298,293,0
1682325629,298,298,293,0
1682325629,298,298,293,0
1682325629,298,298,293,0
1682325630,298,298,293,0
1682325630,298,298,293,0
1682325630,298,298,293,0
1682325630,298,298,293,0
1682325630,298,298,293,0
1682325630,298,298,293,0
1682325630,298,298,293,0
1682325630,298,298,293,0
1682325630,298,298,293,0
1682325630,298,298,293,0
1682325630,298,298,293,0
1682325630,298,298,293,0
1682325630,298,298,293,0
1682325630,298,298,293,0
1682325630,298,298,293,0
1682325630,298,298,293,0
1682325630,298,298,293,0
1682325630,298,298,293,0
1682325630,298,298,293,0
1682325630,298,298,293,0
1682325630,298,298,293,0
1682325630,298,298,293,0
1682325630,298,298,293,0
1682325630,298,298,293,0
1682325630,298,298,293,0
1682325630,298,298,293,0
1682325630,298,298,293,0
1682325630,298,298,293,0
1682325630,298,298,293,0
1682325630,298,298,293,0
1682325630,298,298,293,0
1682325630,298,298,293,0
1682325630,298,298,293,0
1682325630,298,298,293,0
1682325630,298,298,293,0
1682325630,298,298,293,0
1682325630,298,298,293,0
1682325630,298,298,293,0
1682325630,298,298,293,0
1682325630,298,298,293,0
1682325630,298,298,293,0
1682325630,298,298,293,0
1682325630,298,298,293,0
1682325630,298,298,293,0
1682325630,298,298,293,0
1682325630,298,298,293,0
1682325630,298,298,293,0
1682325630,298,298,293,0
1682325630,298,298,293,0
1682325630,298,298,293,0
1682325630,298,298,293,0
1682325630,298,298,293,0
1682325630,298,298,293,0
1682325630,298,298,293,0
1682325630,298,298,293,0
1682325630,298,298,293,0
1682325630,298,298,293,0
1682325630,298,298,293,0
1682325630,298,298,293,0
1682325631,298,298,293,0
1682325631,1553,298,293,0
1682325631,1553,298,293,0
1682325631,1553,298,293,0
1682325631,1553,298,293,0
1682325631,1553,298,293,0
1682325631,1553,298,293,0
1682325631,1553,298,293,0
1682325631,1553,298,293,0
1682325631,1553,298,293,0
1682325631,1553,298,293,0
1682325631,1553,298,293,0
1682325631,1553,298,293,0
1682325631,1553,298,293,0
1682325631,1553,298,293,0
1682325631,1553,298,293,0
1682325631,1553,298,293,0
1682325631,1553,298,293,0
1682325631,1553,298,293,0
1682325631,1553,298,293,0
1682325631,1553,298,293,0
1682325631,1553,298,293,0
1682325631,1553,298,293,0
1682325631,1553,298,293,0
1682325631,1553,298,293,0
1682325631,1553,298,293,0
1682325631,1553,298,293,0
1682325631,1553,298,293,0
1682325631,1553,298,293,0
1682325631,1553,298,293,0
1682325631,1553,298,293,0
1682325631,1553,298,293,0
1682325631,1553,298,293,0
1682325631,1553,298,293,0
1682325631,1553,298,293,0
1682325631,1553,298,293,0
1682325631,1553,298,293,0
1682325631,1553,298,293,0
1682325631,1553,298,293,0
1682325631,1553,298,293,0
1682325631,1553,298,293,0
1682325631,1553,298,293,0
1682325631,1553,298,293,0
1682325631,1553,298,293,0
1682325631,1553,298,293,0
1682325631,1553,298,293,0
1682325631,1553,298,293,0
1682325631,1553,298,293,0
1682325631,278,278,292,0
1682325631,278,278,291,0
1682325631,278,278,289,0
1682325631,233,233,283,0
1682325631,233,233,276,0
1682325631,233,233,267,0
1682325631,229,229,258,0
1682325631,229,229,248,0
1682325631,229,229,240,0
1682325631,229,229,234,0
1682325631,237,237,230,0
1682325631,237,237,228,0
1682325631,237,237,229,0
1682325632,244,244,230,511
1682325632,244,244,232,511
1682325632,244,244,234,511
1682325632,244,244,236,511
1682325632,224,224,237,511
1682325632,224,224,236,511
1682325632,238,238,234,511
1682325632,238,238,233,511
1682325632,238,238,233,511
1682325632,238,238,232,511
1682325632,238,238,231,511
1682325632,238,238,231,511
1682325632,238,238,232,511
1682325632,234,234,233,0
1682325632,234,234,233,0
1682325632,234,234,232,0
1682325632,234,234,231,0
1682325632,234,234,231,0
1682325632,234,234,230,0
1682325632,234,234,229,0
1682325632,234,234,229,0
1682325632,2072,234,229,0
1682325632,2072,234,229,0
1682325632,2072,234,229,0
1682325632,2072,234,229,0
1682325632,2093,234,229,0
1682325632,2093,234,229,0
1682325632,2093,234,229,0
1682325632,2093,234,229,0
1682325632,2093,234,229,0
1682325632,2093,234,229,0
1682325632,2093,234,229,0
1682325632,2093,234,229,0
1682325632,2093,234,229,0
1682325632,2093,234,229,0
1682325632,2093,234,229,0
1682325632,2093,234,229,0
1682325632,2093,234,229,0
1682325632,2093,234,229,0
1682325632,2093,234,229,0
1682325632,2093,234,229,0
1682325632,2093,234,229,0
1682325632,2093,234,229,0
1682325632,2093,234,229,0
1682325632,2093,234,229,0
1682325632,2093,234,229,0
1682325632,2093,234,229,0
1682325632,2093,234,229,0
1682325632,2093,234,229,0
1682325632,2093,234,229,0
1682325632,2093,234,229,0
1682325632,2093,234,229,0
1682325632,2093,234,229,0
1682325632,2093,234,229,0
1682325632,2093,234,229,0
1682325632,2093,234,229,0
1682325632,2093,234,229,0
1682325632,2093,234,229,0
1682325632,2093,234,229,0
1682325632,2093,234,229,0
1682325633,2093,234,229,0
1682325633,2093,234,229,0
1682325633,2093,234,229,0
1682325633,2093,234,229,0
1682325633,2093,234,229,0
1682325633,2093,234,229,0
1682325633,2093,234,229,0
1682325633,1820,234,229,0
1682325633,1820,234,229,0
1682325633,1820,234,229,0
1682325633,1820,234,229,0
1682325633,1820,234,229,0
1682325633,1820,234,229,0
1682325633,1820,234,229,0
1682325633,1820,234,229,0
1682325633,1820,234,229,0
1682325633,1820,234,229,0
1682325633,1832,234,229,0
1682325633,1832,234,229,0
1682325633,1832,234,229,0
1682325633,1832,234,229,0
1682325633,1832,234,229,0
1682325633,1832,234,229,0
1682325633,1832,234,229,0
1682325633,1832,234,229,0
1682325633,1832,234,229,0
1682325633,1832,234,229,0
1682325633,1521,234,229,0
1682325633,1521,234,229,0
1682325633,1521,234,229,0
1682325633,1521,234,229,0
1682325633,1521,234,229,0
1682325633,1521,234,229,0
1682325633,1521,234,229,0
1682325633,1521,234,229,0
1682325633,1521,234,229,0
1682325633,1521,234,229,0
1682325633,1521,234,229,0
1682325633,1521,234,229,0
1682325633,1521,234,229,0
1682325633,1521,234,229,0
1682325633,1521,234,229,0
1682325633,1521,234,229,0
1682325633,1521,234,229,0
1682325633,1521,234,229,0
1682325633,1521,234,229,0
1682325633,1521,234,229,0
1682325633,1521,234,229,0
1682325633,1521,234,229,0
1682325633,1521,234,229,0
1682325633,1521,234,229,0
1682325633,1521,234,229,0
1682325633,1521,234,229,0
1682325633,1521,234,229,0
1682325633,1521,234,229,0
1682325633,1521,234,229,0
1682325634,1521,234,229,0
1682325634,1505,234,229,0
1682325634,1505,234,229,0
1682325634,1505,234,229,0
1682325634,1505,234,229,0
1682325634,1505,234,229,0
1682325634,1505,234,229,0
1682325634,1505,234,229,0
1682325634,1505,234,229,0
1682325634,1505,234,229,0
1682325634,1505,234,229,0
1682325634,1505,234,229,0
1682325634,1505,234,229,0
1682325634,1505,234,229,0
1682325634,1505,234,229,0
1682325634,1505,234,229,0
1682325634,1505,234,229,0
1682325634,1505,234,229,0
1682325634,1505,234,229,0
1682325634,1505,234,229,0
1682325634,1505,234,229,0
1682325634,1505,234,229,0
1682325634,1505,234,229,0
1682325634,1505,234,229,0
1682325634,1505,234,229,0
1682325634,1505,234,229,0
1682325634,1505,234,229,0
1682325634,1505,234,229,0
1682325634,1505,234,229,0
1682325634,1505,234,229,0
1682325634,1505,234,229,0
1682325634,1505,234,229,0
1682325634,1505,234,229,0
1682325634,1505,234,229,0
1682325634,1505,234,229,0
1682325634,1505,234,229,0
1682325634,1505,234,229,0
1682325634,1505,234,229,0
1682325634,1505,234,229,0
1682325634,1505,234,229,0
1682325634,1505,234,229,0
1682325634,1505,234,229,0
1682325634,1505,234,229,0
1682325634,1505,234,229,0
1682325634,1505,234,229,0
1682325634,1505,234,229,0
1682325634,1505,234,229,0
1682325634,1505,234,229,0
1682325634,559,559,248,0
1682325634,559,559,277,0
1682325634,559,559,317,0
1682325634,559,559,366,0
1682325634,559,559,417,0
1682325634,559,559,466,0
1682325634,559,559,506,0
1682325634,559,559,535,0
1682325634,559,559,554,0
1682325634,559,559,554,0
1682325634,559,559,554,0
1682325634,559,559,554,0
1682325634,559,559,554,0
1682325635,559,559,554,0
1682325635,559,559,554,0
1682325635,559,559,554,0
1682325635,559,559,554,0
1682325635,559,559,554,0
1682325635,559,559,554,0
1682325635,559,559,554,0
1682325635,559,559,554,0
1682325635,559,559,554,0
1682325635,559,559,554,0
1682325635,559,559,554,0
1682325635,559,559,554,0
1682325635,559,559,554,0
1682325635,559,559,554,0
1682325635,559,559,554,0
1682325635,559,559,554,0
1682325635,559,559,554,0
1682325635,559,559,554,0
1682325635,559,559,554,0
1682325635,559,559,554,0
1682325635,559,559,554,0
1682325635,559,559,554,0
1682325635,559,559,554,0
1682325635,559,559,554,0
1682325635,559,559,554,0
1682325635,559,559,554,0
1682325635,559,559,554,0
1682325635,559,559,554,0
1682325635,559,559,554,0
1682325635,559,559,554,0
1682325635,559,559,554,0
1682325635,559,559,554,0
1682325635,559,559,554,0
1682325635,559,559,554,0
1682325635,559,559,554,0
1682325635,559,559,554,0
1682325635,559,559,554,0
1682325635,559,559,554,0
1682325635,559,559,554,0
1682325635,559,559,554,0
1682325635,559,559,554,0
1682325635,559,559,554,0
1682325635,559,559,554,0
1682325635,559,559,554,0
1682325635,559,559,554,0
1682325635,559,559,554,0
1682325635,559,559,554,0
1682325635,559,559,554,0
1682325635,559,559,554,0
1682325635,559,559,554,0
1682325635,559,559,554,0
1682325635,559,559,554,0
1682325635,559,559,554,0
1682325635,559,559,554,0
1682325635,559,559,554,0
1682325635,559,559,554,0
1682325635,559,559,554,0
1682325635,559,559,554,0
1682325635,559,559,554,0
1682325635,559,559,554,0
1682325635,559,559,554,0
1682325636,559,559,554,0
1682325636,559,559,554,0
1682325636,559,559,554,0
1682325636,559,559,554,0
1682325636,559,559,554,0
1682325636,559,559,554,0
1682325636,1811,559,554,0
1682325636,1811,559,554,0
1682325636,1811,559,554,0
1682325636,1811,559,554,0
1682325636,1811,559,554,0
1682325636,1811,559,554,0
1682325636,1811,559,554,0
1682325636,1811,559,554,0
1682325636,1811,559,554,0
1682325636,1811,559,554,0
1682325636,1811,559,554,0
1682325636,1811,559,554,0
1682325636,1811,559,554,0
1682325636,1811,559,554,0
1682325636,1811,559,554,0
1682325636,1811,559,554,0
1682325636,1811,559,554,0
1682325636,1811,559,554,0
1682325636,1811,559,554,0
1682325636,1811,559,554,0
1682325636,1811,559,554,0
1682325636,1811,559,554,0
1682325636,1811,559,554,0
1682325636,1811,559,554,0
1682325636,1811,559,554,0
1682325636,1811,559,554,0
1682325636,1811,559,554,0
1682325636,1811,559,554,0
1682325636,1811,559,554,0
1682325636,1811,559,554,0
1682325636,1811,559,554,0
1682325636,1811,559,554,0
1682325636,1811,559,554,0
1682325636,1811,559,554,0
1682325636,1811,559,554,0
1682325636,1811,559,554,0
1682325636,1811,559,554,0
1682325636,1811,559,554,0
1682325636,1811,559,554,0
1682325636,1811,559,554,0
1682325636,1679,559,554,0
1682325636,1679,559,554,0
1682325636,1679,559,554,0
1682325636,1679,559,554,0
1682325636,1679,559,554,0
1682325636,1679,559,554,0
1682325637,1679,559,554,0
1682325637,1679,559,554,0
1682325637,1679,559,554,0
1682325637,1679,559,554,0
1682325637,1679,559,554,0
1682325637,1679,559,554,0
1682325637,1679,559,554,0
1682325637,1679,559,554,0
1682325637,1679,559,554,0
1682325637,1679,559,554,0
1682325637,1679,559,554,0
1682325637,1679,559,554,0
1682325637,1679,559,554,0
1682325637,1679,559,554,0
1682325637,1679,559,554,0
1682325637,1679,559,554,0
1682325637,1679,559,554,0
1682325637,1679,559,554,0
1682325637,1679,559,554,0
1682325637,1679,559,554,0
1682325637,1679,559,554,0
1682325637,1679,559,554,0
1682325637,1679,559,554,0
1682325637,1679,559,554,0
1682325637,1679,559,554,0
1682325637,1679,559,554,0
1682325637,1679,559,554,0
1682325637,1679,559,554,0
1682325637,1679,559,554,0
1682325637,1679,559,554,0
1682325637,1679,559,554,0
1682325637,1679,559,554,0
1682325637,1679,559,554,0
1682325637,1679,559,554,0
1682325637,1679,559,554,0
1682325637,1679,559,554,0
1682325637,1679,559,554,0
1682325637,1679,559,554,0
1682325637,1679,559,554,0
1682325637,1679,559,554,0
1682325637,1679,559,554,0
1682325637,1679,559,554,0
1682325637,1679,559,554,0
1682325637,1679,559,554,0
1682325637,1679,559,554,0
1682325637,1679,559,554,0
1682325637,1679,559,554,0
1682325637,1679,559,554,0
1682325637,1679,559,554,0
1682325637,1679,559,554,0
1682325637,1679,559,554,0
1682325637,1679,559,554,0
1682325637,1679,559,554,0
1682325637,1679,559,554,0
1682325637,1679,559,554,0
1682325637,1679,559,554,0
1682325638,1679,559,554,0
1682325638,1679,559,554,0
1682325638,1679,559,554,0
1682325638,1679,559,554,0
1682325638,1679,559,554,0
1682325638,1679,559,554,0
1682325638,1679,559,554,0
1682325638,1679,559,554,0
1682325638,1679,559,554,0
1682325638,1679,559,554,0
1682325638,1679,559,554,0
1682325638,1679,559,554,0
1682325638,1679,559,554,0
1682325638,1679,559,554,0
1682325638,1679,559,554,0
1682325638,1679,559,554,0
1682325638,1679,559,554,0
1682325638,1679,559,554,0
1682325638,1679,559,554,0
1682325638,1679,559,554,0
1682325638,1679,559,554,0
1682325638,711,559,554,0
1682325638,711,559,554,0
1682325638,711,559,554,0
1682325638,1848,559,554,0
1682325638,1848,559,554,0
1682325638,1848,559,554,0
1682325638,1848,559,554,0
1682325638,1848,559,554,0
1682325638,1848,559,554,0
1682325638,1848,559,554,0
1682325638,1848,559,554,0
1682325638,1848,559,554,0
1682325638,1848,559,554,0
1682325638,1848,559,554,0
1682325638,1848,559,554,0
1682325638,1848,559,554,0
1682325638,1848,559,554,0
1682325638,1848,559,554,0
1682325638,1848,559,554,0
1682325638,1848,559,554,0
1682325638,1848,559,554,0
1682325638,1848,559,554,0
1682325638,1848,559,554,0
1682325638,1848,559,554,0
1682325638,1848,559,554,0
1682325638,1848,559,554,0
1682325638,1531,559,554,0
1682325638,1531,559,554,0
1682325638,1531,559,554,0
1682325638,1531,559,554,0
1682325638,1531,559,554,0
1682325638,1531,559,554,0
1682325638,1531,559,554,0
1682325638,1531,559,554,0
1682325638,1531,559,554,0
1682325639,1531,559,554,0
1682325639,1531,559,554,0
1682325639,1531,559,554,0
1682325639,1531,559,554,0
1682325639,1531,559,554,0
1682325639,1531,559,554,0
1682325639,1531,559,554,0
1682325639,1531,559,554,0
1682325639,1531,559,554,0
1682325639,1531,559,554,0
1682325639,1531,559,554,0
1682325639,1531,559,554,0
1682325639,1531,559,554,0
1682325639,1531,559,554,0
1682325639,1531,559,554,0
1682325639,1531,559,554,0
1682325639,1531,559,554,0
1682325639,1531,559,554,0
1682325639,1531,559,554,0
1682325639,1531,559,554,0
1682325639,1531,559,554,0
1682325639,1531,559,554,0
1682325639,1531,559,554,0
1682325639,1531,559,554,0
1682325639,1531,559,554,0
1682325639,1531,559,554,0
1682325639,1531,559,554,0
1682325639,1531,559,554,0
1682325639,1531,559,554,0
1682325639,1531,559,554,0
1682325639,1531,559,554,0
1682325639,1531,559,554,0
1682325639,1531,559,554,0
1682325639,1531,559,554,0
1682325639,1531,559,554,0
1682325639,1531,559,554,0
1682325639,1531,559,554,0
1682325639,1531,559,554,0
1682325639,1531,559,554,0
1682325639,1531,559,554,0
1682325639,1531,559,554,0
1682325639,1531,559,554,0
1682325639,1531,559,554,0
1682325639,1531,559,554,0
1682325639,1531,559,554,0
1682325639,1531,559,554,0
1682325639,1531,559,554,0
1682325639,1531,559,554,0
1682325639,1531,559,554,0
1682325639,1531,559,554,0
1682325639,1531,559,554,0
1682325639,1531,559,554,0
1682325639,1531,559,554,0
1682325639,1531,559,554,0
1682325639,1531,559,554,0
1682325639,1531,559,554,0
1682325639,1531,559,554,0
1682325639,1531,559,554,0
1682325639,1531,559,554,0
1682325639,1531,559,554,0
1682325639,1531,559,554,0
1682325639,1531,559,554,0
1682325639,1531,559,554,0
1682325639,1531,559,554,0
1682325639,1531,559,554,0
1682325639,1531,559,554,0
1682325640,1531,559,554,0
1682325640,1531,559,554,0
1682325640,1531,559,554,0
1682325640,1531,559,554,0
1682325640,1531,559,554,0
1682325640,1531,559,554,0
1682325640,1531,559,554,0
1682325640,1531,559,554,0
1682325640,1531,559,554,0
1682325640,1531,559,554,0
1682325640,1531,559,554,0
1682325640,1531,559,554,0
1682325640,1531,559,554,0
1682325640,1531,559,554,0
1682325640,1531,559,554,0
1682325640,1531,559,554,0
1682325640,1531,559,554,0
1682325640,1531,559,554,0
1682325640,1531,559,554,0
1682325640,1531,559,554,0
1682325640,1531,559,554,0
1682325640,1531,559,554,0
1682325640,1531,559,554,0
1682325640,1531,559,554,0
1682325640,1531,559,554,0
1682325640,1531,559,554,0
1682325640,1531,559,554,0
1682325640,1531,559,554,0
1682325640,1531,559,554,0
1682325640,1531,559,554,0
1682325640,1531,559,554,0
1682325640,1531,559,554,0
1682325640,1531,559,554,0
1682325640,1531,559,554,0
1682325640,1531,559,554,0
1682325640,1531,559,554,0
1682325640,1531,559,554,0
1682325640,1531,559,554,0
1682325640,1531,559,554,0
1682325640,1531,559,554,0
1682325640,1531,559,554,0
1682325640,1531,559,554,0
1682325640,1531,559,554,0
1682325640,1531,559,554,0
1682325640,1531,559,554,0
1682325640,1531,559,554,0
1682325640,1531,559,554,0
1682325640,1531,559,554,0
1682325640,1531,559,554,0
1682325640,1531,559,554,0
1682325640,1531,559,554,0
1682325640,1531,559,554,0
1682325640,1531,559,554,0
1682325640,1531,559,554,0
1682325640,1531,559,554,0
1682325640,1531,559,554,0
1682325640,1531,559,554,0
1682325641,1531,559,554,0
1682325641,1531,559,554,0
1682325641,1531,559,554,0
1682325641,1531,559,554,0
1682325641,1531,559,554,0
1682325641,1531,559,554,0
1682325641,1531,559,554,0
1682325641,1531,559,554,0
1682325641,1531,559,554,0
1682325641,1531,559,554,0
1682325641,1531,559,554,0
1682325641,1531,559,554,0
1682325641,1531,559,554,0
1682325641,1531,559,554,0
1682325641,1531,559,554,0
1682325641,1531,559,554,0
1682325641,1531,559,554,0
1682325641,1531,559,554,0
1682325641,1531,559,554,0
1682325641,1531,559,554,0
1682325641,1531,559,554,0
1682325641,1531,559,554,0
1682325641,1531,559,554,0
1682325641,1531,559,554,0
1682325641,1531,559,554,0
1682325641,1531,559,554,0
1682325641,1531,559,554,0
1682325641,1531,559,554,0
1682325641,1531,559,554,0
1682325641,1531,559,554,0
1682325641,1531,559,554,0
1682325641,1531,559,554,0
1682325641,1531,559,554,0
1682325641,1531,559,554,0
1682325641,1531,559,554,0
1682325641,1531,559,554,0
1682325641,1531,559,554,0
1682325641,1531,559,554,0
1682325641,1531,559,554,0
1682325641,1531,559,554,0
1682325641,1531,559,554,0
1682325641,1531,559,554,0
1682325641,1531,559,554,0
1682325641,1578,559,554,0
1682325641,1578,559,554,0
1682325641,1578,559,554,0
1682325641,1578,559,554,0
1682325641,1578,559,554,0
1682325641,1578,559,554,0
1682325641,1578,559,554,0
1682325641,1578,559,554,0
1682325641,1578,559,554,0
1682325641,1578,559,554,0
1682325641,1578,559,554,0
1682325641,1578,559,554,0
1682325641,1578,559,554,0
1682325641,1578,559,554,0
1682325641,1578,559,554,0
1682325641,1578,559,554,0
1682325641,1578,559,554,0
1682325641,1578,559,554,0
1682325641,1578,559,554,0
1682325641,1578,559,554,0
1682325642,1749,559,554,0
1682325642,1749,559,554,0
1682325642,1749,559,554,0
1682325642,1749,559,554,0
1682325642,1749,559,554,0
1682325642,1749,559,554,0
1682325642,1749,559,554,0
1682325642,1749,559,554,0
1682325642,1749,559,554,0
1682325642,1749,559,554,0
1682325642,1749,559,554,0
1682325642,1749,559,554,0
1682325642,1749,559,554,0
1682325642,1749,559,554,0
1682325642,1749,559,554,0
1682325642,1749,559,554,0
1682325642,1749,559,554,0
1682325642,1749,559,554,0
1682325642,1749,559,554,0
1682325642,1749,559,554,0
1682325642,1700,559,554,0
1682325642,1700,559,554,0
1682325642,1700,559,554,0
1682325642,1700,559,554,0
1682325642,1700,559,554,0
1682325642,1700,559,554,0
1682325642,1700,559,554,0
1682325642,1700,559,554,0
1682325642,1700,559,554,0
1682325642,1700,559,554,0
1682325642,1700,559,554,0
1682325642,1700,559,554,0
1682325642,1700,559,554,0
1682325642,1700,559,554,0
1682325642,1700,559,554,0
1682325642,1700,559,554,0
1682325642,1700,559,554,0
1682325642,1700,559,554,0
1682325642,1700,559,554,0
1682325642,1700,559,554,0
1682325642,1700,559,554,0
1682325642,1700,559,554,0
1682325642,1700,559,554,0
1682325642,1700,559,554,0
1682325642,1700,559,554,0
1682325642,1700,559,554,0
1682325642,1700,559,554,0
1682325642,1700,559,554,0
1682325642,1700,559,554,0
1682325642,1700,559,554,0
1682325642,1700,559,554,0
1682325642,1700,559,554,0
1682325642,1700,559,554,0
1682325642,1700,559,554,0
1682325642,1700,559,554,0
1682325642,1700,559,554,0
1682325643,1700,559,554,0
1682325643,1700,559,554,0
1682325643,1700,559,554,0
1682325643,1700,559,554,0
1682325643,1700,559,554,0
1682325643,1700,559,554,0
1682325643,1700,559,554,0
1682325643,1700,559,554,0
1682325643,616,559,554,0
1682325643,616,559,554,0
1682325643,616,559,554,0
1682325643,616,559,554,0
1682325643,616,559,554,0
1682325643,616,559,554,0
1682325643,616,559,554,0
1682325643,616,559,554,0
1682325643,616,559,554,0
1682325643,616,559,554,0
1682325643,616,559,554,0
1682325643,616,559,554,0
1682325643,616,559,554,0
1682325643,616,559,554,0
1682325643,616,559,554,0
1682325643,616,559,554,0
1682325643,616,559,554,0
1682325643,616,559,554,0
1682325643,616,559,554,0
1682325643,616,559,554,0
1682325643,616,559,554,0
1682325643,616,559,554,0
1682325643,616,559,554,0
1682325643,616,559,554,0
1682325643,616,559,554,0
1682325643,616,559,554,0
1682325643,616,559,554,0
1682325643,616,559,554,0
1682325643,616,559,554,0
1682325643,616,559,554,0
1682325643,616,559,554,0
1682325643,616,559,554,0
1682325643,616,559,554,0
1682325643,616,559,554,0
1682325643,616,559,554,0
1682325643,616,559,554,0
1682325643,616,559,554,0
1682325643,616,559,554,0
1682325643,616,559,554,0
1682325643,616,559,554,0
1682325643,212,212,534,0
1682325643,212,212,503,0
1682325643,212,212,461,0
1682325643,212,212,409,0
1682325643,212,212,354,0
1682325643,212,212,302,0
1682325643,212,212,260,0
1682325643,252,252,231,0
1682325643,252,252,214,0
1682325643,252,252,219,0
1682325643,244,244,225,511
1682325643,244,244,231,511
1682325643,244,244,236,511
1682325643,244,244,240,511
1682325643,238,238,241,511
1682325643,238,238,241,511
1682325644,229,229,239,511
1682325644,229,229,237,511
1682325644,229,229,235,511
1682325644,229,229,233,511
1682325644,216,216,230,511
1682325644,216,216,227,511
1682325644,216,216,223,511
1682325644,227,227,221,511
1682325644,227,227,220,511
1682325644,227,227,220,511
1682325644,221,221,218,511
1682325644,221,221,217,511
1682325644,221,221,216,511
1682325644,221,221,217,511
1682325644,217,217,218,511
1682325644,217,217,218,511
1682325644,240,240,217,511
1682325644,240,240,218,511
1682325644,244,244,220,511
1682325644,244,244,224,511
1682325644,244,244,228,511
1682325644,244,244,232,0
1682325644,244,244,235,0
1682325644,244,244,238,0
1682325644,244,244,240,0
1682325644,227,227,240,0
1682325644,267,267,241,511
1682325644,273,273,243,511
1682325644,273,273,244,511
1682325644,273,273,248,511
1682325644,273,273,253,0
1682325644,273,273,258,0
1682325644,273,273,261,0
1682325644,273,273,265,0
1682325644,273,273,267,0
1682325644,273,273,267,0
1682325644,273,273,267,0
1682325644,273,273,267,0
1682325644,273,273,267,0
1682325644,273,273,267,0
1682325644,273,273,267,0
1682325644,273,273,267,0
1682325644,273,273,267,0
1682325644,273,273,267,0
1682325644,273,273,267,0
1682325644,273,273,267,0
1682325644,273,273,267,0
1682325644,273,273,267,0
1682325644,273,273,267,0
1682325644,273,273,267,0
1682325644,273,273,267,0
1682325644,273,273,267,0
1682325644,273,273,267,0
1682325645,273,273,267,0
1682325645,273,273,267,0
1682325645,273,273,267,0
1682325645,273,273,267,0
1682325645,273,273,267,0
1682325645,273,273,267,0
1682325645,273,273,267,0
1682325645,273,273,267,0
1682325645,357,357,272,0
1682325645,286,286,276,511
1682325645,286,286,280,511
1682325645,286,286,284,511
1682325645,286,286,286,511
1682325645,343,343,291,511
1682325645,343,343,296,511
1682325645,343,343,302,511
1682325645,314,314,308,511
1682325645,314,314,311,511
1682325645,314,314,316,511
1682325645,299,299,317,511
1682325645,299,299,315,511
1682325645,299,299,311,0
1682325645,299,299,305,0
1682325645,299,299,301,0
1682325645,299,299,298,0
1682325645,298,298,296,0
1682325645,298,298,294,0
1682325645,298,298,293,0
1682325645,285,285,292,0
1682325645,285,285,291,0
1682325645,285,285,290,0
1682325645,285,285,288,0
1682325645,304,304,287,0
1682325645,304,304,287,0
1682325645,304,304,288,0
1682325645,322,322,291,511
1682325645,322,322,295,511
1682325645,322,322,300,511
1682325645,322,322,304,511
1682325645,310,310,309,511
1682325645,310,310,310,511
1682325645,310,310,311,0
1682325645,310,310,312,0
1682325645,310,310,311,0
1682325645,310,310,310,0
1682325645,310,310,309,0
1682325645,310,310,307,0
1682325645,310,310,307,0
1682325645,1790,310,307,0
1682325645,1790,310,307,0
1682325646,1790,310,307,0
1682325646,1790,310,307,0
1682325646,1790,310,307,0
1682325646,1790,310,307,0
1682325646,1790,310,307,0
1682325646,1790,310,307,0
1682325646,1790,310,307,0
1682325646,1790,310,307,0
1682325646,1790,310,307,0
1682325646,1790,310,307,0
1682325646,1790,310,307,0
1682325646,1790,310,307,0
1682325646,1790,310,307,0
1682325646,1790,310,307,0
1682325646,1790,310,307,0
1682325646,1790,310,307,0
1682325646,1790,310,307,0
1682325646,1790,310,307,0
1682325646,1790,310,307,0
1682325646,1790,310,307,0
1682325646,1790,310,307,0
1682325646,1819,310,307,0
1682325646,1819,310,307,0
1682325646,1819,310,307,0
1682325646,1819,310,307,0
1682325646,1819,310,307,0
1682325646,1819,310,307,0
1682325646,1819,310,307,0
1682325646,1819,310,307,0
1682325646,1819,310,307,0
1682325646,1819,310,307,0
1682325646,1819,310,307,0
1682325646,1819,310,307,0
1682325646,1819,310,307,0
1682325646,1819,310,307,0
1682325646,1819,310,307,0
1682325646,1819,310,307,0
1682325646,1819,310,307,0
1682325646,1819,310,307,0
1682325646,1819,310,307,0
1682325646,1819,310,307,0
1682325646,1819,310,307,0
1682325646,1819,310,307,0
1682325646,1819,310,307,0
1682325646,1819,310,307,0
1682325646,1819,310,307,0
1682325646,1819,310,307,0
1682325646,1819,310,307,0
1682325646,1819,310,307,0
1682325646,1819,310,307,0
1682325646,1819,310,307,0
1682325646,1819,310,307,0
1682325646,1819,310,307,0
1682325646,1819,310,307,0
1682325647,1819,310,307,0
1682325647,1819,310,307,0
1682325647,1819,310,307,0
1682325647,1819,310,307,0
1682325647,1819,310,307,0
1682325647,1819,310,307,0
1682325647,1819,310,307,0
1682325647,1819,310,307,0
1682325647,1819,310,307,0
1682325647,1819,310,307,0
1682325647,1819,310,307,0
1682325647,1819,310,307,0
1682325647,1819,310,307,0
1682325647,1819,310,307,0
1682325647,1819,310,307,0
1682325647,1819,310,307,0
1682325647,1819,310,307,0
1682325647,1819,310,307,0
1682325647,1819,310,307,0
1682325647,1819,310,307,0
1682325647,1498,310,307,0
1682325647,1498,310,307,0
1682325647,1498,310,307,0
1682325647,1498,310,307,0
1682325647,1498,310,307,0
1682325647,1498,310,307,0
1682325647,1498,310,307,0
1682325647,1498,310,307,0
1682325647,1498,310,307,0
1682325647,1498,310,307,0
1682325647,1498,310,307,0
1682325647,1498,310,307,0
1682325647,1498,310,307,0
1682325647,1498,310,307,0
1682325647,1498,310,307,0
1682325647,1498,310,307,0
1682325647,1498,310,307,0
1682325647,1498,310,307,0
1682325647,1498,310,307,0
1682325647,1498,310,307,0
1682325647,1498,310,307,0
1682325647,1498,310,307,0
1682325647,1498,310,307,0
1682325647,1498,310,307,0
1682325647,1498,310,307,0
1682325647,1498,310,307,0
1682325647,1498,310,307,0
1682325647,1498,310,307,0
1682325647,1498,310,307,0
1682325647,1498,310,307,0
1682325647,1498,310,307,0
1682325647,1498,310,307,0
1682325647,1498,310,307,0
1682325647,1498,310,307,0
1682325647,1498,310,307,0
1682325647,1498,310,307,0
1682325648,1498,310,307,0
1682325648,1498,310,307,0
1682325648,1498,310,307,0
1682325648,1498,310,307,0
1682325648,1498,310,307,0
1682325648,1498,310,307,0
1682325648,1498,310,307,0
1682325648,1498,310,307,0
1682325648,1498,310,307,0
1682325648,1498,310,307,0
1682325648,1498,310,307,0
1682325648,1498,310,307,0
1682325648,1498,310,307,0
1682325648,1498,310,307,0
1682325648,1498,310,307,0
1682325648,1498,310,307,0
1682325648,1498,310,307,0
1682325648,1498,310,307,0
1682325648,1498,310,307,0
1682325648,1498,310,307,0
1682325648,1498,310,307,0
1682325648,1498,310,307,0
1682325648,1498,310,307,0
1682325648,1498,310,307,0
1682325648,1498,310,307,0
1682325648,1498,310,307,0
1682325648,1498,310,307,0
1682325648,1498,310,307,0
1682325648,1498,310,307,0
1682325648,1498,310,307,0
1682325648,1498,310,307,0
1682325648,1498,310,307,0
1682325648,1498,310,307,0
1682325648,1498,310,307,0
1682325648,1498,310,307,0
1682325648,1498,310,307,0
1682325648,1498,310,307,0
1682325648,1498,310,307,0
1682325648,1498,310,307,0
1682325648,1498,310,307,0
1682325648,1498,310,307,0
1682325648,1498,310,307,0
1682325648,1498,310,307,0
1682325648,1498,310,307,0
1682325648,1461,310,307,0
1682325648,1461,310,307,0
1682325648,1461,310,307,0
1682325648,1461,310,307,0
1682325648,1461,310,307,0
1682325648,1461,310,307,0
1682325648,1461,310,307,0
1682325648,1461,310,307,0
1682325648,1461,310,307,0
1682325649,1461,310,307,0
1682325649,1461,310,307,0
1682325649,1461,310,307,0
1682325649,1461,310,307,0
1682325649,1461,310,307,0
1682325649,1461,310,307,0
1682325649,1461,310,307,0
1682325649,1461,310,307,0
1682325649,1461,310,307,0
1682325649,1461,310,307,0
1682325649,1461,310,307,0
1682325649,1461,310,307,0
1682325649,1461,310,307,0
1682325649,1461,310,307,0
1682325649,1461,310,307,0
1682325649,1461,310,307,0
1682325649,1461,310,307,0
1682325649,1461,310,307,0
1682325649,1461,310,307,0
1682325649,1461,310,307,0
1682325649,1461,310,307,0
1682325649,1461,310,307,0
1682325649,1461,310,307,0
1682325649,1461,310,307,0
1682325649,1461,310,307,0
1682325649,1461,310,307,0
1682325649,1461,310,307,0
1682325649,1461,310,307,0
1682325649,1461,310,307,0
1682325649,1461,310,307,0
1682325649,1461,310,307,0
1682325649,1461,310,307,0
1682325649,1461,310,307,0
1682325649,1461,310,307,0
1682325649,1461,310,307,0
1682325649,1461,310,307,0
1682325649,1461,310,307,0
1682325649,1461,310,307,0
1682325649,1461,310,307,0
1682325649,1461,310,307,0
1682325649,1461,310,307,0
1682325649,1461,310,307,0
1682325649,1461,310,307,0
1682325649,1461,310,307,0
1682325649,1461,310,307,0
1682325649,1461,310,307,0
1682325649,1461,310,307,0
1682325649,1461,310,307,0
1682325649,1461,310,307,0
1682325649,1461,310,307,0
1682325649,1461,310,307,0
1682325649,1461,310,307,0
1682325649,1461,310,307,0
1682325649,1461,310,307,0
1682325649,1461,310,307,0
1682325649,1461,310,307,0
1682325649,1461,310,307,0
1682325649,1461,310,307,0
1682325649,1461,310,307,0
1682325650,1461,310,307,0
1682325650,1461,310,307,0
1682325650,1461,310,307,0
1682325650,1461,310,307,0
1682325650,1461,310,307,0
1682325650,1998,310,307,0
1682325650,1998,310,307,0
1682325650,1998,310,307,0
1682325650,1998,310,307,0
1682325650,1998,310,307,0
1682325650,1998,310,307,0
1682325650,1998,310,307,0
1682325650,1998,310,307,0
1682325650,1998,310,307,0
1682325650,1998,310,307,0
1682325650,1998,310,307,0
1682325650,1998,310,307,0
1682325650,1998,310,307,0
1682325650,1998,310,307,0
1682325650,1998,310,307,0
1682325650,1998,310,307,0
1682325650,1998,310,307,0
1682325650,1998,310,307,0
1682325650,1998,310,307,0
1682325650,1998,310,307,0
1682325650,1998,310,307,0
1682325650,1998,310,307,0
1682325650,1998,310,307,0
1682325650,1998,310,307,0
1682325650,1998,310,307,0
1682325650,1998,310,307,0
1682325650,1998,310,307,0
1682325650,1998,310,307,0
1682325650,1998,310,307,0
1682325650,1998,310,307,0
1682325650,1998,310,307,0
1682325650,1998,310,307,0
1682325650,1998,310,307,0
1682325650,1998,310,307,0
1682325650,1998,310,307,0
1682325650,1998,310,307,0
1682325650,1998,310,307,0
1682325650,1998,310,307,0
1682325650,1998,310,307,0
1682325650,1998,310,307,0
1682325650,1998,310,307,0
1682325650,1998,310,307,0
1682325650,1998,310,307,0
1682325650,1998,310,307,0
1682325650,1998,310,307,0
1682325650,1998,310,307,0
1682325650,1998,310,307,0
1682325650,1998,310,307,0
1682325650,1998,310,307,0
1682325650,1998,310,307,0
1682325650,1998,310,307,0
1682325650,1998,310,307,0
1682325650,1998,310,307,0
1682325650,1998,310,307,0
1682325650,1998,310,307,0
1682325650,1998,310,307,0
1682325650,1998,310,307,0
1682325651,1998,310,307,0
1682325651,1998,310,307,0
1682325651,1998,310,307,0
1682325651,1998,310,307,0
1682325651,1998,310,307,0
1682325651,1998,310,307,0
1682325651,1998,310,307,0
1682325651,1998,310,307,0
1682325651,1998,310,307,0
1682325651,1998,310,307,0
1682325651,1998,310,307,0
1682325651,1998,310,307,0
1682325651,1998,310,307,0
1682325651,1998,310,307,0
1682325651,1998,310,307,0
1682325651,1998,310,307,0
1682325651,1998,310,307,0
1682325651,1998,310,307,0
1682325651,1998,310,307,0
1682325651,1998,310,307,0
1682325651,1998,310,307,0
1682325651,1998,310,307,0
1682325651,1998,310,307,0
1682325651,1998,310,307,0
1682325651,1998,310,307,0
1682325651,1998,310,307,0
1682325651,1998,310,307,0
1682325651,1998,310,307,0
1682325651,1998,310,307,0
1682325651,1998,310,307,0
1682325651,1998,310,307,0
1682325651,1998,310,307,0
1682325651,1998,310,307,0
1682325651,1998,310,307,0
1682325651,1998,310,307,0
1682325651,1998,310,307,0
1682325651,1998,310,307,0
1682325651,1998,310,307,0
1682325651,1998,310,307,0
1682325651,1998,310,307,0
1682325651,1998,310,307,0
1682325651,1998,310,307,0
1682325651,1998,310,307,0
1682325651,1998,310,307,0
1682325651,1998,310,307,0
1682325651,1998,310,307,0
1682325651,1998,310,307,0
1682325651,1998,310,307,0
1682325651,1998,310,307,0
1682325651,1998,310,307,0
1682325651,1998,310,307,0
1682325651,1998,310,307,0
1682325651,1998,310,307,0
1682325651,1998,310,307,0
1682325651,1998,310,307,0
1682325651,1998,310,307,0
1682325651,1998,310,307,0
1682325651,1998,310,307,0
1682325651,1998,310,307,0
1682325651,1998,310,307,0
1682325652,1998,310,307,0
1682325652,1998,310,307,0
1682325652,1998,310,307,0
1682325652,1998,310,307,0
1682325652,1998,310,307,0
1682325652,1998,310,307,0
1682325652,1998,310,307,0
1682325652,1998,310,307,0
1682325652,1638,310,307,0
1682325652,1638,310,307,0
1682325652,1638,310,307,0
1682325652,1638,310,307,0
1682325652,1638,310,307,0
1682325652,1638,310,307,0
1682325652,1638,310,307,0
1682325652,1571,310,307,0
1682325652,1571,310,307,0
1682325652,1571,310,307,0
1682325652,1571,310,307,0
1682325652,1571,310,307,0
1682325652,1571,310,307,0
1682325652,1571,310,307,0
1682325652,1571,310,307,0
1682325652,1571,310,307,0
1682325652,1571,310,307,0
1682325652,1571,310,307,0
1682325652,1571,310,307,0
1682325652,1571,310,307,0
1682325652,1571,310,307,0
1682325652,1571,310,307,0
1682325652,1571,310,307,0
1682325652,1571,310,307,0
1682325652,1571,310,307,0
1682325652,1571,310,307,0
1682325652,1571,310,307,0
1682325652,1571,310,307,0
1682325652,1571,310,307,0
1682325652,1571,310,307,0
1682325652,1571,310,307,0
1682325652,1571,310,307,0
1682325652,1571,310,307,0
1682325652,1571,310,307,0
1682325652,1718,310,307,0
1682325652,1718,310,307,0
1682325652,1718,310,307,0
1682325652,1718,310,307,0
1682325652,1718,310,307,0
1682325652,1718,310,307,0
1682325652,1718,310,307,0
1682325652,1718,310,307,0
1682325652,1718,310,307,0
1682325652,1718,310,307,0
1682325652,532,532,320,0
1682325652,532,532,341,0
1682325652,532,532,368,0
1682325652,532,532,401,0
1682325652,532,532,436,0
1682325652,532,532,469,0
1682325653,532,532,496,0
1682325653,532,532,517,0
1682325653,532,532,530,0
1682325653,532,532,530,0
1682325653,532,532,530,0
1682325653,532,532,530,0
1682325653,532,532,530,0
1682325653,532,532,530,0
1682325653,532,532,530,0
1682325653,532,532,530,0
1682325653,532,532,530,0
1682325653,532,532,530,0
1682325653,532,532,530,0
1682325653,532,532,530,0
1682325653,532,532,530,0
1682325653,532,532,530,0
1682325653,532,532,530,0
1682325653,532,532,530,0
1682325653,532,532,530,0
1682325653,532,532,530,0
1682325653,532,532,530,0
1682325653,532,532,530,0
1682325653,532,532,530,0
1682325653,532,532,530,0
1682325653,532,532,530,0
1682325653,532,532,530,0
1682325653,532,532,530,0
1682325653,532,532,530,0
1682325653,532,532,530,0
1682325653,532,532,530,0
1682325653,532,532,530,0
1682325653,532,532,530,0
1682325653,532,532,530,0
1682325653,532,532,530,0
1682325653,532,532,530,0
1682325653,532,532,530,0
1682325653,532,532,530,0
1682325653,532,532,530,0
1682325653,532,532,530,0
1682325653,532,532,530,0
1682325653,532,532,530,0
1682325653,532,532,530,0
1682325653,532,532,530,0
1682325653,532,532,530,0
1682325653,532,532,530,0
1682325653,532,532,530,0
1682325653,532,532,530,0
1682325653,532,532,530,0
1682325653,532,532,530,0
1682325653,532,532,530,0
1682325653,532,532,530,0
1682325653,532,532,530,0
1682325653,532,532,530,0
1682325653,532,532,530,0
1682325653,532,532,530,0
1682325653,1982,532,530,0
1682325653,1982,532,530,0
1682325653,1982,532,530,0
1682325653,1982,532,530,0
1682325653,1982,532,530,0
1682325653,1982,532,530,0
1682325653,1982,532,530,0
1682325654,1982,532,530,0
1682325654,1982,532,530,0
1682325654,1982,532,530,0
1682325654,1624,532,530,0
1682325654,1624,532,530,0
1682325654,1624,532,530,0
1682325654,1624,532,530,0
1682325654,1624,532,530,0
1682325654,1624,532,530,0
1682325654,1624,532,530,0
1682325654,1624,532,530,0
1682325654,1624,532,530,0
1682325654,1624,532,530,0
1682325654,1624,532,530,0
1682325654,1624,532,530,0
1682325654,1624,532,530,0
1682325654,1624,532,530,0
1682325654,1624,532,530,0
1682325654,1624,532,530,0
1682325654,1730,532,530,0
1682325654,1730,532,530,0
1682325654,1730,532,530,0
1682325654,1730,532,530,0
1682325654,1730,532,530,0
1682325654,1730,532,530,0
1682325654,1730,532,530,0
1682325654,1730,532,530,0
1682325654,1730,532,530,0
1682325654,1730,532,530,0
1682325654,1816,532,530,0
1682325654,1816,532,530,0
1682325654,1816,532,530,0
1682325654,1816,532,530,0
1682325654,1816,532,530,0
1682325654,1816,532,530,0
1682325654,1816,532,530,0
1682325654,1816,532,530,0
1682325654,1816,532,530,0
1682325654,1816,532,530,0
1682325654,1816,532,530,0
1682325654,1816,532,530,0
1682325654,1816,532,530,0
1682325654,1816,532,530,0
1682325654,1816,532,530,0
1682325654,1816,532,530,0
1682325654,1816,532,530,0
1682325654,1816,532,530,0
1682325654,1816,532,530,0
1682325654,1816,532,530,0
1682325654,1816,532,530,0
1682325654,1816,532,530,0
1682325654,1816,532,530,0
1682325654,1816,532,530,0
1682325654,1816,532,530,0
1682325654,1816,532,530,0
1682325654,1816,532,530,0
1682325654,1816,532,530,0
1682325654,1816,532,530,0
1682325654,1816,532,530,0
1682325654,1816,532,530,0
1682325654,1816,532,530,0
1682325654,1816,532,530,0
1682325654,1816,532,530,0
1682325654,1816,532,530,0
1682325654,1816,532,530,0
1682325654,1816,532,530,0
1682325654,1816,532,530,0
1682325655,1816,532,530,0
1682325655,1816,532,530,0
1682325655,1816,532,530,0
1682325655,1816,532,530,0
1682325655,1816,532,530,0
1682325655,1816,532,530,0
1682325655,1816,532,530,0
1682325655,1816,532,530,0
1682325655,1816,532,530,0
1682325655,1816,532,530,0
1682325655,1816,532,530,0
1682325655,1816,532,530,0
1682325655,1816,532,530,0
1682325655,1816,532,530,0
1682325655,1816,532,530,0
1682325655,1816,532,530,0
1682325655,1816,532,530,0
1682325655,1816,532,530,0
1682325655,1816,532,530,0
1682325655,1816,532,530,0
1682325655,1816,532,530,0
1682325655,1816,532,530,0
1682325655,1816,532,530,0
1682325655,1816,532,530,0
1682325655,1816,532,530,0
1682325655,1816,532,530,0
1682325655,1816,532,530,0
1682325655,1816,532,530,0
1682325655,1816,532,530,0
1682325655,1816,532,530,0
1682325655,1816,532,530,0
1682325655,1816,532,530,0
1682325655,1816,532,530,0
1682325655,1816,532,530,0
1682325655,1816,532,530,0
1682325655,338,338,518,0
1682325655,338,338,500,0
1682325655,338,338,476,0
1682325655,338,338,447,0
1682325655,291,291,413,0
1682325655,291,291,380,0
1682325655,291,291,350,0
1682325655,297,297,326,0
1682325655,297,297,307,0
1682325655,297,297,301,0
1682325655,297,297,296,0
1682325655,297,297,293,0
1682325655,297,297,291,0
1682325655,297,297,292,0
1682325655,301,301,292,511
1682325655,294,294,294,511
1682325656,299,299,294,511
1682325656,311,311,294,511
1682325656,311,311,295,511
1682325656,310,310,297,511
1682325656,310,310,299,511
1682325656,310,310,302,511
1682325656,310,310,303,511
1682325656,297,297,304,511
1682325656,297,297,305,511
1682325656,297,297,304,511
1682325656,311,311,302,511
1682325656,311,311,302,511
1682325656,311,311,302,511
1682325656,311,311,302,511
1682325656,316,316,303,511
1682325656,303,303,303,511
1682325656,364,364,308,511
1682325656,364,364,315,0
1682325656,364,364,322,0
1682325656,364,364,330,0
1682325656,364,364,337,0
1682325656,364,364,345,0
1682325656,364,364,351,0
1682325656,364,364,355,0
1682325656,364,364,359,0
1682325656,364,364,359,0
1682325656,364,364,359,0
1682325656,364,364,359,0
1682325656,364,364,359,0
1682325656,364,364,359,0
1682325656,364,364,359,0
1682325656,364,364,359,0
1682325656,364,364,359,0
1682325656,364,364,359,0
1682325656,364,364,359,0
1682325656,364,364,359,0
1682325656,364,364,359,0
1682325656,326,326,357,0
1682325656,326,326,354,0
1682325656,326,326,350,0
1682325656,326,326,344,0
1682325656,326,326,338,0
1682325656,326,326,332,0
1682325656,326,326,328,0
1682325656,246,246,320,0
1682325656,246,246,311,0
1682325656,246,246,301,0
1682325656,246,246,289,0
1682325656,235,235,275,0
1682325656,235,235,262,0
1682325656,235,235,250,0
1682325656,240,240,241,0
1682325657,240,240,235,0
1682325657,240,240,234,0
1682325657,240,240,233,0
1682325657,251,251,234,0
1682325657,236,236,234,511
1682325657,218,218,234,511
1682325657,218,218,233,511
1682325657,218,218,229,511
1682325657,218,218,226,511
1682325657,233,233,223,511
1682325657,233,233,222,511
1682325657,233,233,221,511
1682325657,234,234,220,511
1682325657,234,234,221,511
1682325657,244,244,224,511
1682325657,244,244,227,511
1682325657,244,244,232,511
1682325657,244,244,235,511
1682325657,270,270,237,511
1682325657,270,270,241,511
1682325657,270,270,246,0
1682325657,270,270,251,0
1682325657,270,270,256,0
1682325657,270,270,260,0
1682325657,270,270,263,0
1682325657,270,270,265,0
1682325657,270,270,266,0
1682325657,270,270,266,0
1682325657,270,270,266,0
1682325657,270,270,266,0
1682325657,270,270,266,0
1682325657,270,270,266,0
1682325657,1493,270,266,0
1682325657,1493,270,266,0
1682325657,1493,270,266,0
1682325657,1493,270,266,0
1682325657,1493,270,266,0
1682325657,1493,270,266,0
1682325657,1493,270,266,0
1682325657,1493,270,266,0
1682325657,1493,270,266,0
1682325657,1493,270,266,0
1682325657,1493,270,266,0
1682325657,1493,270,266,0
1682325657,1493,270,266,0
1682325657,1493,270,266,0
1682325657,1493,270,266,0
1682325657,1493,270,266,0
1682325657,1493,270,266,0
1682325657,1493,270,266,0
1682325657,1493,270,266,0
1682325657,1493,270,266,0
1682325657,1493,270,266,0
1682325658,1493,270,266,0
1682325658,1493,270,266,0
1682325658,1493,270,266,0
1682325658,1493,270,266,0
1682325658,1493,270,266,0
1682325658,1493,270,266,0
1682325658,1493,270,266,0
1682325658,1493,270,266,0
1682325658,1493,270,266,0
1682325658,1493,270,266,0
1682325658,1493,270,266,0
1682325658,1493,270,266,0
1682325658,1778,270,266,0
1682325658,1778,270,266,0
1682325658,1778,270,266,0
1682325658,1778,270,266,0
1682325658,1778,270,266,0
1682325658,1778,270,266,0
1682325658,1778,270,266,0
1682325658,1778,270,266,0
1682325658,1778,270,266,0
1682325658,1778,270,266,0
1682325658,1778,270,266,0
1682325658,1778,270,266,0
1682325658,1778,270,266,0
1682325658,1778,270,266,0
1682325658,1778,270,266,0
1682325658,1778,270,266,0
1682325658,1778,270,266,0
1682325658,1778,270,266,0
1682325658,1778,270,266,0
1682325658,1778,270,266,0
1682325658,1778,270,266,0
1682325658,1778,270,266,0
1682325658,1778,270,266,0
1682325658,1778,270,266,0
1682325658,1627,270,266,0
1682325658,1627,270,266,0
1682325658,1627,270,266,0
1682325658,1627,270,266,0
1682325658,1627,270,266,0
1682325658,1627,270,266,0
1682325658,1627,270,266,0
1682325658,1627,270,266,0
1682325658,1627,270,266,0
1682325658,1627,270,266,0
1682325658,1627,270,266,0
1682325658,1627,270,266,0
1682325658,1627,270,266,0
1682325658,1627,270,266,0
1682325658,1627,270,266,0
1682325658,1627,270,266,0
1682325658,1627,270,266,0
1682325659,1627,270,266,0
1682325659,1627,270,266,0
1682325659,1627,270,266,0
1682325659,1627,270,266,0
1682325659,1627,270,266,0
1682325659,1627,270,266,0
1682325659,1627,270,266,0
1682325659,1627,270,266,0
1682325659,1627,270,266,0
1682325659,1627,270,266,0
1682325659,1627,270,266,0
1682325659,1627,270,266,0
1682325659,1627,270,266,0
1682325659,1672,270,266,0
1682325659,1672,270,266,0
1682325659,1672,270,266,0
1682325659,1672,270,266,0
1682325659,1672,270,266,0
1682325659,1672,270,266,0
1682325659,1672,270,266,0
1682325659,1672,270,266,0
1682325659,1672,270,266,0
1682325659,1672,270,266,0
1682325659,1672,270,266,0
1682325659,1672,270,266,0
1682325659,1672,270,266,0
1682325659,1672,270,266,0
1682325659,1672,270,266,0
1682325659,1672,270,266,0
1682325659,1672,270,266,0
1682325659,1672,270,266,0
1682325659,1672,270,266,0
1682325659,1672,270,266,0
1682325659,1672,270,266,0
1682325659,1672,270,266,0
1682325659,1672,270,266,0
1682325659,1672,270,266,0
1682325659,1672,270,266,0
1682325659,1672,270,266,0
1682325659,1672,270,266,0
1682325659,1672,270,266,0
1682325659,1672,270,266,0
1682325659,1672,270,266,0
1682325659,1672,270,266,0
1682325659,1672,270,266,0
1682325659,1672,270,266,0
1682325659,1672,270,266,0
1682325659,1672,270,266,0
1682325659,1672,270,266,0
1682325659,1672,270,266,0
1682325659,1672,270,266,0
1682325659,1672,270,266,0
1682325659,1672,270,266,0
1682325659,1672,270,266,0
1682325659,1672,270,266,0
1682325659,1672,270,266,0
1682325659,959,270,266,0
1682325659,959,270,266,0
1682325659,959,270,266,0
1682325659,959,270,266,0
1682325659,959,270,266,0
1682325659,959,270,266,0
1682325659,959,270,266,0
1682325659,959,270,266,0
1682325659,959,270,266,0
1682325659,959,270,266,0
1682325660,959,270,266,0
1682325660,959,270,266,0
1682325660,959,270,266,0
1682325660,959,270,266,0
1682325660,959,270,266,0
1682325660,959,270,266,0
1682325660,959,270,266,0
1682325660,959,270,266,0
1682325660,959,270,266,0
1682325660,959,270,266,0
1682325660,959,270,266,0
1682325660,959,270,266,0
1682325660,959,270,266,0
1682325660,959,270,266,0
1682325660,959,270,266,0
1682325660,959,270,266,0
1682325660,959,270,266,0
1682325660,959,270,266,0
1682325660,959,270,266,0
1682325660,959,270,266,0
1682325660,959,270,266,0
1682325660,959,270,266,0
1682325660,959,270,266,0
1682325660,1861,270,266,0
1682325660,1861,270,266,0
1682325660,1861,270,266,0
1682325660,1861,270,266,0
1682325660,1861,270,266,0
1682325660,1861,270,266,0
1682325660,1861,270,266,0
1682325660,1861,270,266,0
1682325660,1861,270,266,0
1682325660,1861,270,266,0
1682325660,1861,270,266,0
1682325660,1861,270,266,0
1682325660,1861,270,266,0
1682325660,1861,270,266,0
1682325660,1861,270,266,0
1682325660,1861,270,266,0
1682325660,2123,270,266,0
1682325660,2123,270,266,0
1682325660,2123,270,266,0
1682325660,2123,270,266,0
1682325660,2123,270,266,0
1682325660,2123,270,266,0
1682325660,2123,270,266,0
1682325660,2123,270,266,0
1682325660,2123,270,266,0
1682325660,2123,270,266,0
1682325660,2123,270,266,0
1682325660,2123,270,266,0
1682325660,2123,270,266,0
1682325660,2123,270,266,0
1682325660,2123,270,266,0
1682325660,2123,270,266,0
1682325660,2123,270,266,0
1682325660,2123,270,266,0
1682325660,2123,270,266,0
1682325660,2123,270,266,0
1682325661,2123,270,266,0
1682325661,2123,270,266,0
1682325661,2123,270,266,0
1682325661,2123,270,266,0
1682325661,1721,270,266,0
1682325661,1721,270,266,0
1682325661,1721,270,266,0
1682325661,1721,270,266,0
1682325661,356,356,271,0
1682325661,356,356,279,0
1682325661,356,356,289,0
1682325661,356,356,301,0
1682325661,356,356,315,0
1682325661,356,356,327,0
1682325661,356,356,337,0
1682325661,356,356,345,0
1682325661,356,356,350,0
1682325661,356,356,350,0
1682325661,356,356,350,0
1682325661,356,356,350,0
1682325661,356,356,350,0
1682325661,356,356,350,0
1682325661,356,356,350,0
1682325661,356,356,350,0
1682325661,356,356,350,0
1682325661,356,356,350,0
1682325661,356,356,350,0
1682325661,356,356,350,0
1682325661,356,356,350,0
1682325661,356,356,350,0
1682325661,356,356,350,0
1682325661,356,356,350,0
1682325661,1852,356,350,0
1682325661,1852,356,350,0
1682325661,1852,356,350,0
1682325661,1852,356,350,0
1682325661,1852,356,350,0
1682325661,1852,356,350,0
1682325661,1852,356,350,0
1682325661,1852,356,350,0
1682325661,1852,356,350,0
1682325661,1852,356,350,0
1682325661,1852,356,350,0
1682325661,1852,356,350,0
1682325661,1852,356,350,0
1682325661,1852,356,350,0
1682325661,1852,356,350,0
1682325661,1852,356,350,0
1682325661,1852,356,350,0
1682325661,1852,356,350,0
1682325661,1852,356,350,0
1682325661,1852,356,350,0
1682325661,1852,356,350,0
1682325661,1852,356,350,0
1682325661,1852,356,350,0
1682325661,1852,356,350,0
1682325661,1852,356,350,0
1682325661,1852,356,350,0
1682325662,1852,356,350,0
1682325662,1852,356,350,0
1682325662,1852,356,350,0
1682325662,1852,356,350,0
1682325662,1852,356,350,0
1682325662,1852,356,350,0
1682325662,1852,356,350,0
1682325662,1852,356,350,0
1682325662,1852,356,350,0
1682325662,1852,356,350,0
1682325662,1852,356,350,0
1682325662,1852,356,350,0
1682325662,1852,356,350,0
1682325662,1852,356,350,0
1682325662,1852,356,350,0
1682325662,1852,356,350,0
1682325662,1754,356,350,0
1682325662,1754,356,350,0
1682325662,1754,356,350,0
1682325662,1754,356,350,0
1682325662,1754,356,350,0
1682325662,1754,356,350,0
1682325662,1754,356,350,0
1682325662,1754,356,350,0
1682325662,1754,356,350,0
1682325662,1754,356,350,0
1682325662,1754,356,350,0
1682325662,1754,356,350,0
1682325662,1754,356,350,0
1682325662,1754,356,350,0
1682325662,1754,356,350,0
1682325662,1754,356,350,0
1682325662,1754,356,350,0
1682325662,1754,356,350,0
1682325662,1754,356,350,0
1682325662,1754,356,350,0
1682325662,1754,356,350,0
1682325662,1754,356,350,0
1682325662,1754,356,350,0
1682325662,1754,356,350,0
1682325662,1754,356,350,0
1682325662,1754,356,350,0
1682325662,1754,356,350,0
1682325662,1754,356,350,0
1682325662,1754,356,350,0
1682325662,1754,356,350,0
1682325662,1754,356,350,0
1682325662,1754,356,350,0
1682325662,1754,356,350,0
1682325662,1754,356,350,0
1682325662,1754,356,350,0
1682325662,1754,356,350,0
1682325662,1754,356,350,0
1682325662,1754,356,350,0
1682325662,1754,356,350,0
1682325662,1754,356,350,0
1682325663,1754,356,350,0
1682325663,1754,356,350,0
1682325663,1754,356,350,0
1682325663,1754,356,350,0
1682325663,1754,356,350,0
1682325663,1754,356,350,0
1682325663,1754,356,350,0
1682325663,1754,356,350,0
1682325663,1754,356,350,0
1682325663,1754,356,350,0
1682325663,1754,356,350,0
1682325663,1754,356,350,0
1682325663,1754,356,350,0
1682325663,2154,356,350,0
1682325663,2154,356,350,0
1682325663,2154,356,350,0
1682325663,2154,356,350,0
1682325663,2154,356,350,0
1682325663,2154,356,350,0
1682325663,2154,356,350,0
1682325663,2154,356,350,0
1682325663,2154,356,350,0
1682325663,2154,356,350,0
1682325663,2154,356,350,0
1682325663,2154,356,350,0
1682325663,2154,356,350,0
1682325663,2154,356,350,0
1682325663,1439,356,350,0
1682325663,1439,356,350,0
1682325663,1439,356,350,0
1682325663,1439,356,350,0
1682325663,1439,356,350,0
1682325663,1439,356,350,0
1682325663,1439,356,350,0
1682325663,1439,356,350,0
1682325663,1439,356,350,0
1682325663,1439,356,350,0
1682325663,1439,356,350,0
1682325663,1439,356,350,0
1682325663,1439,356,350,0
1682325663,1439,356,350,0
1682325663,1439,356,350,0
1682325663,1439,356,350,0
1682325663,2074,356,350,0
1682325663,2074,356,350,0
1682325663,2074,356,350,0
1682325663,2074,356,350,0
1682325663,2074,356,350,0
1682325663,2074,356,350,0
1682325663,2074,356,350,0
1682325663,2074,356,350,0
1682325663,2074,356,350,0
1682325663,2074,356,350,0
1682325663,2074,356,350,0
1682325663,2074,356,350,0
1682325663,2074,356,350,0
1682325664,2074,356,350,0
1682325664,2074,356,350,0
1682325664,2074,356,350,0
1682325664,2074,356,350,0
1682325664,1485,356,350,0
1682325664,1485,356,350,0
1682325664,1485,356,350,0
1682325664,1485,356,350,0
1682325664,1485,356,350,0
1682325664,1485,356,350,0
1682325664,1485,356,350,0
1682325664,1485,356,350,0
1682325664,1485,356,350,0
1682325664,1485,356,350,0
1682325664,1485,356,350,0
1682325664,1485,356,350,0
1682325664,1485,356,350,0
1682325664,1485,356,350,0
1682325664,1485,356,350,0
1682325664,1485,356,350,0
1682325664,1485,356,350,0
1682325664,1485,356,350,0
1682325664,1485,356,350,0
1682325664,1485,356,350,0
1682325664,1485,356,350,0
1682325664,1485,356,350,0
1682325664,1485,356,350,0
1682325664,1485,356,350,0
1682325664,1485,356,350,0
1682325664,1485,356,350,0
1682325664,1485,356,350,0
1682325664,1485,356,350,0
1682325664,1485,356,350,0
1682325664,1485,356,350,0
1682325664,1485,356,350,0
1682325664,1485,356,350,0
1682325664,1485,356,350,0
1682325664,1485,356,350,0
1682325664,1485,356,350,0
1682325664,1485,356,350,0
1682325664,1485,356,350,0
1682325664,1485,356,350,0
1682325664,1485,356,350,0
1682325664,1485,356,350,0
1682325664,1485,356,350,0
1682325664,1485,356,350,0
1682325664,1485,356,350,0
1682325664,1485,356,350,0
1682325664,1485,356,350,0
1682325664,1485,356,350,0
1682325664,1485,356,350,0
1682325664,1485,356,350,0
1682325664,1485,356,350,0
1682325664,1485,356,350,0
1682325664,1485,356,350,0
1682325664,1485,356,350,0
1682325664,1485,356,350,0
1682325664,1485,356,350,0
1682325664,1485,356,350,0
1682325664,1485,356,350,0
1682325664,1485,356,350,0
1682325664,1485,356,350,0
1682325664,1485,356,350,0
1682325665,1485,356,350,0
1682325665,1485,356,350,0
1682325665,1485,356,350,0
1682325665,1485,356,350,0
1682325665,1485,356,350,0
1682325665,1485,356,350,0
1682325665,1485,356,350,0
1682325665,1615,356,350,0
1682325665,1615,356,350,0
1682325665,1615,356,350,0
1682325665,1615,356,350,0
1682325665,1615,356,350,0
1682325665,1615,356,350,0
1682325665,1615,356,350,0
1682325665,1615,356,350,0
1682325665,1615,356,350,0
1682325665,1615,356,350,0
1682325665,1615,356,350,0
1682325665,1615,356,350,0
1682325665,1615,356,350,0
1682325665,1615,356,350,0
1682325665,1615,356,350,0
1682325665,1615,356,350,0
1682325665,1615,356,350,0
1682325665,1615,356,350,0
1682325665,1615,356,350,0
1682325665,1615,356,350,0
1682325665,1615,356,350,0
1682325665,1615,356,350,0
1682325665,1615,356,350,0
1682325665,1615,356,350,0
1682325665,1615,356,350,0
1682325665,1615,356,350,0
1682325665,1615,356,350,0
1682325665,1615,356,350,0
1682325665,1615,356,350,0
1682325665,1615,356,350,0
1682325665,1615,356,350,0
1682325665,1615,356,350,0
1682325665,1615,356,350,0
1682325665,1615,356,350,0
1682325665,1615,356,350,0
1682325665,1615,356,350,0
1682325665,1615,356,350,0
1682325665,1615,356,350,0
1682325665,1615,356,350,0
1682325665,1615,356,350,0
1682325665,1615,356,350,0
1682325665,1615,356,350,0
1682325665,1615,356,350,0
1682325665,2060,356,350,0
1682325665,2060,356,350,0
1682325665,2060,356,350,0
1682325665,2060,356,350,0
1682325665,2060,356,350,0
1682325665,2060,356,350,0
1682325665,2060,356,350,0
1682325665,2060,356,350,0
1682325665,2060,356,350,0
1682325666,2060,356,350,0
1682325666,2060,356,350,0
1682325666,2060,356,350,0
1682325666,2060,356,350,0
1682325666,2060,356,350,0
1682325666,2060,356,350,0
1682325666,2060,356,350,0
1682325666,2060,356,350,0
1682325666,1823,356,350,0
1682325666,1823,356,350,0
1682325666,1823,356,350,0
1682325666,1823,356,350,0
1682325666,1823,356,350,0
1682325666,1823,356,350,0
1682325666,1823,356,350,0
1682325666,1823,356,350,0
1682325666,1823,356,350,0
1682325666,1823,356,350,0
1682325666,1823,356,350,0
1682325666,1823,356,350,0
1682325666,1823,356,350,0
1682325666,1823,356,350,0
1682325666,1823,356,350,0
1682325666,1823,356,350,0
1682325666,1823,356,350,0
1682325666,1823,356,350,0
1682325666,1823,356,350,0
1682325666,1823,356,350,0
1682325666,1823,356,350,0
1682325666,1823,356,350,0
1682325666,1823,356,350,0
1682325666,1823,356,350,0
1682325666,1823,356,350,0
1682325666,1823,356,350,0
1682325666,1823,356,350,0
1682325666,1823,356,350,0
1682325666,1823,356,350,0
1682325666,1941,356,350,0
1682325666,1941,356,350,0
1682325666,1941,356,350,0
1682325666,1941,356,350,0
1682325666,1941,356,350,0
1682325666,1941,356,350,0
1682325666,1941,356,350,0
1682325666,1941,356,350,0
1682325666,1941,356,350,0
1682325666,1941,356,350,0
1682325666,1421,356,350,0
1682325666,1421,356,350,0
1682325666,1421,356,350,0
1682325666,1421,356,350,0
1682325666,1421,356,350,0
1682325666,1421,356,350,0
1682325666,1421,356,350,0
1682325666,1421,356,350,0
1682325666,1421,356,350,0
1682325666,1421,356,350,0
1682325667,1421,356,350,0
1682325667,1421,356,350,0
1682325667,1421,356,350,0
1682325667,1421,356,350,0
1682325667,1421,356,350,0
1682325667,1421,356,350,0
1682325667,1421,356,350,0
1682325667,1421,356,350,0
1682325667,1421,356,350,0
1682325667,1421,356,350,0
1682325667,1421,356,350,0
1682325667,1421,356,350,0
1682325667,1421,356,350,0
1682325667,1421,356,350,0
1682325667,1421,356,350,0
1682325667,1421,356,350,0
1682325667,1421,356,350,0
1682325667,1421,356,350,0
1682325667,1421,356,350,0
1682325667,1421,356,350,0
1682325667,1421,356,350,0
1682325667,1421,356,350,0
1682325667,1421,356,350,0
1682325667,1421,356,350,0
1682325667,1421,356,350,0
1682325667,1421,356,350,0
1682325667,1421,356,350,0
1682325667,1421,356,350,0
1682325667,1421,356,350,0
1682325667,1421,356,350,0
1682325667,1421,356,350,0
1682325667,1421,356,350,0
1682325667,1421,356,350,0
1682325667,1421,356,350,0
1682325667,1421,356,350,0
1682325667,1421,356,350,0
1682325667,1421,356,350,0
1682325667,1421,356,350,0
1682325667,1421,356,350,0
1682325667,1421,356,350,0
1682325667,1421,356,350,0
1682325667,1421,356,350,0
1682325667,1421,356,350,0
1682325667,1421,356,350,0
1682325667,1421,356,350,0
1682325667,1421,356,350,0
1682325667,1421,356,350,0
1682325667,1421,356,350,0
1682325667,1421,356,350,0
1682325667,1421,356,350,0
1682325667,1421,356,350,0
1682325667,1421,356,350,0
1682325667,1421,356,350,0
1682325668,1421,356,350,0
1682325668,1421,356,350,0
1682325668,1421,356,350,0
1682325668,1421,356,350,0
1682325668,1421,356,350,0
1682325668,1421,356,350,0
1682325668,1421,356,350,0
1682325668,1421,356,350,0
1682325668,1421,356,350,0
1682325668,1421,356,350,0
1682325668,1421,356,350,0
1682325668,1421,356,350,0
1682325668,1421,356,350,0
1682325668,1421,356,350,0
1682325668,1421,356,350,0
1682325668,1421,356,350,0
1682325668,1421,356,350,0
1682325668,1421,356,350,0
1682325668,1421,356,350,0
1682325668,1421,356,350,0
1682325668,1421,356,350,0
1682325668,1421,356,350,0
1682325668,1421,356,350,0
1682325668,1421,356,350,0
1682325668,1809,356,350,0
1682325668,1809,356,350,0
1682325668,1809,356,350,0
1682325668,1809,356,350,0
1682325668,1809,356,350,0
1682325668,1809,356,350,0
1682325668,1809,356,350,0
1682325668,1809,356,350,0
1682325668,1809,356,350,0
1682325668,1809,356,350,0
1682325668,1809,356,350,0
1682325668,1809,356,350,0
1682325668,1809,356,350,0
1682325668,1809,356,350,0
1682325668,1809,356,350,0
1682325668,1809,356,350,0
1682325668,1809,356,350,0
1682325668,1809,356,350,0
1682325668,1809,356,350,0
1682325668,1809,356,350,0
1682325668,1809,356,350,0
1682325668,1809,356,350,0
1682325668,1809,356,350,0
1682325668,1809,356,350,0
1682325668,1809,356,350,0
1682325668,1809,356,350,0
1682325668,1809,356,350,0
1682325668,1809,356,350,0
1682325668,1809,356,350,0
1682325668,1809,356,350,0
1682325668,1809,356,350,0
1682325668,1809,356,350,0
1682325668,1809,356,350,0
1682325668,1809,356,350,0
1682325668,1809,356,350,0
1682325668,1809,356,350,0
1682325669,1809,356,350,0
1682325669,1809,356,350,0
1682325669,1809,356,350,0
1682325669,1809,356,350,0
1682325669,1809,356,350,0
1682325669,1809,356,350,0
1682325669,1809,356,350,0
1682325669,1809,356,350,0
1682325669,1809,356,350,0
1682325669,1809,356,350,0
1682325669,1809,356,350,0
1682325669,1809,356,350,0
1682325669,1809,356,350,0
1682325669,1809,356,350,0
1682325669,1809,356,350,0
1682325669,1809,356,350,0
1682325669,1809,356,350,0
1682325669,1809,356,350,0
1682325669,1809,356,350,0
1682325669,1809,356,350,0
1682325669,1809,356,350,0
1682325669,1809,356,350,0
1682325669,1809,356,350,0
1682325669,1809,356,350,0
1682325669,1809,356,350,0
1682325669,1809,356,350,0
1682325669,1809,356,350,0
1682325669,1809,356,350,0
1682325669,1809,356,350,0
1682325669,1809,356,350,0
1682325669,1809,356,350,0
1682325669,1809,356,350,0
1682325669,1809,356,350,0
1682325669,1809,356,350,0
1682325669,257,257,344,0
1682325669,257,257,335,0
1682325669,257,257,323,0
1682325669,257,257,309,0
1682325669,203,203,290,0
1682325669,203,203,271,0
1682325669,203,203,253,0
1682325669,251,251,239,0
1682325669,251,251,229,0
1682325669,251,251,226,0
1682325669,251,251,227,0
1682325669,251,251,229,0
1682325669,251,251,233,0
1682325669,251,251,238,0
1682325669,251,251,242,0
1682325669,251,251,245,0
1682325669,243,243,245,0
1682325669,223,223,242,511
1682325669,223,223,240,511
1682325669,223,223,237,511
1682325669,223,223,233,511
1682325669,246,246,231,511
1682325669,246,246,229,511
1682325669,246,246,229,511
1682325669,221,221,229,511
1682325669,221,221,227,511
1682325669,221,221,227,511
1682325670,213,213,226,511
1682325670,213,213,225,511
1682325670,213,213,222,511
1682325670,213,213,218,511
1682325670,226,226,214,511
1682325670,226,226,212,511
1682325670,226,226,212,511
1682325670,231,231,214,511
1682325670,225,225,216,511
1682325670,225,225,219,511
1682325670,225,225,220,511
1682325670,225,225,221,511
1682325670,219,219,221,511
1682325670,229,229,221,511
1682325670,229,229,221,511
1682325670,229,229,221,511
1682325670,229,229,222,511
1682325670,229,229,223,511
1682325670,229,229,225,511
1682325670,229,229,225,511
1682325670,242,242,226,511
1682325670,227,227,227,511
1682325670,227,227,227,511
1682325670,269,269,230,511
1682325670,227,227,231,511
1682325670,227,227,231,511
1682325670,254,254,232,511
1682325670,283,283,236,511
1682325670,283,283,242,511
1682325670,283,283,246,511
1682325670,283,283,255,0
1682325670,283,283,261,0
1682325670,283,283,267,0
1682325670,283,283,272,0
1682325670,283,283,276,0
1682325670,283,283,278,0
1682325670,283,283,278,0
1682325670,342,342,281,511
1682325670,301,301,284,511
1682325670,301,301,289,511
1682325670,301,301,292,511
1682325670,301,301,296,511
1682325670,285,285,296,511
1682325671,303,303,297,511
1682325671,300,300,297,511
1682325671,294,294,297,511
1682325671,294,294,295,511
1682325671,294,294,294,511
1682325671,294,294,293,511
1682325671,283,283,290,511
1682325671,283,283,289,511
1682325671,283,283,287,511
1682325671,295,295,286,511
1682325671,295,295,285,511
1682325671,295,295,286,511
1682325671,334,334,287,0
1682325671,334,334,292,0
1682325671,334,334,297,0
1682325671,334,334,305,0
1682325671,334,334,312,0
1682325671,334,334,319,0
1682325671,334,334,324,0
1682325671,334,334,328,0
1682325671,334,334,330,0
1682325671,334,334,330,0
1682325671,334,334,330,0
1682325671,334,334,330,0
1682325671,334,334,330,0
1682325671,334,334,330,0
1682325671,334,334,330,0
1682325671,334,334,330,0
1682325671,334,334,330,0
1682325671,334,334,330,0
1682325671,334,334,330,0
1682325671,334,334,330,0
1682325671,334,334,330,0
1682325671,334,334,330,0
1682325671,334,334,330,0
1682325671,334,334,330,0
1682325671,334,334,330,0
1682325671,334,334,330,0
1682325671,334,334,330,0
1682325671,334,334,330,0
1682325671,334,334,330,0
1682325671,334,334,330,0
1682325671,334,334,330,0
1682325671,334,334,330,0
1682325671,334,334,330,0
1682325671,334,334,330,0
1682325671,334,334,330,0
1682325671,334,334,330,0
1682325671,334,334,330,0
1682325671,334,334,330,0
1682325671,334,334,330,0
1682325671,334,334,330,0
1682325671,334,334,330,0
1682325671,334,334,330,0
1682325671,334,334,330,0
1682325672,334,334,330,0
1682325672,334,334,330,0
1682325672,334,334,330,0
1682325672,334,334,330,0
1682325672,334,334,330,0
1682325672,334,334,330,0
1682325672,334,334,330,0
1682325672,334,334,330,0
1682325672,334,334,330,0
1682325672,334,334,330,0
1682325672,334,334,330,0
1682325672,334,334,330,0
1682325672,334,334,330,0
1682325672,334,334,330,0
1682325672,334,334,330,0
1682325672,334,334,330,0
1682325672,334,334,330,0
1682325672,334,334,330,0
1682325672,334,334,330,0
1682325672,334,334,330,0
1682325672,334,334,330,0
1682325672,334,334,330,0
1682325672,334,334,330,0
1682325672,334,334,330,0
1682325672,334,334,330,0
1682325672,334,334,330,0
1682325672,334,334,330,0
1682325672,334,334,330,0
1682325672,334,334,330,0
1682325672,334,334,330,0
1682325672,334,334,330,0
1682325672,334,334,330,0
1682325672,334,334,330,0
1682325672,334,334,330,0
1682325672,334,334,330,0
1682325672,334,334,330,0
1682325672,334,334,330,0
1682325672,334,334,330,0
1682325672,334,334,330,0
1682325672,334,334,330,0
1682325672,334,334,330,0
1682325672,334,334,330,0
1682325672,334,334,330,0
1682325672,334,334,330,0
1682325672,334,334,330,0
1682325672,334,334,330,0
1682325672,334,334,330,0
1682325672,334,334,330,0
1682325672,334,334,330,0
1682325672,334,334,330,0
1682325672,334,334,330,0
1682325672,334,334,330,0
1682325672,334,334,330,0
1682325672,334,334,330,0
1682325672,334,334,330,0
1682325672,334,334,330,0
1682325672,334,334,330,0
1682325672,334,334,330,0
1682325672,334,334,330,0
1682325672,334,334,330,0
1682325672,334,334,330,0
1682325673,334,334,330,0
1682325673,334,334,330,0
1682325673,334,334,330,0
1682325673,334,334,330,0
1682325673,334,334,330,0
1682325673,334,334,330,0
1682325673,334,334,330,0
1682325673,334,334,330,0
1682325673,334,334,330,0
1682325673,334,334,330,0
1682325673,334,334,330,0
1682325673,334,334,330,0
1682325673,334,334,330,0
1682325673,334,334,330,0
1682325673,334,334,330,0
1682325673,334,334,330,0
1682325673,334,334,330,0
1682325673,334,334,330,0
1682325673,334,334,330,0
1682325673,334,334,330,0
1682325673,334,334,330,0
1682325673,334,334,330,0
1682325673,334,334,330,0
1682325673,334,334,330,0
1682325673,334,334,330,0
1682325673,334,334,330,0
1682325673,334,334,330,0
1682325673,334,334,330,0
1682325673,334,334,330,0
1682325673,334,334,330,0
1682325673,334,334,330,0
1682325673,334,334,330,0
1682325673,334,334,330,0
1682325673,334,334,330,0
1682325673,334,334,330,0
1682325673,334,334,330,0
1682325673,334,334,330,0
1682325673,334,334,330,0
1682325673,334,334,330,0
1682325673,334,334,330,0
1682325673,334,334,330,0
1682325673,334,334,330,0
1682325673,334,334,330,0
1682325673,334,334,330,0
1682325673,334,334,330,0
1682325673,334,334,330,0
1682325673,334,334,330,0
1682325673,334,334,330,0
1682325673,334,334,330,0
1682325673,334,334,330,0
1682325673,334,334,330,0
1682325673,334,334,330,0
1682325673,2192,334,330,0
1682325673,2192,334,330,0
1682325673,2192,334,330,0
1682325673,2192,334,330,0
1682325673,2192,334,330,0
1682325673,2192,334,330,0
1682325673,2192,334,330,0
1682325673,2192,334,330,0
1682325673,2192,334,330,0
1682325674,2192,334,330,0
1682325674,2192,334,330,0
1682325674,2192,334,330,0
1682325674,2192,334,330,0
1682325674,2192,334,330,0
1682325674,2192,334,330,0
1682325674,2192,334,330,0
1682325674,2192,334,330,0
1682325674,2192,334,330,0
1682325674,2192,334,330,0
1682325674,2192,334,330,0
1682325674,2192,334,330,0
1682325674,2192,334,330,0
1682325674,2192,334,330,0
1682325674,2192,334,330,0
1682325674,2192,334,330,0
1682325674,2192,334,330,0
1682325674,2192,334,330,0
1682325674,2192,334,330,0
1682325674,2192,334,330,0
1682325674,2192,334,330,0
1682325674,2192,334,330,0
1682325674,2192,334,330,0
1682325674,2192,334,330,0
1682325674,2192,334,330,0
1682325674,2192,334,330,0
1682325674,2192,334,330,0
1682325674,2192,334,330,0
1682325674,2192,334,330,0
1682325674,2192,334,330,0
1682325674,2192,334,330,0
1682325674,2192,334,330,0
1682325674,2192,334,330,0
1682325674,2192,334,330,0
1682325674,2192,334,330,0
1682325674,2192,334,330,0
1682325674,2192,334,330,0
1682325674,2192,334,330,0
1682325674,2192,334,330,0
1682325674,2192,334,330,0
1682325674,2192,334,330,0
1682325674,2192,334,330,0
1682325674,2192,334,330,0
1682325674,2192,334,330,0
1682325674,2192,334,330,0
1682325674,2192,334,330,0
1682325674,2192,334,330,0
1682325674,2192,334,330,0
1682325674,2192,334,330,0
1682325674,2192,334,330,0
1682325674,2192,334,330,0
1682325674,2192,334,330,0
1682325674,2192,334,330,0
1682325674,2192,334,330,0
1682325674,2192,334,330,0
1682325674,2192,334,330,0
1682325675,2192,334,330,0
1682325675,2192,334,330,0
1682325675,2192,334,330,0
1682325675,2192,334,330,0
1682325675,2192,334,330,0
1682325675,2192,334,330,0
1682325675,2192,334,330,0
1682325675,2192,334,330,0
1682325675,2192,334,330,0
1682325675,2192,334,330,0
1682325675,2192,334,330,0
1682325675,2192,334,330,0
1682325675,2192,334,330,0
1682325675,2192,334,330,0
1682325675,2192,334,330,0
1682325675,2192,334,330,0
1682325675,2192,334,330,0
1682325675,2192,334,330,0
1682325675,2192,334,330,0
1682325675,2192,334,330,0
1682325675,2192,334,330,0
1682325675,2192,334,330,0
1682325675,2192,334,330,0
1682325675,2192,334,330,0
1682325675,2192,334,330,0
1682325675,2192,334,330,0
1682325675,2192,334,330,0
1682325675,2192,334,330,0
1682325675,2192,334,330,0
1682325675,2192,334,330,0
1682325675,2192,334,330,0
1682325675,2192,334,330,0
1682325675,2192,334,330,0
1682325675,2192,334,330,0
1682325675,2192,334,330,0
1682325675,2192,334,330,0
1682325675,2192,334,330,0
1682325675,2192,334,330,0
1682325675,2192,334,330,0
1682325675,2192,334,330,0
1682325675,2192,334,330,0
1682325675,2192,334,330,0
1682325675,2192,334,330,0
1682325675,2192,334,330,0
1682325675,2192,334,330,0
1682325675,334,334,330,0
1682325675,334,334,330,0
1682325675,334,334,330,0
1682325675,320,320,329,0
1682325675,320,320,327,0
1682325675,320,320,325,0
1682325675,320,320,323,0
1682325675,291,291,319,0
1682325675,291,291,315,0
1682325675,291,291,309,0
1682325675,288,288,303,0
1682325675,288,288,297,0
1682325675,288,288,293,0
1682325676,288,288,288,0
1682325676,306,306,286,0
1682325676,306,306,285,0
1682325676,306,306,287,0
1682325676,340,340,291,511
1682325676,340,340,297,511
1682325676,340,340,304,511
1682325676,340,340,311,0
1682325676,340,340,318,0
1682325676,340,340,324,0
1682325676,340,340,328,0
1682325676,340,340,331,0
1682325676,340,340,333,0
1682325676,340,340,333,0
1682325676,1906,340,333,0
1682325676,1906,340,333,0
1682325676,1906,340,333,0
1682325676,1906,340,333,0
1682325676,1906,340,333,0
1682325676,1906,340,333,0
1682325676,1906,340,333,0
1682325676,1906,340,333,0
1682325676,1906,340,333,0
1682325676,1906,340,333,0
1682325676,1906,340,333,0
1682325676,1906,340,333,0
1682325676,1906,340,333,0
1682325676,1906,340,333,0
1682325676,1906,340,333,0
1682325676,1906,340,333,0
1682325676,1906,340,333,0
1682325676,1906,340,333,0
1682325676,1906,340,333,0
1682325676,1906,340,333,0
1682325676,1906,340,333,0
1682325676,1906,340,333,0
1682325676,1906,340,333,0
1682325676,1906,340,333,0
1682325676,1667,340,333,0
1682325676,1667,340,333,0
1682325676,1667,340,333,0
1682325676,1667,340,333,0
1682325676,1667,340,333,0
1682325676,1667,340,333,0
1682325676,1667,340,333,0
1682325676,1667,340,333,0
1682325676,1667,340,333,0
1682325676,1667,340,333,0
1682325676,1667,340,333,0
1682325676,1667,340,333,0
1682325676,1667,340,333,0
1682325676,1667,340,333,0
1682325676,1667,340,333,0
1682325676,1667,340,333,0
1682325676,1667,340,333,0
1682325676,1667,340,333,0
1682325676,1667,340,333,0
1682325677,1667,340,333,0
1682325677,1667,340,333,0
1682325677,1667,340,333,0
1682325677,1667,340,333,0
1682325677,1667,340,333,0
1682325677,1667,340,333,0
1682325677,1667,340,333,0
1682325677,1667,340,333,0
1682325677,1667,340,333,0
1682325677,1667,340,333,0
1682325677,1667,340,333,0
1682325677,1667,340,333,0
1682325677,1667,340,333,0
1682325677,1667,340,333,0
1682325677,1667,340,333,0
1682325677,1667,340,333,0
1682325677,1667,340,333,0
1682325677,1667,340,333,0
1682325677,1667,340,333,0
1682325677,1667,340,333,0
1682325677,1667,340,333,0
1682325677,1667,340,333,0
1682325677,1667,340,333,0
1682325677,1667,340,333,0
1682325677,1667,340,333,0
1682325677,1667,340,333,0
1682325677,1667,340,333,0
1682325677,1667,340,333,0
1682325677,1667,340,333,0
1682325677,1667,340,333,0
1682325677,1667,340,333,0
1682325677,1667,340,333,0
1682325677,1667,340,333,0
1682325677,1667,340,333,0
1682325677,1667,340,333,0
1682325677,1667,340,333,0
1682325677,1667,340,333,0
1682325677,1667,340,333,0
1682325677,1667,340,333,0
1682325677,1667,340,333,0
1682325677,1667,340,333,0
1682325677,1667,340,333,0
1682325677,1667,340,333,0
1682325677,1667,340,333,0
1682325677,1667,340,333,0
1682325677,1667,340,333,0
1682325677,1667,340,333,0
1682325677,1667,340,333,0
1682325677,1667,340,333,0
1682325677,1667,340,333,0
1682325677,1667,340,333,0
1682325677,1667,340,333,0
1682325677,1667,340,333,0
1682325678,1667,340,333,0
1682325678,1667,340,333,0
1682325678,1667,340,333,0
1682325678,1667,340,333,0
1682325678,1667,340,333,0
1682325678,1667,340,333,0
1682325678,1667,340,333,0
1682325678,1667,340,333,0
1682325678,1667,340,333,0
1682325678,1667,340,333,0
1682325678,1667,340,333,0
1682325678,1667,340,333,0
1682325678,1667,340,333,0
1682325678,1667,340,333,0
1682325678,1667,340,333,0
1682325678,1667,340,333,0
1682325678,1667,340,333,0
1682325678,1667,340,333,0
1682325678,1667,340,333,0
1682325678,1667,340,333,0
1682325678,1667,340,333,0
1682325678,1667,340,333,0
1682325678,1667,340,333,0
1682325678,1667,340,333,0
1682325678,1667,340,333,0
1682325678,1667,340,333,0
1682325678,1667,340,333,0
1682325678,1667,340,333,0
1682325678,1667,340,333,0
1682325678,1667,340,333,0
1682325678,1667,340,333,0
1682325678,1667,340,333,0
1682325678,1667,340,333,0
1682325678,1667,340,333,0
1682325678,1667,340,333,0
1682325678,1667,340,333,0
1682325678,1667,340,333,0
1682325678,1667,340,333,0
1682325678,1667,340,333,0
1682325678,1667,340,333,0
1682325678,1667,340,333,0
1682325678,1667,340,333,0
1682325678,1667,340,333,0
1682325678,1667,340,333,0
1682325678,1667,340,333,0
1682325678,1667,340,333,0
1682325678,1667,340,333,0
1682325678,1667,340,333,0
1682325678,1667,340,333,0
1682325679,1667,340,333,0
1682325679,1667,340,333,0
1682325679,1667,340,333,0
1682325679,1667,340,333,0
1682325679,1667,340,333,0
1682325679,1667,340,333,0
1682325679,1667,340,333,0
1682325679,1667,340,333,0
1682325679,1667,340,333,0
1682325679,1667,340,333,0
1682325679,1667,340,333,0
1682325679,1667,340,333,0
1682325679,1667,340,333,0
1682325679,1667,340,333,0
1682325679,1667,340,333,0
1682325679,1667,340,333,0
1682325679,1667,340,333,0
1682325679,1667,340,333,0
1682325679,1667,340,333,0
1682325679,1667,340,333,0
1682325679,1667,340,333,0
1682325679,1667,340,333,0
1682325679,1667,340,333,0
1682325679,1667,340,333,0
1682325679,1667,340,333,0
1682325679,1667,340,333,0
1682325679,1667,340,333,0
1682325679,1667,340,333,0
1682325679,1667,340,333,0
1682325679,1667,340,333,0
1682325679,1667,340,333,0
1682325679,2063,340,333,0
1682325679,2063,340,333,0
1682325679,2063,340,333,0
1682325679,2063,340,333,0
1682325679,2063,340,333,0
1682325679,2063,340,333,0
1682325679,2063,340,333,0
1682325679,2063,340,333,0
1682325679,2063,340,333,0
1682325679,2063,340,333,0
1682325679,2063,340,333,0
1682325679,2063,340,333,0
1682325679,2063,340,333,0
1682325679,2063,340,333,0
1682325679,2063,340,333,0
1682325679,2063,340,333,0
1682325679,2063,340,333,0
1682325679,2063,340,333,0
1682325679,2063,340,333,0
1682325679,2063,340,333,0
1682325679,2063,340,333,0
1682325679,2063,340,333,0
1682325679,2063,340,333,0
1682325679,2063,340,333,0
1682325679,2063,340,333,0
1682325679,2063,340,333,0
1682325679,1910,340,333,0
1682325679,1910,340,333,0
1682325679,1910,340,333,0
1682325680,1910,340,333,0
1682325680,1910,340,333,0
1682325680,1910,340,333,0
1682325680,1910,340,333,0
1682325680,1910,340,333,0
1682325680,1910,340,333,0
1682325680,1910,340,333,0
1682325680,1910,340,333,0
1682325680,1910,340,333,0
1682325680,1910,340,333,0
1682325680,1910,340,333,0
1682325680,1910,340,333,0
1682325680,1910,340,333,0
1682325680,1910,340,333,0
1682325680,1910,340,333,0
1682325680,1910,340,333,0
1682325680,1910,340,333,0
1682325680,1910,340,333,0
1682325680,1910,340,333,0
1682325680,1910,340,333,0
1682325680,1910,340,333,0
1682325680,1910,340,333,0
1682325680,1910,340,333,0
1682325680,1910,340,333,0
1682325680,1910,340,333,0
1682325680,1910,340,333,0
1682325680,1910,340,333,0
1682325680,1910,340,333,0
1682325680,1910,340,333,0
1682325680,1910,340,333,0
1682325680,1910,340,333,0
1682325680,1910,340,333,0
1682325680,1910,340,333,0
1682325680,1910,340,333,0
1682325680,1910,340,333,0
1682325680,1910,340,333,0
1682325680,1910,340,333,0
1682325680,1910,340,333,0
1682325680,1910,340,333,0
1682325680,1910,340,333,0
1682325680,1910,340,333,0
1682325680,1910,340,333,0
1682325680,1910,340,333,0
1682325680,1910,340,333,0
1682325680,1910,340,333,0
1682325680,1910,340,333,0
1682325680,1910,340,333,0
1682325680,1910,340,333,0
1682325680,1910,340,333,0
1682325680,1910,340,333,0
1682325680,1910,340,333,0
1682325680,1910,340,333,0
1682325680,1910,340,333,0
1682325680,1910,340,333,0
1682325680,1910,340,333,0
1682325680,1910,340,333,0
1682325680,1910,340,333,0
1682325681,1910,340,333,0
1682325681,1910,340,333,0
1682325681,1910,340,333,0
1682325681,1910,340,333,0
1682325681,1910,340,333,0
1682325681,1910,340,333,0
1682325681,1910,340,333,0
1682325681,1910,340,333,0
1682325681,1910,340,333,0
1682325681,1910,340,333,0
1682325681,1910,340,333,0
1682325681,1910,340,333,0
1682325681,1910,340,333,0
1682325681,1910,340,333,0
1682325681,1593,340,333,0
1682325681,1593,340,333,0
1682325681,1593,340,333,0
1682325681,1593,340,333,0
1682325681,1593,340,333,0
1682325681,1593,340,333,0
1682325681,1593,340,333,0
1682325681,1593,340,333,0
1682325681,1593,340,333,0
1682325681,1593,340,333,0
1682325681,1593,340,333,0
1682325681,1593,340,333,0
1682325681,1593,340,333,0
1682325681,1593,340,333,0
1682325681,1593,340,333,0
1682325681,1593,340,333,0
1682325681,1593,340,333,0
1682325681,1593,340,333,0
1682325681,1593,340,333,0
1682325681,1593,340,333,0
1682325681,1593,340,333,0
1682325681,1593,340,333,0
1682325681,1593,340,333,0
1682325681,1593,340,333,0
1682325681,1593,340,333,0
1682325681,1593,340,333,0
1682325681,1593,340,333,0
1682325681,1593,340,333,0
1682325681,1593,340,333,0
1682325681,1593,340,333,0
1682325681,1593,340,333,0
1682325681,1593,340,333,0
1682325681,1593,340,333,0
1682325681,1593,340,333,0
1682325681,1593,340,333,0
1682325681,1593,340,333,0
1682325681,1593,340,333,0
1682325681,1593,340,333,0
1682325681,1593,340,333,0
1682325681,1593,340,333,0
1682325681,1593,340,333,0
1682325681,1593,340,333,0
1682325681,1593,340,333,0
1682325682,1593,340,333,0
1682325682,1593,340,333,0
1682325682,1593,340,333,0
1682325682,1593,340,333,0
1682325682,1593,340,333,0
1682325682,1593,340,333,0
1682325682,1593,340,333,0
1682325682,1593,340,333,0
1682325682,1593,340,333,0
1682325682,1593,340,333,0
1682325682,1593,340,333,0
1682325682,1593,340,333,0
1682325682,1593,340,333,0
1682325682,1593,340,333,0
1682325682,1593,340,333,0
1682325682,1593,340,333,0
1682325682,1593,340,333,0
1682325682,1593,340,333,0
1682325682,1593,340,333,0
1682325682,1593,340,333,0
1682325682,2023,340,333,0
1682325682,2023,340,333,0
1682325682,2023,340,333,0
1682325682,2023,340,333,0
1682325682,2023,340,333,0
1682325682,2023,340,333,0
1682325682,2023,340,333,0
1682325682,2023,340,333,0
1682325682,2023,340,333,0
1682325682,2023,340,333,0
1682325682,2023,340,333,0
1682325682,2023,340,333,0
1682325682,2023,340,333,0
1682325682,2023,340,333,0
1682325682,2023,340,333,0
1682325682,2023,340,333,0
1682325682,2023,340,333,0
1682325682,2023,340,333,0
1682325682,2023,340,333,0
1682325682,2023,340,333,0
1682325682,2023,340,333,0
1682325682,2023,340,333,0
1682325682,2023,340,333,0
1682325682,2023,340,333,0
1682325682,2023,340,333,0
1682325682,2023,340,333,0
1682325682,2023,340,333,0
1682325682,2023,340,333,0
1682325682,2023,340,333,0
1682325682,2023,340,333,0
1682325682,1658,340,333,0
1682325682,1658,340,333,0
1682325682,1658,340,333,0
1682325683,1658,340,333,0
1682325683,1658,340,333,0
1682325683,1658,340,333,0
1682325683,1658,340,333,0
1682325683,1658,340,333,0
1682325683,1658,340,333,0
1682325683,1658,340,333,0
1682325683,1658,340,333,0
1682325683,1658,340,333,0
1682325683,1658,340,333,0
1682325683,1658,340,333,0
