timestamp,brut
1680705099,509.000000
1680705099,509.000000
1680705099,509.000000
1680705099,509.000000
1680705099,509.000000
1680705099,509.000000
1680705099,509.000000
1680705099,509.000000
1680705099,509.000000
1680705099,509.000000
1680705099,509.000000
1680705099,509.000000
1680705099,509.000000
1680705099,509.000000
1680705100,509.000000
1680705100,509.000000
1680705100,509.000000
1680705100,509.000000
1680705100,509.000000
1680705100,509.000000
1680705100,509.000000
1680705100,509.000000
1680705100,509.000000
1680705100,509.000000
1680705100,509.000000
1680705100,509.000000
1680705100,509.000000
1680705100,509.000000
1680705101,509.000000
1680705101,509.000000
1680705101,509.000000
1680705101,509.000000
1680705101,509.000000
1680705101,509.000000
1680705101,509.000000
1680705101,509.000000
1680705101,509.000000
1680705101,509.000000
1680705101,509.000000
1680705101,509.000000
1680705101,509.000000
1680705101,509.000000
1680705102,509.000000
1680705102,509.000000
1680705102,509.000000
1680705102,509.000000
1680705102,509.000000
1680705102,509.000000
1680705102,509.000000
1680705102,509.000000
1680705102,509.000000
1680705102,509.000000
1680705102,509.000000
1680705102,509.000000
1680705102,509.000000
1680705102,509.000000
1680705103,509.000000
1680705103,509.000000
1680705103,509.000000
1680705103,509.000000
1680705103,509.000000
1680705103,509.000000
1680705103,509.000000
1680705103,509.000000
1680705103,509.000000
1680705103,509.000000
1680705103,509.000000
1680705103,509.000000
1680705103,509.000000
1680705103,509.000000
1680705104,509.000000
1680705104,509.000000
1680705104,509.000000
1680705104,509.000000
1680705104,509.000000
1680705104,509.000000
1680705104,509.000000
1680705104,509.000000
1680705104,509.000000
1680705104,509.000000
1680705104,509.000000
1680705104,509.000000
1680705104,509.000000
1680705104,509.000000
1680705106,509.000000
1680705106,509.000000
1680705106,509.000000
1680705106,509.000000
1680705106,509.000000
1680705106,509.000000
1680705106,509.000000
1680705106,509.000000
1680705106,509.000000
1680705106,509.000000
1680705106,509.000000
1680705106,509.000000
1680705106,509.000000
1680705106,509.000000
1680705107,509.000000
1680705107,509.000000
1680705107,509.000000
1680705107,509.000000
1680705107,509.000000
1680705107,509.000000
1680705107,509.000000
1680705107,509.000000
1680705107,509.000000
1680705107,509.000000
1680705107,509.000000
1680705107,509.000000
1680705107,509.000000
1680705107,509.000000
1680705108,509.000000
1680705108,509.000000
1680705108,509.000000
1680705108,509.000000
1680705108,509.000000
1680705108,509.000000
1680705108,509.000000
1680705108,509.000000
1680705108,509.000000
1680705108,509.000000
1680705108,509.000000
1680705108,509.000000
1680705108,509.000000
1680705108,509.000000
1680705109,509.000000
1680705109,509.000000
1680705109,509.000000
1680705109,509.000000
1680705109,509.000000
1680705109,509.000000
1680705109,509.000000
1680705109,509.000000
1680705109,509.000000
1680705109,509.000000
1680705109,509.000000
1680705109,509.000000
1680705109,509.000000
1680705109,509.000000
1680705110,509.000000
1680705110,509.000000
1680705110,509.000000
1680705110,509.000000
1680705110,509.000000
1680705110,509.000000
1680705110,509.000000
1680705110,509.000000
1680705110,509.000000
1680705110,509.000000
1680705110,509.000000
1680705110,509.000000
1680705110,509.000000
1680705110,509.000000
1680705111,509.000000
1680705111,509.000000
1680705111,509.000000
1680705111,509.000000
1680705111,509.000000
1680705111,509.000000
1680705111,509.000000
1680705111,509.000000
1680705111,509.000000
1680705111,509.000000
1680705111,509.000000
1680705111,509.000000
1680705111,509.000000
1680705111,509.000000
1680705112,509.000000
1680705112,509.000000
1680705112,509.000000
1680705112,509.000000
1680705112,509.000000
1680705112,509.000000
1680705112,509.000000
1680705112,509.000000
1680705112,509.000000
1680705112,509.000000
1680705112,509.000000
1680705112,509.000000
1680705112,509.000000
1680705112,509.000000
1680705113,509.000000
1680705113,509.000000
1680705113,509.000000
1680705113,509.000000
1680705113,509.000000
1680705113,509.000000
1680705113,509.000000
1680705113,509.000000
1680705113,509.000000
1680705113,509.000000
1680705113,509.000000
1680705113,509.000000
1680705113,509.000000
1680705113,509.000000
1680705114,509.000000
1680705114,509.000000
1680705114,509.000000
1680705114,509.000000
1680705114,509.000000
1680705114,509.000000
1680705114,509.000000
1680705114,509.000000
1680705114,509.000000
1680705114,509.000000
1680705114,509.000000
1680705114,509.000000
1680705114,509.000000
1680705114,509.000000
1680705115,509.000000
1680705115,509.000000
1680705115,509.000000
1680705115,509.000000
1680705115,509.000000
1680705115,509.000000
1680705115,509.000000
1680705115,509.000000
1680705115,509.000000
1680705115,509.000000
1680705115,509.000000
1680705115,509.000000
1680705115,509.000000
1680705115,509.000000
1680705116,509.000000
1680705116,509.000000
1680705116,509.000000
1680705116,509.000000
1680705116,509.000000
1680705116,509.000000
1680705117,509.000000
1680705117,509.000000
1680705117,509.000000
1680705117,509.000000
1680705117,509.000000
1680705117,509.000000
1680705117,509.000000
1680705117,509.000000
1680705118,509.000000
1680705118,509.000000
1680705118,509.000000
1680705118,509.000000
1680705118,509.000000
1680705118,509.000000
1680705118,509.000000
1680705118,509.000000
1680705118,509.000000
1680705118,509.000000
1680705118,509.000000
1680705118,509.000000
1680705118,509.000000
1680705118,509.000000
1680705119,509.000000
1680705119,509.000000
1680705119,509.000000
1680705119,509.000000
1680705119,509.000000
1680705119,509.000000
1680705119,509.000000
1680705119,509.000000
1680705119,509.000000
1680705119,509.000000
1680705119,509.000000
1680705119,509.000000
1680705119,509.000000
1680705119,509.000000
1680705120,509.000000
1680705120,509.000000
1680705120,509.000000
1680705120,509.000000
1680705120,509.000000
1680705120,509.000000
1680705120,509.000000
1680705120,509.000000
1680705120,509.000000
1680705120,509.000000
1680705120,509.000000
1680705120,509.000000
1680705120,509.000000
1680705120,509.000000
1680705121,509.000000
1680705121,509.000000
1680705121,509.000000
1680705121,509.000000
1680705121,509.000000
1680705121,509.000000
1680705121,509.000000
1680705121,509.000000
1680705121,509.000000
1680705121,509.000000
1680705121,509.000000
1680705121,509.000000
1680705121,509.000000
1680705121,509.000000
1680705122,509.000000
1680705122,509.000000
1680705122,509.000000
1680705122,509.000000
1680705122,509.000000
1680705122,509.000000
1680705122,509.000000
1680705122,509.000000
1680705122,509.000000
1680705122,509.000000
1680705122,509.000000
1680705122,509.000000
1680705122,509.000000
1680705122,509.000000
1680705123,509.000000
1680705123,509.000000
1680705123,509.000000
1680705123,509.000000
1680705123,509.000000
1680705123,509.000000
1680705123,509.000000
1680705123,509.000000
1680705123,509.000000
1680705123,509.000000
1680705123,509.000000
1680705123,509.000000
1680705123,509.000000
1680705123,509.000000
1680705124,509.000000
1680705124,509.000000
1680705124,509.000000
1680705124,509.000000
1680705124,509.000000
1680705124,509.000000
1680705124,509.000000
1680705124,509.000000
1680705124,509.000000
1680705124,509.000000
1680705124,509.000000
1680705124,509.000000
1680705124,509.000000
1680705124,509.000000
1680705125,509.000000
1680705125,509.000000
1680705125,509.000000
1680705125,509.000000
1680705125,509.000000
1680705125,509.000000
1680705125,509.000000
1680705125,509.000000
1680705125,509.000000
1680705125,509.000000
1680705125,509.000000
1680705125,509.000000
1680705125,509.000000
1680705125,509.000000
1680705126,509.000000
1680705126,509.000000
1680705126,509.000000
1680705126,509.000000
1680705126,509.000000
1680705126,509.000000
1680705126,509.000000
1680705126,509.000000
1680705126,509.000000
1680705126,509.000000
1680705126,509.000000
1680705126,509.000000
1680705126,509.000000
1680705126,509.000000
1680705127,509.000000
1680705127,509.000000
1680705127,509.000000
1680705127,509.000000
1680705127,509.000000
1680705127,509.000000
1680705128,509.000000
1680705128,509.000000
1680705128,509.000000
1680705128,509.000000
1680705128,509.000000
1680705128,509.000000
1680705128,509.000000
1680705128,509.000000
1680705129,509.000000
1680705129,509.000000
1680705129,509.000000
1680705129,509.000000
1680705129,509.000000
1680705129,509.000000
1680705129,509.000000
1680705129,509.000000
1680705129,509.000000
1680705129,509.000000
1680705129,509.000000
1680705129,509.000000
1680705129,509.000000
1680705129,509.000000
1680705130,509.000000
1680705130,509.000000
1680705130,509.000000
1680705130,509.000000
1680705130,509.000000
1680705130,509.000000
1680705130,509.000000
1680705130,509.000000
1680705130,509.000000
1680705130,509.000000
1680705130,509.000000
1680705130,509.000000
1680705130,509.000000
1680705130,509.000000
1680705131,509.000000
1680705131,509.000000
1680705131,509.000000
1680705131,509.000000
1680705131,509.000000
1680705131,509.000000
1680705131,509.000000
1680705131,509.000000
1680705131,509.000000
1680705131,509.000000
1680705131,509.000000
1680705131,509.000000
1680705131,509.000000
1680705131,509.000000
1680705132,509.000000
1680705132,509.000000
1680705132,509.000000
1680705132,509.000000
1680705132,509.000000
1680705132,509.000000
1680705132,509.000000
1680705132,509.000000
1680705132,509.000000
1680705132,509.000000
1680705132,509.000000
1680705132,509.000000
1680705132,509.000000
1680705132,509.000000
1680705133,509.000000
1680705133,509.000000
1680705133,509.000000
1680705133,509.000000
1680705133,509.000000
1680705133,509.000000
1680705133,509.000000
1680705133,509.000000
1680705133,509.000000
1680705133,509.000000
1680705133,509.000000
1680705133,509.000000
1680705133,509.000000
1680705133,509.000000
1680705134,509.000000
1680705134,509.000000
1680705134,509.000000
1680705134,509.000000
1680705134,509.000000
1680705134,509.000000
1680705134,509.000000
1680705134,509.000000
1680705134,509.000000
1680705134,509.000000
1680705134,509.000000
1680705134,509.000000
1680705134,509.000000
1680705134,509.000000
1680705135,509.000000
1680705135,509.000000
1680705135,509.000000
1680705135,509.000000
1680705135,509.000000
1680705135,509.000000
1680705135,509.000000
1680705135,509.000000
1680705135,509.000000
1680705135,509.000000
1680705135,509.000000
1680705135,509.000000
1680705135,509.000000
1680705135,509.000000
1680705136,509.000000
1680705136,509.000000
1680705136,509.000000
1680705136,509.000000
1680705136,509.000000
1680705136,509.000000
1680705136,509.000000
1680705136,509.000000
1680705136,509.000000
1680705136,509.000000
1680705136,509.000000
1680705136,509.000000
1680705136,509.000000
1680705136,509.000000
1680705137,509.000000
1680705137,509.000000
1680705137,509.000000
1680705137,509.000000
1680705137,509.000000
1680705137,509.000000
1680705137,509.000000
1680705137,509.000000
1680705137,509.000000
1680705137,509.000000
1680705137,509.000000
1680705137,509.000000
1680705137,509.000000
1680705137,509.000000
1680705138,509.000000
1680705138,509.000000
1680705138,509.000000
1680705138,509.000000
1680705138,509.000000
1680705138,509.000000
1680705138,509.000000
1680705138,509.000000
1680705139,509.000000
1680705139,509.000000
1680705139,509.000000
1680705139,509.000000
1680705139,509.000000
1680705139,509.000000
1680705140,509.000000
1680705140,509.000000
1680705140,509.000000
1680705140,509.000000
1680705140,509.000000
1680705140,509.000000
1680705140,509.000000
1680705140,509.000000
1680705140,509.000000
1680705140,509.000000
1680705140,509.000000
1680705140,509.000000
1680705140,509.000000
1680705140,509.000000
1680705141,509.000000
1680705141,509.000000
1680705141,509.000000
1680705141,509.000000
1680705141,509.000000
1680705141,509.000000
1680705141,509.000000
1680705141,509.000000
1680705141,509.000000
1680705141,509.000000
1680705141,509.000000
1680705141,509.000000
1680705141,509.000000
1680705141,509.000000
1680705142,509.000000
1680705142,509.000000
1680705142,509.000000
1680705142,509.000000
1680705142,509.000000
1680705142,509.000000
1680705142,509.000000
1680705142,509.000000
1680705142,509.000000
1680705142,509.000000
1680705142,509.000000
1680705142,509.000000
1680705142,509.000000
1680705142,509.000000
1680705143,509.000000
1680705143,509.000000
1680705143,509.000000
1680705143,509.000000
1680705143,509.000000
1680705143,509.000000
1680705143,509.000000
1680705143,509.000000
1680705143,509.000000
1680705143,509.000000
1680705143,509.000000
1680705143,509.000000
1680705143,509.000000
1680705143,509.000000
1680705144,482.000000
1680705144,509.000000
1680705144,509.000000
1680705144,509.000000
1680705144,509.000000
1680705144,509.000000
1680705144,509.000000
1680705144,509.000000
1680705144,509.000000
1680705144,509.000000
1680705144,509.000000
1680705144,509.000000
1680705144,509.000000
1680705144,509.000000
1680705145,509.000000
1680705145,509.000000
1680705145,509.000000
1680705145,509.000000
1680705145,509.000000
1680705145,509.000000
1680705145,509.000000
1680705145,509.000000
1680705145,509.000000
1680705145,509.000000
1680705145,509.000000
1680705145,509.000000
1680705145,509.000000
1680705145,509.000000
1680705146,509.000000
1680705146,509.000000
1680705146,509.000000
1680705146,509.000000
1680705146,509.000000
1680705146,509.000000
1680705146,509.000000
1680705146,509.000000
1680705146,509.000000
1680705146,509.000000
1680705146,509.000000
1680705146,509.000000
1680705146,509.000000
1680705146,509.000000
1680705147,509.000000
1680705147,509.000000
1680705147,509.000000
1680705147,509.000000
1680705147,509.000000
1680705147,509.000000
1680705147,509.000000
1680705147,509.000000
1680705147,509.000000
1680705147,509.000000
1680705147,509.000000
1680705147,509.000000
1680705147,509.000000
1680705147,509.000000
1680705148,509.000000
1680705148,509.000000
1680705148,509.000000
1680705148,509.000000
1680705148,509.000000
1680705148,509.000000
1680705148,509.000000
1680705148,509.000000
1680705148,509.000000
1680705148,509.000000
1680705148,509.000000
1680705148,509.000000
1680705148,509.000000
1680705148,509.000000
1680705149,509.000000
1680705149,509.000000
1680705149,509.000000
1680705149,509.000000
1680705149,509.000000
1680705149,509.000000
1680705149,509.000000
1680705149,509.000000
1680705149,509.000000
1680705149,509.000000
1680705149,509.000000
1680705149,509.000000
1680705149,487.000000
1680705149,449.000000
1680705151,60.000000
1680705151,55.000000
1680705151,48.000000
1680705151,45.000000
1680705151,43.000000
1680705151,44.000000
1680705151,43.000000
1680705151,45.000000
1680705151,48.000000
1680705151,56.000000
1680705151,74.000000
1680705151,115.000000
1680705151,172.000000
1680705151,244.000000
1680705152,509.000000
1680705152,509.000000
1680705152,509.000000
1680705152,509.000000
1680705152,509.000000
1680705152,509.000000
1680705152,509.000000
1680705152,509.000000
1680705152,509.000000
1680705152,509.000000
1680705152,509.000000
1680705152,509.000000
1680705152,509.000000
1680705152,509.000000
1680705153,509.000000
1680705153,509.000000
1680705153,509.000000
1680705153,509.000000
1680705153,509.000000
1680705153,509.000000
1680705153,509.000000
1680705153,509.000000
1680705153,509.000000
1680705153,509.000000
1680705153,509.000000
1680705153,509.000000
1680705153,509.000000
1680705153,509.000000
1680705154,509.000000
1680705154,509.000000
1680705154,509.000000
1680705154,509.000000
1680705154,509.000000
1680705154,509.000000
1680705154,509.000000
1680705154,509.000000
1680705154,509.000000
1680705154,509.000000
1680705154,509.000000
1680705154,509.000000
1680705154,509.000000
1680705154,509.000000
1680705155,509.000000
1680705155,509.000000
1680705155,509.000000
1680705155,509.000000
1680705155,509.000000
1680705155,509.000000
1680705155,509.000000
1680705155,509.000000
1680705155,509.000000
1680705155,509.000000
1680705155,509.000000
1680705155,509.000000
1680705155,509.000000
1680705155,509.000000
1680705156,509.000000
1680705156,509.000000
1680705156,509.000000
1680705156,509.000000
1680705156,509.000000
1680705156,509.000000
1680705156,509.000000
1680705156,509.000000
1680705156,509.000000
1680705156,509.000000
1680705156,509.000000
1680705156,509.000000
1680705156,509.000000
1680705156,509.000000
1680705157,509.000000
1680705157,509.000000
1680705157,509.000000
1680705157,509.000000
1680705157,509.000000
1680705157,509.000000
1680705157,509.000000
1680705157,509.000000
1680705157,509.000000
1680705157,509.000000
1680705157,509.000000
1680705157,509.000000
1680705157,509.000000
1680705157,509.000000
1680705158,509.000000
1680705158,509.000000
1680705158,509.000000
1680705158,509.000000
1680705158,509.000000
1680705158,509.000000
1680705158,509.000000
1680705158,509.000000
1680705158,509.000000
1680705158,509.000000
1680705158,509.000000
1680705158,509.000000
1680705158,509.000000
1680705158,509.000000
1680705159,509.000000
1680705159,509.000000
1680705159,509.000000
1680705159,509.000000
1680705159,509.000000
1680705159,509.000000
1680705159,509.000000
1680705159,509.000000
1680705159,509.000000
1680705159,509.000000
1680705159,509.000000
1680705159,509.000000
1680705159,509.000000
1680705159,509.000000
1680705160,509.000000
1680705160,509.000000
1680705160,509.000000
1680705160,509.000000
1680705160,509.000000
1680705160,509.000000
1680705160,509.000000
1680705160,509.000000
1680705160,509.000000
1680705160,509.000000
1680705160,509.000000
1680705160,509.000000
1680705160,509.000000
1680705160,509.000000
1680705162,509.000000
1680705162,509.000000
1680705162,509.000000
1680705162,509.000000
1680705162,509.000000
1680705162,509.000000
1680705162,509.000000
1680705162,509.000000
1680705162,509.000000
1680705162,509.000000
1680705162,509.000000
1680705162,509.000000
1680705162,509.000000
1680705162,509.000000
1680705163,509.000000
1680705163,509.000000
1680705163,509.000000
1680705163,509.000000
1680705163,509.000000
1680705163,509.000000
1680705163,509.000000
1680705163,509.000000
1680705163,509.000000
1680705163,509.000000
1680705163,509.000000
1680705163,509.000000
1680705163,509.000000
1680705163,509.000000
1680705164,509.000000
1680705164,509.000000
1680705164,509.000000
1680705164,509.000000
1680705164,509.000000
1680705164,509.000000
1680705164,509.000000
1680705164,509.000000
1680705164,509.000000
1680705164,509.000000
1680705164,509.000000
1680705164,509.000000
1680705164,509.000000
1680705164,509.000000
1680705165,509.000000
1680705165,509.000000
1680705165,509.000000
1680705165,509.000000
1680705165,509.000000
1680705165,509.000000
1680705165,509.000000
1680705165,509.000000
1680705165,509.000000
1680705165,509.000000
1680705165,509.000000
1680705165,509.000000
1680705165,509.000000
1680705165,509.000000
1680705166,477.000000
1680705166,482.000000
1680705166,509.000000
1680705166,509.000000
1680705166,509.000000
1680705166,509.000000
1680705166,509.000000
1680705166,509.000000
1680705166,509.000000
1680705166,509.000000
1680705166,509.000000
1680705166,509.000000
1680705166,509.000000
1680705166,482.000000
1680705167,49.000000
1680705167,44.000000
1680705167,41.000000
1680705167,40.000000
1680705167,44.000000
1680705167,46.000000
1680705167,55.000000
1680705167,90.000000
1680705167,143.000000
1680705167,210.000000
1680705167,290.000000
1680705167,374.000000
1680705167,449.000000
1680705167,509.000000
1680705168,509.000000
1680705168,509.000000
1680705168,486.000000
1680705168,447.000000
1680705168,392.000000
1680705168,324.000000
1680705168,246.000000
1680705168,170.000000
1680705168,103.000000
1680705168,85.000000
1680705168,74.000000
1680705168,61.000000
1680705168,55.000000
1680705168,48.000000
1680705169,143.000000
1680705169,214.000000
1680705169,293.000000
1680705169,376.000000
1680705169,450.000000
1680705169,509.000000
1680705169,509.000000
1680705169,509.000000
1680705169,509.000000
1680705169,509.000000
1680705169,509.000000
1680705169,509.000000
1680705169,509.000000
1680705169,509.000000
1680705170,509.000000
1680705170,509.000000
1680705170,509.000000
1680705170,509.000000
1680705170,509.000000
1680705170,509.000000
1680705170,509.000000
1680705170,509.000000
1680705170,509.000000
1680705170,509.000000
1680705170,509.000000
1680705170,509.000000
1680705170,509.000000
1680705170,509.000000
1680705171,509.000000
1680705171,509.000000
1680705171,509.000000
1680705171,509.000000
1680705171,509.000000
1680705171,509.000000
1680705171,509.000000
1680705171,509.000000
1680705171,509.000000
1680705171,509.000000
1680705171,509.000000
1680705171,509.000000
1680705171,509.000000
1680705171,509.000000
1680705173,509.000000
1680705173,509.000000
1680705173,509.000000
1680705173,509.000000
1680705173,509.000000
1680705173,509.000000
1680705173,509.000000
1680705173,509.000000
1680705173,509.000000
1680705173,509.000000
1680705173,509.000000
1680705173,509.000000
1680705173,509.000000
1680705173,509.000000
1680705174,509.000000
1680705174,509.000000
1680705174,509.000000
1680705174,509.000000
1680705174,509.000000
1680705174,509.000000
1680705174,509.000000
1680705174,509.000000
1680705174,509.000000
1680705174,509.000000
1680705174,509.000000
1680705174,509.000000
1680705174,509.000000
1680705174,509.000000
1680705175,509.000000
1680705175,509.000000
1680705175,509.000000
1680705175,509.000000
1680705175,509.000000
1680705175,509.000000
1680705175,509.000000
1680705175,509.000000
1680705175,509.000000
1680705175,509.000000
1680705175,509.000000
1680705175,509.000000
1680705175,509.000000
1680705175,509.000000
1680705176,509.000000
1680705176,509.000000
1680705176,509.000000
1680705176,509.000000
1680705176,509.000000
1680705176,509.000000
1680705176,509.000000
1680705176,509.000000
1680705176,509.000000
1680705176,509.000000
1680705176,509.000000
1680705176,509.000000
1680705176,509.000000
1680705176,509.000000
1680705177,509.000000
1680705177,509.000000
1680705177,509.000000
1680705177,509.000000
1680705177,509.000000
1680705177,509.000000
1680705177,509.000000
1680705177,509.000000
1680705177,509.000000
1680705177,509.000000
1680705177,509.000000
1680705177,509.000000
1680705177,509.000000
1680705177,509.000000
1680705178,509.000000
1680705178,509.000000
1680705178,509.000000
1680705178,509.000000
1680705178,509.000000
1680705178,509.000000
1680705178,509.000000
1680705178,509.000000
1680705178,509.000000
1680705178,509.000000
1680705178,509.000000
1680705178,509.000000
1680705178,509.000000
1680705178,509.000000
1680705179,509.000000
1680705179,509.000000
1680705179,509.000000
1680705179,509.000000
1680705179,509.000000
1680705179,509.000000
1680705179,509.000000
1680705179,509.000000
1680705179,509.000000
1680705179,509.000000
1680705179,509.000000
1680705179,509.000000
1680705179,509.000000
1680705179,509.000000
1680705180,509.000000
1680705180,509.000000
1680705180,509.000000
1680705180,509.000000
1680705180,509.000000
1680705180,509.000000
1680705180,509.000000
1680705180,509.000000
1680705180,509.000000
1680705180,509.000000
1680705180,509.000000
1680705180,509.000000
1680705180,509.000000
1680705180,509.000000
1680705181,509.000000
1680705181,509.000000
1680705181,509.000000
1680705181,509.000000
1680705181,509.000000
1680705181,509.000000
1680705181,509.000000
1680705181,509.000000
1680705181,509.000000
1680705181,509.000000
1680705181,509.000000
1680705181,509.000000
1680705181,509.000000
1680705181,509.000000
1680705182,509.000000
1680705182,509.000000
1680705182,509.000000
1680705182,509.000000
1680705182,509.000000
1680705182,509.000000
1680705182,509.000000
1680705182,509.000000
1680705182,509.000000
1680705182,509.000000
1680705182,509.000000
1680705182,509.000000
1680705182,509.000000
1680705182,509.000000
1680705184,509.000000
1680705184,509.000000
1680705184,509.000000
1680705184,509.000000
1680705184,509.000000
1680705184,509.000000
1680705184,509.000000
1680705184,509.000000
1680705184,509.000000
1680705184,509.000000
1680705184,509.000000
1680705184,509.000000
1680705184,509.000000
1680705184,509.000000
1680705185,509.000000
1680705185,509.000000
1680705185,509.000000
1680705185,509.000000
1680705185,509.000000
1680705185,509.000000
1680705185,509.000000
1680705185,509.000000
1680705185,509.000000
1680705185,509.000000
1680705185,509.000000
1680705185,509.000000
1680705185,509.000000
1680705185,509.000000
1680705186,509.000000
1680705186,509.000000
1680705186,509.000000
1680705186,509.000000
1680705186,509.000000
1680705186,509.000000
1680705186,509.000000
1680705186,509.000000
1680705186,509.000000
1680705186,509.000000
1680705186,509.000000
1680705186,509.000000
1680705186,509.000000
1680705186,509.000000
1680705187,509.000000
1680705187,509.000000
1680705187,509.000000
1680705187,509.000000
1680705187,509.000000
1680705187,509.000000
1680705187,509.000000
1680705187,509.000000
1680705187,509.000000
1680705187,509.000000
1680705187,509.000000
1680705187,509.000000
1680705187,509.000000
1680705187,509.000000
1680705188,509.000000
1680705188,509.000000
1680705188,509.000000
1680705188,509.000000
1680705188,509.000000
1680705188,509.000000
1680705188,509.000000
1680705188,509.000000
1680705188,509.000000
1680705188,509.000000
1680705188,509.000000
1680705188,509.000000
1680705188,509.000000
1680705188,509.000000
1680705189,509.000000
1680705189,509.000000
1680705189,509.000000
1680705189,509.000000
1680705189,509.000000
1680705189,509.000000
1680705189,509.000000
1680705189,509.000000
1680705189,509.000000
1680705189,509.000000
1680705189,509.000000
1680705189,509.000000
1680705189,509.000000
1680705189,509.000000
1680705190,509.000000
1680705190,509.000000
1680705190,509.000000
1680705190,509.000000
1680705190,509.000000
1680705190,509.000000
1680705190,509.000000
1680705190,509.000000
1680705190,509.000000
1680705190,509.000000
1680705190,509.000000
1680705190,509.000000
1680705190,509.000000
1680705190,509.000000
1680705191,509.000000
1680705191,509.000000
1680705191,509.000000
1680705191,509.000000
1680705191,509.000000
1680705191,509.000000
1680705191,509.000000
1680705191,509.000000
1680705191,509.000000
1680705191,509.000000
1680705191,509.000000
1680705191,509.000000
1680705191,509.000000
1680705191,509.000000
1680705192,509.000000
1680705192,509.000000
1680705192,509.000000
1680705192,509.000000
1680705192,509.000000
1680705192,509.000000
1680705192,509.000000
1680705192,509.000000
1680705192,509.000000
1680705192,509.000000
1680705192,509.000000
1680705192,509.000000
1680705192,509.000000
1680705192,509.000000
1680705193,509.000000
1680705193,509.000000
1680705193,509.000000
1680705193,509.000000
1680705193,509.000000
1680705193,509.000000
1680705193,509.000000
1680705193,509.000000
1680705193,509.000000
1680705193,509.000000
1680705193,509.000000
1680705193,509.000000
1680705193,509.000000
1680705193,509.000000
1680705194,509.000000
1680705194,509.000000
1680705194,509.000000
1680705194,509.000000
1680705194,509.000000
1680705194,509.000000
1680705195,509.000000
1680705195,509.000000
1680705195,509.000000
1680705195,509.000000
1680705195,509.000000
1680705195,509.000000
1680705195,509.000000
1680705195,509.000000
1680705196,509.000000
1680705196,509.000000
1680705196,509.000000
1680705196,509.000000
1680705196,509.000000
1680705196,509.000000
1680705196,509.000000
1680705196,509.000000
1680705196,509.000000
1680705196,509.000000
1680705196,509.000000
1680705196,509.000000
1680705196,509.000000
1680705196,509.000000
1680705197,509.000000
1680705197,509.000000
1680705197,509.000000
1680705197,509.000000
1680705197,509.000000
1680705197,509.000000
1680705197,509.000000
1680705197,509.000000
1680705197,509.000000
1680705197,509.000000
1680705197,509.000000
1680705197,509.000000
1680705197,509.000000
1680705197,509.000000
1680705198,509.000000
1680705198,509.000000
1680705198,509.000000
1680705198,509.000000
1680705198,509.000000
1680705198,509.000000
1680705198,509.000000
1680705198,509.000000
1680705198,509.000000
1680705198,509.000000
1680705198,509.000000
1680705198,509.000000
1680705198,509.000000
1680705198,509.000000
1680705199,509.000000
1680705199,509.000000
1680705199,509.000000
1680705199,509.000000
1680705199,509.000000
1680705199,509.000000
1680705199,509.000000
1680705199,509.000000
1680705199,509.000000
1680705199,509.000000
1680705199,509.000000
1680705199,509.000000
1680705199,509.000000
1680705199,509.000000
1680705200,509.000000
1680705200,509.000000
1680705200,509.000000
1680705200,509.000000
1680705200,509.000000
1680705200,509.000000
1680705200,509.000000
1680705200,509.000000
1680705200,509.000000
1680705200,509.000000
1680705200,509.000000
1680705200,509.000000
1680705200,509.000000
1680705200,509.000000
1680705201,509.000000
1680705201,509.000000
1680705201,509.000000
1680705201,509.000000
1680705201,509.000000
1680705201,509.000000
1680705201,509.000000
1680705201,509.000000
1680705201,509.000000
1680705201,509.000000
1680705201,509.000000
1680705201,509.000000
1680705201,509.000000
1680705201,509.000000
1680705202,509.000000
1680705202,509.000000
1680705202,509.000000
1680705202,509.000000
1680705202,509.000000
1680705202,509.000000
1680705202,509.000000
1680705202,509.000000
1680705202,509.000000
1680705202,509.000000
1680705202,509.000000
1680705202,509.000000
1680705202,509.000000
1680705202,509.000000
1680705203,509.000000
1680705203,509.000000
1680705203,509.000000
1680705203,509.000000
1680705203,509.000000
1680705203,509.000000
1680705203,509.000000
1680705203,509.000000
1680705203,509.000000
1680705203,509.000000
1680705203,509.000000
1680705203,509.000000
1680705203,509.000000
1680705203,509.000000
1680705204,509.000000
1680705204,509.000000
1680705204,509.000000
1680705204,509.000000
1680705204,509.000000
1680705204,509.000000
1680705204,509.000000
1680705204,509.000000
1680705204,509.000000
1680705204,509.000000
1680705204,509.000000
1680705204,509.000000
1680705204,509.000000
1680705204,509.000000
1680705205,509.000000
1680705205,509.000000
1680705205,509.000000
1680705205,509.000000
1680705205,509.000000
1680705205,509.000000
1680705206,509.000000
1680705206,509.000000
1680705206,509.000000
1680705206,509.000000
1680705206,509.000000
1680705206,509.000000
1680705206,509.000000
1680705206,509.000000
1680705207,509.000000
1680705207,509.000000
1680705207,509.000000
1680705207,509.000000
1680705207,509.000000
1680705207,509.000000
1680705207,509.000000
1680705207,509.000000
1680705207,509.000000
1680705207,509.000000
1680705207,509.000000
1680705207,509.000000
1680705207,509.000000
1680705207,509.000000
1680705208,509.000000
1680705208,509.000000
1680705208,509.000000
1680705208,509.000000
1680705208,509.000000
1680705208,509.000000
1680705208,509.000000
1680705208,509.000000
1680705208,509.000000
1680705208,509.000000
1680705208,509.000000
1680705208,509.000000
1680705208,509.000000
1680705208,509.000000
1680705209,509.000000
1680705209,509.000000
1680705209,509.000000
1680705209,509.000000
1680705209,509.000000
1680705209,509.000000
1680705209,509.000000
1680705209,488.000000
1680705209,451.000000
1680705209,398.000000
1680705209,331.000000
1680705209,256.000000
1680705209,183.000000
1680705209,116.000000
1680705210,42.000000
1680705210,44.000000
1680705210,45.000000
1680705210,52.000000
1680705210,62.000000
1680705210,99.000000
1680705210,154.000000
1680705210,223.000000
1680705210,302.000000
1680705210,382.000000
1680705210,454.000000
1680705210,509.000000
1680705210,509.000000
1680705210,509.000000
1680705211,509.000000
1680705211,509.000000
1680705211,509.000000
1680705211,509.000000
1680705211,509.000000
1680705211,509.000000
1680705211,509.000000
1680705211,509.000000
1680705211,509.000000
1680705211,509.000000
1680705211,509.000000
1680705211,509.000000
1680705211,509.000000
1680705211,509.000000
1680705212,509.000000
1680705212,509.000000
1680705212,509.000000
1680705212,509.000000
1680705212,509.000000
1680705212,509.000000
1680705212,509.000000
1680705212,509.000000
1680705212,509.000000
1680705212,509.000000
1680705212,509.000000
1680705212,509.000000
1680705212,509.000000
1680705212,509.000000
1680705213,509.000000
1680705213,509.000000
1680705213,509.000000
1680705213,509.000000
1680705213,509.000000
1680705213,509.000000
1680705213,509.000000
1680705213,509.000000
1680705213,509.000000
1680705213,509.000000
1680705213,509.000000
1680705213,509.000000
1680705213,509.000000
1680705213,509.000000
1680705214,509.000000
1680705214,509.000000
1680705214,509.000000
1680705214,509.000000
1680705214,509.000000
1680705214,509.000000
1680705214,509.000000
1680705214,509.000000
1680705214,509.000000
1680705214,509.000000
1680705214,509.000000
1680705214,509.000000
1680705214,509.000000
1680705214,509.000000
1680705215,509.000000
1680705215,509.000000
1680705215,509.000000
1680705215,509.000000
1680705215,509.000000
1680705215,509.000000
1680705215,509.000000
1680705215,509.000000
1680705215,509.000000
1680705215,509.000000
1680705215,509.000000
1680705215,509.000000
1680705215,509.000000
1680705215,509.000000
1680705216,509.000000
1680705216,509.000000
1680705216,509.000000
1680705216,509.000000
1680705216,509.000000
1680705216,509.000000
1680705216,509.000000
1680705216,509.000000
1680705216,509.000000
1680705217,509.000000
1680705217,509.000000
1680705217,509.000000
1680705217,509.000000
1680705217,509.000000
1680705218,509.000000
1680705218,509.000000
1680705218,509.000000
1680705218,509.000000
1680705218,509.000000
1680705218,509.000000
1680705218,509.000000
1680705218,509.000000
1680705218,509.000000
1680705218,509.000000
1680705218,509.000000
1680705218,509.000000
1680705218,509.000000
1680705218,509.000000
1680705219,509.000000
1680705219,509.000000
1680705219,509.000000
1680705219,509.000000
1680705219,509.000000
1680705219,509.000000
1680705219,509.000000
1680705219,509.000000
1680705219,509.000000
1680705219,509.000000
1680705219,509.000000
1680705219,509.000000
1680705219,509.000000
1680705219,509.000000
1680705220,509.000000
1680705220,509.000000
1680705220,509.000000
1680705220,509.000000
1680705220,509.000000
1680705220,509.000000
1680705220,509.000000
1680705220,509.000000
1680705220,509.000000
1680705220,509.000000
1680705220,509.000000
1680705220,509.000000
1680705220,509.000000
1680705220,509.000000
1680705221,509.000000
1680705221,509.000000
1680705221,509.000000
1680705221,509.000000
1680705221,509.000000
1680705221,509.000000
1680705221,509.000000
1680705221,509.000000
1680705221,509.000000
1680705221,509.000000
1680705221,509.000000
1680705221,509.000000
1680705221,509.000000
1680705221,509.000000
1680705222,509.000000
1680705222,509.000000
1680705222,509.000000
1680705222,509.000000
1680705222,509.000000
1680705222,509.000000
1680705222,509.000000
1680705222,509.000000
1680705222,509.000000
1680705222,509.000000
1680705222,509.000000
1680705222,509.000000
1680705222,509.000000
1680705222,509.000000
1680705223,509.000000
1680705223,509.000000
1680705223,509.000000
1680705223,509.000000
1680705223,509.000000
1680705223,509.000000
1680705223,509.000000
1680705223,509.000000
1680705223,509.000000
1680705223,509.000000
1680705223,509.000000
1680705223,509.000000
1680705223,509.000000
1680705223,509.000000
1680705224,509.000000
1680705224,509.000000
1680705224,509.000000
1680705224,509.000000
1680705224,509.000000
1680705224,509.000000
1680705224,509.000000
1680705224,509.000000
1680705224,509.000000
1680705224,509.000000
1680705224,509.000000
1680705224,509.000000
1680705224,509.000000
1680705224,509.000000
1680705225,509.000000
1680705225,509.000000
1680705225,509.000000
1680705225,509.000000
1680705225,482.000000
1680705225,437.000000
1680705225,376.000000
1680705225,302.000000
1680705225,220.000000
1680705225,141.000000
1680705225,73.000000
1680705225,63.000000
1680705225,57.000000
1680705225,53.000000
1680705226,374.000000
1680705226,449.000000
1680705226,509.000000
1680705226,509.000000
1680705226,509.000000
1680705226,509.000000
1680705226,509.000000
1680705226,485.000000
1680705226,445.000000
1680705226,389.000000
1680705226,319.000000
1680705226,242.000000
1680705226,167.000000
1680705226,101.000000
1680705227,45.000000
1680705227,44.000000
1680705227,51.000000
1680705227,58.000000
1680705227,75.000000
1680705227,117.000000
1680705227,174.000000
1680705227,244.000000
1680705228,324.000000
1680705228,401.000000
1680705228,469.000000
1680705228,509.000000
1680705228,509.000000
1680705228,509.000000
1680705229,509.000000
1680705229,509.000000
1680705229,509.000000
1680705229,509.000000
1680705229,509.000000
1680705229,509.000000
1680705229,509.000000
1680705229,509.000000
1680705229,509.000000
1680705229,509.000000
1680705229,509.000000
1680705229,509.000000
1680705229,509.000000
1680705229,509.000000
1680705230,509.000000
1680705230,509.000000
1680705230,509.000000
1680705230,509.000000
1680705230,509.000000
1680705230,509.000000
1680705230,509.000000
1680705230,509.000000
1680705230,509.000000
1680705230,509.000000
1680705230,509.000000
1680705230,509.000000
1680705230,509.000000
1680705230,509.000000
1680705231,509.000000
1680705231,509.000000
1680705231,509.000000
1680705231,509.000000
1680705231,509.000000
1680705231,509.000000
1680705231,509.000000
1680705231,509.000000
1680705231,509.000000
1680705231,509.000000
1680705231,509.000000
1680705231,509.000000
1680705231,509.000000
1680705231,509.000000
1680705232,509.000000
1680705232,509.000000
1680705232,509.000000
1680705232,509.000000
1680705232,509.000000
1680705232,509.000000
1680705232,509.000000
1680705232,509.000000
1680705232,509.000000
1680705232,509.000000
1680705232,509.000000
1680705232,509.000000
1680705232,509.000000
1680705232,509.000000
1680705233,509.000000
1680705233,509.000000
1680705233,509.000000
1680705233,509.000000
1680705233,509.000000
1680705233,509.000000
1680705233,509.000000
1680705233,509.000000
1680705233,509.000000
1680705233,509.000000
1680705233,509.000000
1680705233,509.000000
1680705233,509.000000
1680705233,509.000000
1680705234,483.000000
1680705234,509.000000
1680705234,509.000000
1680705234,509.000000
1680705234,509.000000
1680705234,509.000000
1680705234,509.000000
1680705234,509.000000
1680705234,509.000000
1680705234,509.000000
1680705234,509.000000
1680705234,509.000000
1680705234,509.000000
1680705234,509.000000
1680705235,509.000000
1680705235,509.000000
1680705235,509.000000
1680705235,509.000000
1680705235,509.000000
1680705235,509.000000
1680705235,509.000000
1680705235,509.000000
1680705235,509.000000
1680705235,509.000000
1680705235,509.000000
1680705235,509.000000
1680705235,509.000000
1680705235,509.000000
1680705236,509.000000
1680705236,509.000000
1680705236,509.000000
1680705236,509.000000
1680705236,509.000000
1680705236,509.000000
1680705236,509.000000
1680705236,509.000000
1680705236,509.000000
1680705236,509.000000
1680705236,509.000000
1680705236,509.000000
1680705236,509.000000
1680705236,509.000000
1680705237,509.000000
1680705237,509.000000
1680705237,509.000000
1680705237,509.000000
1680705237,509.000000
1680705237,509.000000
1680705237,509.000000
1680705237,509.000000
1680705237,509.000000
1680705237,509.000000
1680705237,509.000000
1680705237,509.000000
1680705237,509.000000
1680705237,509.000000
1680705238,509.000000
1680705238,509.000000
1680705238,509.000000
1680705238,509.000000
1680705238,509.000000
1680705238,509.000000
1680705238,509.000000
1680705238,509.000000
1680705238,509.000000
1680705238,509.000000
1680705238,509.000000
1680705238,509.000000
1680705238,509.000000
1680705238,509.000000
1680705240,509.000000
1680705240,509.000000
1680705240,509.000000
1680705240,509.000000
1680705240,509.000000
1680705240,509.000000
1680705240,509.000000
1680705240,509.000000
1680705240,509.000000
1680705240,509.000000
1680705240,509.000000
1680705240,509.000000
1680705240,509.000000
1680705240,509.000000
1680705241,509.000000
1680705241,509.000000
1680705241,509.000000
1680705241,509.000000
1680705241,509.000000
1680705241,509.000000
1680705241,509.000000
1680705241,509.000000
1680705241,509.000000
1680705241,509.000000
1680705241,509.000000
1680705241,509.000000
1680705241,509.000000
1680705241,509.000000
1680705242,509.000000
1680705242,509.000000
1680705242,509.000000
1680705242,509.000000
1680705242,509.000000
1680705242,509.000000
1680705242,509.000000
1680705242,509.000000
1680705242,509.000000
1680705242,509.000000
1680705242,509.000000
1680705242,509.000000
1680705242,509.000000
1680705242,509.000000
1680705243,509.000000
1680705243,509.000000
1680705243,509.000000
1680705243,509.000000
1680705243,509.000000
1680705243,509.000000
1680705243,509.000000
1680705243,509.000000
1680705243,509.000000
1680705243,509.000000
1680705243,509.000000
1680705243,509.000000
1680705243,509.000000
1680705243,509.000000
1680705244,509.000000
1680705244,509.000000
1680705244,509.000000
1680705244,509.000000
1680705244,509.000000
1680705244,509.000000
1680705244,509.000000
1680705244,509.000000
1680705244,509.000000
1680705244,509.000000
1680705244,509.000000
1680705244,509.000000
1680705244,509.000000
1680705244,509.000000
1680705245,509.000000
1680705245,509.000000
1680705245,509.000000
1680705245,509.000000
1680705245,509.000000
1680705245,509.000000
1680705245,509.000000
1680705245,509.000000
1680705245,509.000000
1680705245,509.000000
1680705245,509.000000
1680705245,509.000000
1680705245,509.000000
1680705245,509.000000
1680705246,509.000000
1680705246,509.000000
1680705246,509.000000
1680705246,509.000000
1680705246,509.000000
1680705246,509.000000
1680705246,509.000000
1680705246,509.000000
1680705246,509.000000
1680705246,509.000000
1680705246,509.000000
1680705246,509.000000
1680705246,509.000000
1680705246,509.000000
1680705247,509.000000
1680705247,509.000000
1680705247,509.000000
1680705247,509.000000
1680705247,509.000000
1680705247,509.000000
1680705247,509.000000
1680705247,509.000000
1680705247,509.000000
1680705247,509.000000
1680705247,509.000000
1680705247,509.000000
1680705247,509.000000
1680705247,509.000000
1680705248,509.000000
1680705248,509.000000
1680705248,509.000000
1680705248,509.000000
1680705248,509.000000
1680705248,509.000000
1680705248,509.000000
1680705248,509.000000
1680705248,509.000000
1680705248,509.000000
1680705248,509.000000
1680705248,509.000000
1680705248,509.000000
1680705248,509.000000
