Time,Channel A Last (V),Channel B Last (V)
1681203283,0.996,0.06
1681203283,0.997,0.067
1681203283,1.001,0.07
1681203283,0.999,0.066
1681203283,1,0.059
1681203283,1,0.064
1681203283,0.995,0.059
1681203283,0.999,0.068
1681203283,0.996,0.052
1681203283,0.999,0.059
1681203284,0.998,0.069
1681203284,1.002,0.062
1681203284,0.999,0.058
1681203284,1,0.062
1681203284,0.997,0.062
1681203284,0.996,0.06
1681203284,0.999,0.064
1681203284,1.002,0.062
1681203284,0.996,0.056
1681203284,0.997,0.06
1681203284,1,0.064
1681203284,1.001,0.061
1681203284,0.996,0.059
1681203284,0.997,0.066
1681203284,0.999,0.062
1681203284,0.997,0.066
1681203284,0.997,0.067
1681203284,1,0.066
1681203284,0.999,0.061
1681203284,0.999,0.063
1681203285,0.999,0.062
1681203285,0.999,0.061
1681203285,0.997,0.064
1681203285,1,0.062
1681203285,1,0.055
1681203285,0.997,0.06
1681203285,0.997,0.07
1681203285,0.998,0.066
1681203285,0.997,0.064
1681203285,0.999,0.053
1681203285,0.998,0.064
1681203285,0.999,0.061
1681203285,1.001,0.063
1681203285,0.999,0.065
1681203285,1.002,0.062
1681203285,1.003,0.057
1681203285,0.998,0.055
1681203285,1.003,0.065
1681203285,1.001,0.075
1681203285,1,0.06
1681203286,0.999,0.067
1681203286,0.997,0.063
1681203286,1.001,0.061
1681203286,1.001,0.057
1681203286,1.001,0.065
1681203286,1,0.064
1681203286,0.997,0.068
1681203286,1.001,0.059
1681203286,1.001,0.066
1681203286,1.003,0.06
1681203286,0.997,0.065
1681203286,1.001,0.058
1681203286,1,0.063
1681203286,1,0.06
1681203286,1.001,0.064
1681203286,0.999,0.066
1681203286,0.999,0.055
1681203286,0.997,0.065
1681203286,0.999,0.054
1681203286,0.998,0.067
1681203287,1.001,0.063
1681203287,0.996,0.058
1681203287,0.998,0.059
1681203287,0.997,0.066
1681203287,0.997,0.065
1681203287,1.002,0.069
1681203287,0.998,0.062
1681203287,0.999,0.061
1681203287,0.997,0.064
1681203287,0.998,0.066
1681203287,1.001,0.056
1681203287,1.003,0.063
1681203287,1.002,0.059
1681203287,0.999,0.06
1681203287,0.998,0.068
1681203287,1.001,0.067
1681203287,0.999,0.062
1681203287,0.999,0.069
1681203287,1,0.068
1681203287,0.999,0.062
1681203288,1,0.056
1681203288,1,0.063
1681203288,0.996,0.071
1681203288,0.996,0.055
1681203288,0.998,0.06
1681203288,0.999,0.06
1681203288,0.995,0.064
1681203288,0.997,0.065
1681203288,0.998,0.059
1681203288,0.993,0.065
1681203288,0.994,0.06
1681203288,0.999,0.064
1681203288,0.997,0.069
1681203288,0.997,0.066
1681203288,0.996,0.06
1681203288,0.998,0.058
1681203288,0.998,0.072
1681203288,0.998,0.068
1681203288,0.999,0.06
1681203288,0.996,0.066
1681203289,0.999,0.069
1681203289,0.995,0.061
1681203289,0.998,0.059
1681203289,0.996,0.067
1681203289,0.997,0.067
1681203289,0.996,0.054
1681203289,0.997,0.075
1681203289,1,0.063
1681203289,0.998,0.065
1681203289,0.997,0.055
1681203289,0.997,0.063
1681203289,0.996,0.068
1681203289,0.999,0.067
1681203289,0.999,0.056
1681203289,0.997,0.052
1681203289,1,0.07
1681203289,0.999,0.061
1681203289,0.998,0.061
1681203289,0.998,0.068
1681203289,0.999,0.061
1681203290,1.001,0.067
1681203290,0.997,0.059
1681203290,0.996,0.064
1681203290,1.002,0.062
1681203290,0.996,0.057
1681203290,0.999,0.06
1681203290,1,0.063
1681203290,0.997,0.069
1681203290,0.997,0.073
1681203290,0.997,0.064
1681203290,0.997,0.054
1681203290,0.998,0.054
1681203290,0.997,0.063
1681203290,1.002,0.064
1681203290,1,0.065
1681203290,0.998,0.06
1681203290,1,0.062
1681203290,1,0.064
1681203290,1,0.06
1681203290,0.995,0.065
1681203291,0.999,0.062
1681203291,0.999,0.06
1681203291,0.998,0.066
1681203291,0.996,0.071
1681203291,0.998,0.058
1681203291,1,0.064
1681203291,0.999,0.068
1681203291,0.983,0.061
1681203291,0.999,0.076
1681203291,1.002,0.068
1681203291,0.999,0.069
1681203291,0.998,0.068
1681203291,1.002,0.058
1681203291,1,0.072
1681203291,0.997,0.069
1681203291,0.997,0.065
1681203291,0.996,0.064
1681203291,0.998,0.06
1681203291,0.999,0.056
1681203291,1,0.071
1681203292,0.999,0.061
1681203292,0.999,0.063
1681203292,1,0.059
1681203292,0.999,0.061
1681203292,0.998,0.064
1681203292,0.998,0.051
1681203292,0.995,0.076
1681203292,0.999,0.058
1681203292,0.997,0.059
1681203292,1,0.069
1681203292,1,0.07
1681203292,0.998,0.065
1681203292,1,0.062
1681203292,1.002,0.06
1681203292,1,0.062
1681203292,1.001,0.057
1681203292,0.998,0.063
1681203292,0.998,0.06
1681203292,0.997,0.073
1681203292,0.999,0.059
1681203293,0.998,0.071
1681203293,0.998,0.056
1681203293,0.999,0.055
1681203293,0.994,0.065
1681203293,0.998,0.07
1681203293,0.998,0.069
1681203293,0.999,0.064
1681203293,0.998,0.07
1681203293,1.001,0.064
1681203293,0.998,0.059
1681203293,0.998,0.075
1681203293,0.998,0.063
1681203293,0.998,0.059
1681203293,0.997,0.066
1681203293,0.997,0.066
1681203293,1,0.066
1681203293,1,0.061
1681203293,1.001,0.067
1681203293,0.999,0.059
1681203293,0.999,0.066
1681203294,1,0.066
1681203294,0.997,0.064
1681203294,0.996,0.06
1681203294,0.997,0.054
1681203294,1,0.069
1681203294,0.998,0.069
1681203294,0.999,0.061
1681203294,1.001,0.06
1681203294,0.993,0.07
1681203294,1.001,0.064
1681203294,1.002,0.06
1681203294,0.994,0.064
1681203294,0.997,0.058
1681203294,0.999,0.067
1681203294,0.996,0.064
1681203294,0.997,0.014
1681203294,1,0.081
1681203294,1.004,0.113
1681203294,0.998,0.054
1681203294,0.996,0.045
1681203295,0.998,0.061
1681203295,1.001,0.049
1681203295,1,0.073
1681203295,1.001,0.092
1681203295,1.002,0.05
1681203295,1.001,0.073
1681203295,1.002,0.072
1681203295,0.999,0.081
1681203295,0.999,0.046
1681203295,0.996,0.055
1681203295,0.999,0.08
1681203295,0.998,0.056
1681203295,0.999,0.054
1681203295,1,0.082
1681203295,1.002,0.057
1681203295,1.001,0.067
1681203295,0.999,0.062
1681203295,1.001,0.08
1681203295,0.998,0.009
1681203295,1.002,0.089
1681203296,1.001,0.08
1681203296,1.001,0.069
1681203296,0.999,0.053
1681203296,1,0.059
1681203296,1,0.053
1681203296,1.001,0.076
1681203296,0.999,0.053
1681203296,0.998,0.039
1681203296,1.003,0.066
1681203296,0.994,-0.023
1681203296,1,0.009
1681203296,1.002,0.099
1681203296,0.998,0.096
1681203296,0.998,0.078
1681203296,0.998,0.118
1681203296,0.996,0.036
1681203296,1.001,0.097
1681203296,1,0.057
1681203296,1,0.046
1681203296,0.997,0.05
1681203297,1.002,0.086
1681203297,1,0.056
1681203297,0.995,0.09
1681203297,1.001,0.05
1681203297,0.996,0.05
1681203297,0.997,0.035
1681203297,0.997,0.071
1681203297,0.999,0.078
1681203297,1,0.062
1681203297,1,0.094
1681203297,0.996,0.061
1681203297,0.999,0.08
1681203297,1,0.079
1681203297,0.998,0.039
1681203297,1,0.062
1681203297,1.001,0.05
1681203297,0.999,0.076
1681203297,0.999,0.062
1681203297,1.002,0.074
1681203297,0.999,0.053
1681203298,1,0.057
1681203298,0.995,0.05
1681203298,1.001,0.057
1681203298,0.998,0.053
1681203298,0.998,0.07
1681203298,1.002,0.061
1681203298,0.999,0.071
1681203298,0.997,0.055
1681203298,0.997,0.069
1681203298,0.999,0.061
1681203298,1,0.067
1681203298,0.997,0.066
1681203298,1.001,0.068
1681203298,0.998,0.058
1681203298,0.998,0.066
1681203298,1.001,0.057
1681203298,0.998,0.056
1681203298,0.997,0.055
1681203298,0.997,0.057
1681203298,1.002,0.058
1681203299,1.002,0.069
1681203299,0.998,0.063
1681203299,1,0.068
1681203299,1.002,0.061
1681203299,1,0.063
1681203299,0.997,0.069
1681203299,0.997,0.057
1681203299,1.001,0.056
1681203299,0.999,0.063
1681203299,0.998,0.065
1681203299,0.998,0.065
1681203299,0.998,0.059
1681203299,1.002,0.063
1681203299,0.998,0.063
1681203299,1.001,0.059
1681203299,0.998,0.072
1681203299,0.999,0.062
1681203299,1.001,0.065
1681203299,0.999,0.068
1681203299,1.001,0.066
1681203300,0.997,0.064
1681203300,0.998,0.061
1681203300,0.996,0.06
1681203300,1.001,0.064
1681203300,0.998,0.068
1681203300,0.998,0.062
1681203300,1.003,0.062
1681203300,1,0.063
1681203300,1,0.062
1681203300,0.999,0.067
1681203300,0.999,0.064
1681203300,1,0.063
1681203300,0.999,0.066
1681203300,0.998,0.057
1681203300,0.998,0.06
1681203300,0.999,0.063
1681203300,0.999,0.061
1681203300,0.998,0.061
1681203300,1.001,0.069
1681203300,1.001,0.063
1681203301,1,0.063
1681203301,0.999,0.061
1681203301,0.998,0.062
1681203301,0.998,0.063
1681203301,0.999,0.058
1681203301,1,0.067
1681203301,1,0.052
1681203301,1,0.058
1681203301,0.998,0.063
1681203301,0.995,0.062
1681203301,0.999,0.062
1681203301,1,0.068
1681203301,0.999,0.065
1681203301,1.002,0.057
1681203301,1.001,0.061
1681203301,0.998,0.062
1681203301,0.999,0.06
1681203301,1.001,0.065
1681203301,1.001,0.069
1681203301,1.001,0.066
1681203302,0.999,0.067
1681203302,1,0.061
1681203302,0.999,0.063
1681203302,0.999,0.061
1681203302,1,0.062
1681203302,0.998,0.054
1681203302,0.998,0.062
1681203302,0.999,0.058
1681203302,1,0.066
1681203302,0.998,0.067
1681203302,1,0.059
1681203302,0.999,0.059
1681203302,1,0.062
1681203302,0.997,0.063
1681203302,1,0.065
1681203302,1,0.059
1681203302,1,0.069
1681203302,0.997,0.061
1681203302,0.999,0.056
1681203302,0.996,0.071
1681203303,0.998,0.06
1681203303,0.997,0.06
1681203303,0.998,0.056
1681203303,0.998,0.054
1681203303,0.994,0.056
1681203303,0.999,0.062
1681203303,0.998,0.072
1681203303,1,0.064
1681203303,0.999,0.065
1681203303,1,0.061
1681203303,1,0.061
1681203303,0.999,0.06
1681203303,0.999,0.063
1681203303,1.003,0.067
1681203303,1.001,0.063
1681203303,0.998,0.054
1681203303,0.997,0.062
1681203303,0.999,0.057
1681203303,0.999,0.065
1681203303,0.999,0.068
1681203304,1,0.057
1681203304,1.002,0.062
1681203304,0.997,0.074
1681203304,0.999,0.066
1681203304,1,0.064
1681203304,0.999,0.059
1681203304,1,0.07
1681203304,1.001,0.058
1681203304,1.008,0.042
1681203304,1.002,0.067
1681203304,0.997,0.058
1681203304,0.999,0.07
1681203304,0.999,0.063
1681203304,0.999,0.062
1681203304,1,0.065
1681203304,1,0.06
1681203304,0.999,0.068
1681203304,1.001,0.058
1681203304,0.999,0.067
1681203304,0.997,0.055
1681203305,1.001,0.068
1681203305,0.997,0.065
1681203305,0.999,0.057
1681203305,1,0.063
1681203305,1.001,0.066
1681203305,1,0.055
1681203305,1.001,0.055
1681203305,1,0.062
1681203305,1.002,0.063
1681203305,0.996,0.064
1681203305,1,0.069
1681203305,1.001,0.057
1681203305,0.997,0.06
1681203305,0.998,0.065
1681203305,1.004,0.069
1681203305,0.998,0.063
1681203305,1,0.063
1681203305,0.999,0.071
1681203305,1.002,0.063
1681203305,1,0.062
1681203306,1.001,0.059
1681203306,1,0.056
1681203306,0.998,0.067
1681203306,0.999,0.059
1681203306,1.001,0.06
1681203306,1,0.061
1681203306,1,0.058
1681203306,0.998,0.065
1681203306,1,0.055
1681203306,1,0.095
1681203306,1,0.069
1681203306,1.001,0.069
1681203306,1.004,0.061
1681203306,0.998,0.064
1681203306,0.999,0.064
1681203306,1.001,0.063
1681203306,1.001,0.061
1681203306,0.997,0.063
1681203306,1,0.066
1681203306,1,0.058
1681203307,1.004,0.06
1681203307,1.002,0.064
1681203307,1,0.065
1681203307,0.999,0.059
1681203307,1.001,0.063
1681203307,1,0.061
1681203307,1.001,0.058
1681203307,0.998,0.066
1681203307,0.999,0.062
1681203307,0.997,0.064
1681203307,0.999,0.073
1681203307,1.001,0.062
1681203307,0.997,0.063
1681203307,0.999,0.058
1681203307,1,0.07
1681203307,1,0.061
1681203307,0.998,0.067
1681203307,0.997,0.067
1681203307,1,0.063
1681203307,0.997,0.062
1681203308,0.997,0.056
1681203308,1.001,0.065
1681203308,0.999,0.065
1681203308,0.999,0.063
1681203308,0.998,0.07
1681203308,0.998,0.057
1681203308,0.996,0.058
1681203308,1.001,0.066
1681203308,0.999,0.064
1681203308,1,0.066
1681203308,0.998,0.069
1681203308,1,0.069
1681203308,0.999,0.059
1681203308,0.998,0.059
1681203308,0.999,0.063
1681203308,0.995,0.07
1681203308,0.997,0.072
1681203308,0.999,0.069
1681203308,0.998,0.062
1681203308,1.002,0.063
1681203309,0.998,0.067
1681203309,1.002,0.059
1681203309,0.999,0.061
1681203309,0.999,0.071
1681203309,1,0.062
1681203309,1.003,0.064
1681203309,1.002,0.059
1681203309,0.999,0.069
1681203309,1.001,0.06
1681203309,0.998,0.064
1681203309,0.997,0.073
1681203309,1.001,0.061
1681203309,0.999,0.057
1681203309,0.997,0.074
1681203309,0.998,0.065
1681203309,1,0.064
1681203309,0.999,0.061
1681203309,1.003,0.061
1681203309,1,0.06
1681203309,0.995,0.072
1681203310,1.001,0.055
1681203310,1,0.105
1681203310,0.997,0.057
1681203310,0.998,0.04
1681203310,0.999,0.108
1681203310,0.998,0.042
1681203310,0.995,0.065
1681203310,0.996,0.08
1681203310,1.002,0.088
1681203310,0.995,0.065
1681203310,0.994,0.061
1681203310,0.996,0.055
1681203310,0.999,0.05
1681203310,0.999,0.069
1681203310,0.998,0.046
1681203310,0.999,0.062
1681203310,0.997,0.059
1681203310,0.996,0.07
1681203310,0.999,0.049
1681203310,0.995,0.02
1681203311,0.995,0.063
1681203311,0.998,0.064
1681203311,1,0.1
1681203311,1.003,0.072
1681203311,0.999,0.053
1681203311,1.004,0.114
1681203311,0.996,0.047
1681203311,0.998,0.08
1681203311,1.001,0.058
1681203311,0.999,0.071
1681203311,1,0.084
1681203311,0.997,0.025
1681203311,1.001,0.074
1681203311,0.998,0.035
1681203311,0.998,0.063
1681203311,1.001,0.049
1681203311,0.999,0.053
1681203311,1.001,0.017
1681203311,1.001,0.039
1681203311,1,0.052
1681203312,0.996,0.055
1681203312,0.997,0.051
1681203312,0.999,0.07
1681203312,0.997,0.049
1681203312,0.997,0.089
1681203312,0.998,0.043
1681203312,1,0.071
1681203312,0.999,0.083
1681203312,1.001,0.064
1681203312,0.998,0.059
1681203312,0.999,0.028
1681203312,1.001,0.05
1681203312,0.998,0.046
1681203312,1.001,0.103
1681203312,0.998,0.055
1681203312,1,0.073
1681203312,0.998,0.068
1681203312,0.999,0.062
1681203312,0.996,0.045
1681203312,0.997,0.038
1681203313,0.998,0.057
1681203313,0.999,0.092
1681203313,1.001,0.092
1681203313,1.001,0.065
1681203313,1.001,0.034
1681203313,1,0.044
1681203313,1,0.071
1681203313,0.995,-0.028
1681203313,0.998,0.104
1681203313,0.997,0.036
1681203313,1.002,0.096
1681203313,1.004,0.158
1681203313,1.001,0.045
1681203313,1,0.069
1681203313,0.996,0.057
1681203313,0.996,0.032
1681203313,1.003,0.073
1681203313,1.001,0.076
1681203313,0.999,0.039
1681203313,1.001,0.082
1681203314,1.005,0.087
1681203314,0.998,0.055
1681203314,0.997,0.018
1681203314,0.999,0.101
1681203314,1.002,0.095
1681203314,1.001,0.075
1681203314,1.001,0.089
1681203314,1.001,0.06
1681203314,0.998,0.024
1681203314,1,0.056
1681203314,0.998,0.018
1681203314,1,0.074
1681203314,1.001,0.066
1681203314,0.999,0.076
1681203314,1.001,0.071
1681203314,0.999,0.043
1681203314,1.001,0.037
1681203314,1.002,0.093
1681203314,0.996,0.025
1681203314,0.997,0.035
1681203315,0.998,0.03
1681203315,0.998,-0.014
1681203315,0.998,0.033
1681203315,1.001,0.05
1681203315,0.999,0.063
1681203315,1.002,0.093
1681203315,0.999,0.049
1681203315,0.999,0.08
1681203315,0.997,0.069
1681203315,1,0.062
1681203315,0.997,0.059
1681203315,1.001,0.085
1681203315,0.999,0.04
1681203315,0.999,0.066
1681203315,0.999,0.064
1681203315,0.996,0.06
1681203315,1,0.071
1681203315,0.999,0.044
1681203315,0.999,0.077
1681203315,0.997,0.067
1681203316,0.999,0.085
1681203316,0.998,0.05
1681203316,0.999,0.083
1681203316,1.001,0.065
1681203316,1,0.044
1681203316,0.999,0.051
1681203316,0.999,0.062
1681203316,0.998,0.061
1681203316,0.998,0.086
1681203316,1.002,0.081
1681203316,1,0.054
1681203316,0.997,0.062
1681203316,0.997,0.085
1681203316,0.998,0.061
1681203316,0.999,0.067
1681203316,1.001,0.052
1681203316,1.002,0.06
1681203316,1.001,0.059
1681203316,0.999,0.055
1681203316,1,0.067
1681203317,0.999,0.064
1681203317,0.994,0.065
1681203317,0.998,0.062
1681203317,0.998,0.064
1681203317,1,0.061
1681203317,1,0.066
1681203317,0.999,0.071
1681203317,0.999,0.061
1681203317,0.998,0.063
1681203317,0.998,0.06
1681203317,0.998,0.069
1681203317,1.001,0.066
1681203317,0.997,0.065
1681203317,1,0.064
1681203317,1,0.057
1681203317,0.999,0.066
1681203317,0.997,0.069
1681203317,1.001,0.071
1681203317,0.997,0.065
1681203317,0.995,0.056
1681203318,0.999,0.066
1681203318,1,0.064
1681203318,1,0.062
1681203318,1,0.066
1681203318,0.998,0.063
1681203318,1,0.057
1681203318,1,0.068
1681203318,1,0.057
1681203318,0.991,0.062
1681203318,1,0.073
1681203318,0.999,0.067
1681203318,1.001,0.064
1681203318,1,0.065
1681203318,1,0.069
1681203318,0.997,0.066
1681203318,0.999,0.059
1681203318,0.997,0.068
1681203318,0.999,0.06
1681203318,0.995,0.068
1681203318,0.998,0.058
1681203319,0.995,0.057
1681203319,1.002,0.067
1681203319,0.997,0.063
1681203319,0.997,0.059
1681203319,0.997,0.063
1681203319,0.998,0.056
1681203319,1,0.071
1681203319,1.001,0.059
1681203319,0.997,0.071
1681203319,0.997,0.066
1681203319,0.998,0.064
1681203319,1.001,0.058
1681203319,1,0.063
1681203319,0.998,0.063
1681203319,0.999,0.057
1681203319,0.998,0.058
1681203319,0.994,0.063
1681203319,0.995,0.065
1681203319,0.997,0.054
1681203319,0.995,0.07
1681203320,0.997,0.068
1681203320,0.998,0.064
1681203320,0.997,0.057
1681203320,0.999,0.062
1681203320,0.999,0.061
1681203320,0.997,0.071
1681203320,1,0.063
1681203320,0.997,0.057
1681203320,0.999,0.065
1681203320,1.003,0.061
1681203320,0.998,0.054
1681203320,0.998,0.054
1681203320,1.003,0.058
1681203320,0.997,0.07
1681203320,0.997,0.065
1681203320,0.999,0.07
1681203320,0.998,0.06
1681203320,1.001,0.058
1681203320,0.999,0.067
1681203320,0.997,0.061
1681203321,0.998,0.061
1681203321,0.996,0.068
1681203321,0.998,0.061
1681203321,1,0.058
1681203321,0.999,0.063
1681203321,0.998,0.073
1681203321,1.001,0.064
1681203321,0.998,0.066
1681203321,0.997,0.071
1681203321,0.997,0.057
1681203321,0.999,0.072
1681203321,1.001,0.064
1681203321,1.003,0.069
1681203321,0.996,0.066
1681203321,0.999,0.06
1681203321,1.001,0.061
1681203321,0.996,0.058
1681203321,0.996,0.061
1681203321,1,0.055
1681203321,1,0.059
1681203322,0.999,0.067
1681203322,1.001,0.037
1681203322,0.998,0.076
1681203322,1,0.029
1681203322,1,0.085
1681203322,0.996,0.038
1681203322,1.002,0.058
1681203322,1,0.058
1681203322,1,0.058
1681203322,1.002,0.064
1681203322,0.998,0.063
1681203322,0.999,0.066
1681203322,0.997,0.06
1681203322,1.001,0.069
1681203322,0.998,0.053
1681203322,1.001,0.064
1681203322,0.998,0.065
1681203322,0.997,0.076
1681203322,0.995,0.067
1681203322,1.001,0.055
1681203323,0.998,0.069
1681203323,1,0.062
1681203323,1,0.065
1681203323,0.999,0.058
1681203323,0.998,0.069
1681203323,0.998,0.068
1681203323,0.998,0.061
1681203323,0.98,0.061
1681203323,0.997,0.06
1681203323,0.998,0.066
1681203323,0.997,0.066
1681203323,0.999,0.064
1681203323,1,0.065
1681203323,0.998,0.064
1681203323,0.999,0.068
1681203323,0.999,0.064
1681203323,0.996,0.064
1681203323,0.998,0.063
1681203323,1.002,0.067
1681203323,0.997,0.063
1681203324,1.003,0.062
1681203324,0.998,0.064
1681203324,0.999,0.069
1681203324,1.001,0.063
1681203324,0.997,0.062
1681203324,1.002,0.063
1681203324,0.996,0.055
1681203324,0.997,0.07
1681203324,0.998,0.067
1681203324,0.995,0.067
1681203324,0.998,0.066
1681203324,1,0.066
1681203324,1,0.059
1681203324,0.998,0.07
1681203324,1.001,0.064
1681203324,0.998,0.061
1681203324,1.001,0.062
1681203324,1,0.062
1681203324,1.001,0.053
1681203324,0.993,0.062
1681203325,0.999,0.059
1681203325,0.999,0.064
1681203325,0.998,0.063
1681203325,0.997,0.06
1681203325,0.999,0.056
1681203325,0.999,0.062
1681203325,0.998,0.057
1681203325,0.994,0.059
1681203325,0.996,0.067
1681203325,0.998,0.066
1681203325,0.998,0.063
1681203325,0.998,0.063
1681203325,1.001,0.065
1681203325,1,0.067
1681203325,1.001,0.056
1681203325,0.998,0.063
1681203325,1.001,0.063
1681203325,0.998,0.057
1681203325,1.001,0.059
1681203325,0.997,0.055
1681203326,0.997,0.06
1681203326,1,0.058
1681203326,0.998,0.071
1681203326,0.998,0.061
1681203326,0.997,0.066
1681203326,0.998,0.059
1681203326,1,0.069
1681203326,0.997,0.065
1681203326,0.999,0.056
1681203326,1,0.064
1681203326,0.997,0.059
1681203326,0.996,0.062
1681203326,0.996,0.056
1681203326,0.998,0.063
1681203326,0.999,0.063
1681203326,1,0.06
1681203326,0.998,0.064
1681203326,0.999,0.071
1681203326,0.997,0.064
1681203326,1,0.068
1681203327,0.997,0.056
1681203327,0.997,0.068
1681203327,0.998,0.062
1681203327,0.998,0.065
1681203327,0.996,0.071
1681203327,0.994,0.063
1681203327,0.998,0.057
1681203327,0.998,0.057
1681203327,0.999,0.062
1681203327,0.996,0.059
1681203327,0.996,0.055
1681203327,0.995,0.067
1681203327,0.997,0.065
1681203327,0.996,0.06
1681203327,0.997,0.067
1681203327,0.998,0.052
1681203327,0.999,0.063
1681203327,0.997,0.051
1681203327,0.997,0.049
1681203327,0.999,0.07
1681203328,0.998,0.051
1681203328,0.998,0.087
1681203328,0.999,0.091
1681203328,1.001,0.073
1681203328,0.999,0.035
1681203328,0.997,0.079
1681203328,1,0.054
1681203328,0.996,0.052
1681203328,1,0.089
1681203328,0.998,0.07
1681203328,0.999,0.044
1681203328,0.996,0.073
1681203328,0.999,0.066
1681203328,1.002,0.059
1681203328,0.998,0.062
1681203328,0.998,0.037
1681203328,0.998,0.039
1681203328,0.997,0.075
1681203328,0.998,0.048
1681203328,0.999,0.056
1681203329,0.999,0.072
1681203329,1,0.06
1681203329,1,0.069
1681203329,0.997,0.053
1681203329,0.998,0.091
1681203329,0.997,0.076
1681203329,0.998,0.068
1681203329,0.999,0.064
1681203329,0.997,0.05
1681203329,0.997,0.06
1681203329,0.998,0.066
1681203329,1.002,0.077
1681203329,1,0.076
1681203329,0.997,0.062
1681203329,0.997,0.056
1681203329,0.999,0.054
1681203329,0.996,0.015
1681203329,0.997,0.043
1681203329,0.998,0.043
1681203329,0.994,0.06
1681203330,1.001,0.078
1681203330,0.998,0.08
1681203330,0.999,0.09
1681203330,0.997,0.025
1681203330,0.998,0.051
1681203330,0.998,-0.019
1681203330,1.857,0.073
1681203330,2.433,0.06
1681203330,2.434,0.068
1681203330,2.429,0.069
1681203330,2.431,0.067
1681203330,2.428,0.056
1681203330,2.431,0.091
1681203330,2.426,0.029
1681203330,2.428,0.068
1681203330,2.429,0.067
1681203330,2.43,0.061
1681203330,2.43,0.086
1681203330,1.229,0.075
1681203330,1,0.114
1681203331,0.996,0.046
1681203331,0.999,0.032
1681203331,0.998,0.09
1681203331,0.998,0.048
1681203331,0.995,0.029
1681203331,0.994,0.044
1681203331,1,6.313
1681203331,0.997,8.138
1681203331,0.996,8.137
1681203331,0.994,8.141
1681203331,0.995,8.127
1681203331,0.995,8.126
1681203331,1,8.127
1681203331,0.996,8.127
1681203331,0.995,8.13
1681203331,0.996,0.019
1681203331,1,0.045
1681203331,0.998,0.064
1681203331,0.996,-0.011
1681203331,0.997,0.063
1681203332,1,0.071
1681203332,1,0.108
1681203332,1,0.002
1681203332,1,0.097
1681203332,0.997,-0.023
1681203332,1.002,0.09
1681203332,1.002,0.157
1681203332,1.001,0.065
1681203332,0.999,0.066
1681203332,1,0.084
1681203332,0.998,0.05
1681203332,0.998,0.052
1681203332,0.999,0.108
1681203332,1,0.088
1681203332,0.996,0.106
1681203332,0.997,0.017
1681203332,0.998,0.044
1681203332,0.999,0.073
1681203332,0.998,0.058
1681203332,0.994,0.03
1681203333,1.001,0.053
1681203333,0.998,0.081
1681203333,0.999,0.087
1681203333,0.998,0.044
1681203333,0.999,0.085
1681203333,1.001,0.062
1681203333,0.998,0.097
1681203333,0.997,0.065
1681203333,0.997,0.04
1681203333,0.997,0.086
1681203333,1,0.032
1681203333,1,0.069
1681203333,1,0.077
1681203333,0.998,0.06
1681203333,0.998,0.043
1681203333,1,0.078
1681203333,1.001,0.048
1681203333,0.997,0.037
1681203333,1,0.081
1681203333,1.001,0.057
1681203334,0.998,0.075
1681203334,1.002,0.068
1681203334,0.998,0.085
1681203334,1,0.077
1681203334,0.997,0.056
1681203334,0.996,0.067
1681203334,0.996,0.056
1681203334,1.001,0.044
1681203334,0.996,0.072
1681203334,1,0.069
1681203334,1.001,0.078
1681203334,0.996,0.038
1681203334,0.998,0.04
1681203334,1.001,0.053
1681203334,0.998,0.074
1681203334,0.997,0.077
1681203334,0.996,0.033
1681203334,0.998,0.073
1681203334,0.997,0.061
1681203334,1,0.065
1681203335,1,0.068
1681203335,0.997,0.064
1681203335,0.998,0.07
1681203335,0.999,0.067
1681203335,0.996,0.059
1681203335,0.997,0.067
1681203335,0.999,0.067
1681203335,0.997,0.061
1681203335,0.999,0.061
1681203335,0.998,0.069
1681203335,1.001,0.075
1681203335,1.001,0.064
1681203335,1,0.06
1681203335,0.995,0.068
1681203335,1,0.06
1681203335,0.999,0.066
1681203335,1,0.062
1681203335,1.001,0.062
1681203335,0.998,0.062
1681203335,0.997,0.064
1681203336,0.997,0.067
1681203336,0.996,0.057
1681203336,0.999,0.071
1681203336,0.999,0.061
1681203336,1.001,0.071
1681203336,1.001,0.061
1681203336,1,0.064
1681203336,0.998,0.062
1681203336,0.991,0.073
1681203336,1,0.069
1681203336,0.998,0.058
1681203336,0.998,0.062
1681203336,0.998,0.056
1681203336,0.997,0.059
1681203336,0.999,0.059
1681203336,1.001,0.058
1681203336,0.998,0.066
1681203336,0.998,0.06
1681203336,0.996,0.062
1681203336,1,0.063
1681203337,0.995,0.058
1681203337,0.998,0.055
1681203337,0.998,0.054
1681203337,1,0.074
1681203337,0.998,0.057
1681203337,0.998,0.061
1681203337,0.996,0.061
1681203337,0.997,0.059
1681203337,1.001,0.075
1681203337,1.002,0.059
1681203337,1,0.064
1681203337,0.998,0.061
1681203337,0.997,0.063
1681203337,0.995,0.057
1681203337,0.996,0.056
1681203337,0.996,0.064
1681203337,1,0.063
1681203337,0.998,0.063
1681203337,0.994,0.059
1681203337,1,0.057
1681203338,0.999,0.062
1681203338,0.997,0.06
1681203338,0.995,0.062
1681203338,0.999,0.064
1681203338,0.997,0.058
1681203338,0.999,0.056
1681203338,0.999,0.051
1681203338,0.997,0.062
1681203338,0.998,0.072
1681203338,1.006,0.07
1681203338,0.998,0.06
1681203338,0.998,0.059
1681203338,0.999,0.063
1681203338,0.998,0.058
1681203338,0.998,0.067
1681203338,0.998,0.059
1681203338,0.999,0.058
1681203338,0.997,0.066
1681203338,0.998,0.053
1681203338,0.998,0.059
1681203339,0.999,0.053
1681203339,0.999,0.064
1681203339,1,0.053
1681203339,0.996,0.066
1681203339,1,0.055
1681203339,0.996,0.069
1681203339,0.999,0.068
1681203339,0.997,0.066
1681203339,0.996,0.063
1681203339,0.999,0.066
1681203339,0.999,0.07
1681203339,1,0.067
1681203339,1.001,0.059
1681203339,0.999,0.057
1681203339,1.001,0.068
1681203339,0.998,0.064
1681203339,1,0.057
1681203339,0.998,0.064
1681203339,0.997,0.054
1681203339,1,0.067
1681203340,0.998,0.056
1681203340,1,0.073
1681203340,0.996,0.062
1681203340,0.997,0.059
1681203340,0.994,0.069
1681203340,0.998,0.055
1681203340,1.001,0.064
1681203340,1,0.059
1681203340,0.996,0.065
1681203340,0.998,0.046
1681203340,0.999,0.058
1681203340,1,0.058
1681203340,0.999,0.062
1681203340,0.998,0.066
1681203340,0.999,0.051
1681203340,0.998,0.06
1681203340,0.999,0.061
1681203340,0.998,0.054
1681203340,0.999,0.067
1681203340,0.998,0.06
1681203341,0.997,0.055
1681203341,0.997,0.064
1681203341,0.998,0.063
1681203341,0.999,0.065
1681203341,0.998,0.065
1681203341,1,0.071
1681203341,0.997,0.066
1681203341,0.996,0.074
1681203341,0.998,0.06
1681203341,0.996,0.062
1681203341,1,0.063
1681203341,0.998,0.067
1681203341,0.996,0.066
1681203341,0.998,0.059
1681203341,0.998,0.058
1681203341,0.998,0.061
1681203341,0.999,0.067
1681203341,0.998,0.061
1681203341,0.996,0.058
1681203341,0.999,0.057
1681203342,1,0.057
1681203342,0.997,0.066
1681203342,0.998,0.055
1681203342,0.998,0.066
1681203342,1,0.055
1681203342,1,0.065
1681203342,0.996,0.059
1681203342,0.998,0.055
1681203342,0.999,0.068
1681203342,0.998,0.056
1681203342,0.997,0.065
1681203342,0.999,0.058
1681203342,1.001,0.065
1681203342,0.999,0.067
1681203342,1,0.06
1681203342,1,0.066
1681203342,1,0.07
1681203342,0.998,0.06
1681203342,0.996,0.061
1681203342,0.996,0.067
1681203343,0.997,0.062
1681203343,0.999,0.068
1681203343,0.999,0.063
1681203343,1.001,0.066
1681203343,0.999,0.062
1681203343,0.999,0.065
1681203343,0.998,0.056
1681203343,1,0.061
1681203343,1,0.064
1681203343,1.001,0.06
1681203343,0.999,0.061
1681203343,1,0.059
1681203343,0.997,0.065
1681203343,0.998,0.059
1681203343,0.997,0.063
1681203343,0.998,0.063
1681203343,0.999,0.065
1681203343,0.998,0.064
1681203343,1,0.049
1681203343,0.999,0.063
1681203344,0.999,0.063
1681203344,1.001,0.063
1681203344,0.999,0.057
1681203344,0.996,0.062
1681203344,0.996,0.058
1681203344,0.998,0.052
1681203344,1.003,0.065
1681203344,0.999,0.06
1681203344,1,0.05
1681203344,1,0.054
1681203344,1,0.059
1681203344,1.003,0.055
1681203344,0.997,0.061
1681203344,0.997,0.059
1681203344,0.998,0.057
1681203344,1.001,0.065
1681203344,1,0.06
1681203344,0.999,0.063
1681203344,0.997,0.058
1681203344,0.998,0.056
1681203345,1.002,0.061
1681203345,0.999,0.061
1681203345,0.998,0.056
1681203345,1.001,0.06
1681203345,1,0.057
1681203345,0.997,0.056
1681203345,0.999,0.056
1681203345,0.997,0.062
1681203345,0.999,0.058
1681203345,1.001,0.054
1681203345,0.999,0.058
1681203345,1,0.064
1681203345,1,0.056
1681203345,0.998,0.06
1681203345,1,0.062
1681203345,0.998,0.062
1681203345,0.999,0.061
1681203345,0.997,0.063
1681203345,0.998,0.06
1681203345,1.001,0.056
1681203346,1.002,0.059
1681203346,1.001,0.063
1681203346,0.999,0.057
1681203346,0.996,0.062
1681203346,1.001,0.044
1681203346,1.001,0.094
1681203346,0.998,0.05
1681203346,1,0.051
1681203346,1.001,0.068
1681203346,0.997,0.058
1681203346,1.001,0.059
1681203346,1.001,0.064
1681203346,0.998,0.086
1681203346,0.996,0.069
1681203346,0.997,0.059
1681203346,0.999,0.064
1681203346,1,0.075
1681203346,1,0.049
1681203346,0.999,0.054
1681203346,1.003,0.05
1681203347,0.998,0.063
1681203347,0.998,0.038
1681203347,0.998,0.052
1681203347,1.001,0.049
1681203347,0.996,0.028
1681203347,0.997,0.048
1681203347,1.001,0.078
1681203347,1,0.05
1681203347,1.005,0.137
1681203347,1,0.065
1681203347,1.009,0.086
1681203347,1,0.054
1681203347,1.002,0.068
1681203347,1.002,0.078
1681203347,0.996,0.064
1681203347,1.001,0.082
1681203347,0.997,0.002
1681203347,1.003,0.071
1681203347,1,0.043
1681203347,1.001,0.084
1681203348,0.997,0.061
1681203348,1,0.028
1681203348,1,0.033
1681203348,0.999,0.047
1681203348,1.001,0.082
1681203348,1.001,0.012
1681203348,1,0.054
1681203348,1,0.07
1681203348,1.002,0.097
1681203348,1,0.078
1681203348,0.999,0.05
1681203348,1.001,0.095
1681203348,0.999,0.074
1681203348,1.003,0.062
1681203348,1,0.08
1681203348,0.998,0.037
1681203348,0.998,0.071
1681203348,0.997,0.056
1681203348,0.998,0.089
1681203348,0.997,0.102
1681203349,0.998,0.088
1681203349,0.998,0.049
1681203349,0.997,0.047
1681203349,1,0.094
1681203349,0.995,0.061
1681203349,0.998,0.078
1681203349,0.997,0.07
1681203349,0.998,0.075
1681203349,1.001,0.075
1681203349,0.997,0.014
1681203349,1.054,0.046
1681203349,2.428,0.061
1681203349,2.433,0.1
1681203349,2.43,0.105
1681203349,2.432,0.09
1681203349,2.431,0.094
1681203349,2.431,0.021
1681203349,2.431,0.024
1681203349,2.425,0.047
1681203349,2.432,0.051
1681203350,2.433,0.088
1681203350,2.429,0.045
1681203350,2.431,0.084
1681203350,2.43,0.054
1681203350,2.429,0.059
1681203350,0.998,0.041
1681203350,0.994,0.076
1681203350,0.998,0.057
1681203350,0.997,0.035
1681203350,0.995,0.047
1681203350,0.999,5.888
1681203350,0.999,8.132
1681203350,0.996,8.129
1681203350,1.944,8.131
1681203350,2.431,8.132
1681203350,2.428,8.125
1681203350,2.426,8.137
1681203350,2.432,8.131
1681203350,2.427,8.139
1681203350,2.427,8.131
1681203351,2.425,8.126
1681203351,2.429,8.141
1681203351,2.429,2.821
1681203351,2.43,0.089
1681203351,2.431,0.059
1681203351,2.422,-0.098
1681203351,2.432,0.117
1681203351,1.861,0.084
1681203351,1,0.088
1681203351,1.001,0.034
1681203351,1.002,0.033
1681203351,0.998,0.079
1681203351,1.001,2.082
1681203351,1,8.081
1681203351,0.998,8.09
1681203351,1,8.052
1681203351,1,8.06
1681203351,0.997,8.089
1681203351,0.998,8.022
1681203351,0.999,8.028
1681203352,0.998,8.11
1681203352,0.996,8.063
1681203352,0.998,7.949
1681203352,0.997,8.067
1681203352,0.996,7.506
1681203352,0.996,0.076
1681203352,1.002,0.066
1681203352,0.997,0.056
1681203352,0.998,0.055
1681203352,1,0.082
1681203352,0.997,0.051
1681203352,0.999,0.044
1681203352,0.996,0.055
1681203352,1.001,0.046
1681203352,0.998,0.05
1681203352,1.001,0.063
1681203352,0.998,0.058
1681203352,0.999,0.088
1681203352,0.997,0.039
1681203352,1.001,0.107
1681203353,0.997,0.044
1681203353,0.997,0.035
1681203353,0.996,0.043
1681203353,0.997,0.037
1681203353,1,0.064
1681203353,0.999,0.06
1681203353,0.998,0.072
1681203353,0.998,0.07
1681203353,0.999,0.067
1681203353,0.999,0.064
1681203353,0.997,0.058
1681203353,0.999,0.063
1681203353,1,0.057
1681203353,1.002,0.068
1681203353,0.998,0.061
1681203353,0.998,0.062
1681203353,0.999,0.057
1681203353,0.996,0.059
1681203353,1,0.058
1681203353,1,0.051
1681203354,0.999,0.068
1681203354,0.998,0.057
1681203354,1.001,0.06
1681203354,1.001,0.058
1681203354,0.999,0.065
1681203354,0.999,0.066
1681203354,0.995,0.065
1681203354,0.998,0.061
1681203354,1,0.066
1681203354,1,0.061
1681203354,0.998,0.057
1681203354,0.998,0.062
1681203354,0.997,0.055
1681203354,0.998,0.06
1681203354,1,0.065
1681203354,0.998,0.061
1681203354,1.001,0.068
1681203354,1,0.062
1681203354,0.997,0.064
1681203354,0.998,0.062
1681203355,0.999,0.065
1681203355,0.996,0.058
1681203355,1,0.053
1681203355,0.995,0.065
1681203355,0.997,0.062
1681203355,1.001,0.059
1681203355,1.005,0.061
1681203355,1.01,0.012
1681203355,0.997,0.066
1681203355,1,0.055
1681203355,0.998,0.064
1681203355,0.996,0.06
1681203355,0.999,0.063
1681203355,1.001,0.068
1681203355,1.001,0.055
1681203355,0.999,0.07
1681203355,0.996,0.067
1681203355,1.001,0.065
1681203355,1.001,0.071
1681203355,0.996,0.061
1681203356,1,0.054
1681203356,0.995,0.063
1681203356,1.001,0.054
1681203356,1,0.07
1681203356,0.999,0.061
1681203356,0.998,0.061
1681203356,0.999,0.063
1681203356,0.995,0.066
1681203356,0.998,0.064
1681203356,0.996,0.068
1681203356,0.997,0.06
1681203356,0.998,0.064
1681203356,0.998,0.072
1681203356,0.996,0.064
1681203356,0.998,0.056
1681203356,1.002,0.069
1681203356,1.002,0.058
1681203356,0.996,0.066
1681203356,0.999,0.057
1681203356,0.997,0.051
1681203357,1,0.064
1681203357,0.998,0.053
1681203357,0.998,0.062
1681203357,0.999,0.061
1681203357,1.001,0.054
1681203357,1,0.055
1681203357,0.999,0.056
1681203357,1.001,0.065
1681203357,0.998,0.067
1681203357,1.001,0.057
1681203357,0.997,0.06
1681203357,0.998,0.062
1681203357,0.998,0.06
1681203357,1,0.064
1681203357,0.998,0.057
1681203357,0.998,0.066
1681203357,0.999,0.058
1681203357,1.001,0.065
1681203357,0.996,0.064
1681203357,1,0.053
1681203358,1,0.066
1681203358,0.998,0.057
1681203358,0.999,0.063
1681203358,0.998,0.064
1681203358,0.998,0.069
1681203358,0.999,0.073
1681203358,0.998,0.058
1681203358,0.995,0.067
1681203358,1.002,0.058
1681203358,0.999,0.069
1681203358,0.997,0.065
1681203358,0.997,0.061
1681203358,0.998,0.068
1681203358,1,0.082
1681203358,0.998,0.064
1681203358,1.001,0.086
1681203358,0.996,0.043
1681203358,0.998,0.056
1681203358,0.997,0.054
1681203358,0.999,0.045
1681203359,1,0.079
1681203359,0.998,0.045
1681203359,0.999,0.071
1681203359,0.999,0.057
1681203359,0.995,0.07
1681203359,0.996,0.065
1681203359,1.002,0.062
1681203359,1.001,0.069
1681203359,0.996,0.065
1681203359,0.995,0.073
1681203359,0.999,0.054
1681203359,1,0.066
1681203359,1,0.065
1681203359,1.001,0.065
1681203359,1.002,0.06
1681203359,1.001,0.061
1681203359,1,0.065
1681203359,0.999,0.063
1681203359,0.998,0.063
1681203359,0.998,0.063
1681203360,1.003,0.07
1681203360,0.999,0.062
1681203360,0.998,0.068
1681203360,0.998,0.064
1681203360,1,0.072
1681203360,0.999,0.062
1681203360,0.997,0.063
1681203360,0.999,0.055
1681203360,0.997,0.068
1681203360,1.001,0.057
1681203360,0.999,0.059
1681203360,1.003,0.067
1681203360,0.998,0.062
1681203360,1.002,0.055
1681203360,1,0.06
1681203360,1,0.064
1681203360,1,0.059
1681203360,0.999,0.067
1681203360,1.001,0.06
1681203360,0.997,0.066
1681203361,0.996,0.056
1681203361,0.996,0.067
1681203361,0.999,0.064
1681203361,0.998,0.051
1681203361,0.999,0.059
1681203361,0.997,0.066
1681203361,0.997,0.063
1681203361,0.999,0.063
1681203361,1.002,0.06
1681203361,0.995,0.067
1681203361,0.995,0.063
1681203361,0.997,0.059
1681203361,1,0.069
1681203361,0.998,0.058
1681203361,1.003,0.068
1681203361,1.001,0.064
1681203361,0.999,0.055
1681203361,0.997,0.063
1681203361,0.997,0.056
1681203361,1.001,0.066
1681203362,0.998,0.062
1681203362,0.997,0.063
1681203362,0.999,0.066
1681203362,1.001,0.058
1681203362,0.996,0.066
1681203362,1.001,0.059
1681203362,1,0.067
1681203362,0.999,0.065
1681203362,1.001,0.062
1681203362,0.998,0.063
1681203362,1,0.068
1681203362,1,0.06
1681203362,0.999,0.06
1681203362,0.998,0.071
1681203362,0.999,0.059
1681203362,1.002,0.068
1681203362,0.998,0.07
1681203362,0.999,0.057
1681203362,0.998,0.065
1681203362,1,0.06
1681203363,0.998,0.06
1681203363,0.996,0.056
1681203363,0.997,0.064
1681203363,0.998,0.06
1681203363,0.997,0.06
1681203363,0.995,0.059
1681203363,0.997,0.071
1681203363,0.999,0.062
1681203363,0.997,0.07
1681203363,0.998,0.064
1681203363,0.998,0.068
1681203363,0.999,0.063
1681203363,0.997,0.057
1681203363,0.997,0.059
1681203363,0.999,0.056
1681203363,0.998,0.06
1681203363,0.998,0.061
1681203363,0.999,0.056
1681203363,0.998,0.055
1681203363,1.001,0.058
1681203364,1.002,0.062
1681203364,0.997,0.062
1681203364,0.998,0.059
1681203364,1.001,0.056
1681203364,0.995,0.062
1681203364,1,0.064
1681203364,0.998,0.043
1681203364,0.999,0.058
1681203364,1,0.078
1681203364,0.997,0.059
1681203364,0.999,0.061
1681203364,0.999,0.062
1681203364,1.002,0.061
1681203364,0.998,0.052
1681203364,0.999,0.061
1681203364,0.999,0.056
1681203364,0.996,0.051
1681203364,1.002,0.063
1681203364,1.001,0.065
1681203364,0.996,0.086
1681203365,0.999,0.066
1681203365,1,0.04
1681203365,1.001,0.074
1681203365,0.999,0.059
1681203365,0.998,0.064
1681203365,0.999,0.064
1681203365,1,0.064
1681203365,0.996,0.058
1681203365,0.996,0.079
1681203365,0.999,0.075
1681203365,0.999,0.086
1681203365,1.001,0.057
1681203365,0.997,0.054
1681203365,0.997,0.071
1681203365,0.997,0.055
1681203365,0.997,0.056
1681203365,0.998,0.055
1681203365,1,0.067
1681203365,0.996,0.072
1681203365,0.997,0.061
1681203366,1.002,0.087
1681203366,0.999,0.074
1681203366,0.999,0.045
1681203366,1,0.111
1681203366,1,0.048
1681203366,1.002,0.057
1681203366,1.002,0.107
1681203366,0.988,0.019
1681203366,0.997,0.054
1681203366,0.998,0.042
1681203366,1,0.081
1681203366,0.997,0.041
1681203366,0.997,0.055
1681203366,0.998,0.057
1681203366,1,0.061
1681203366,0.998,0.06
1681203366,0.998,0.073
1681203366,1,0.087
1681203366,0.998,0.052
1681203366,0.999,0.05
1681203367,0.999,0.061
1681203367,0.998,0
1681203367,1.001,0.1
1681203367,0.999,0.11
1681203367,0.996,0.047
1681203367,0.997,0.049
1681203367,0.998,0.07
1681203367,0.995,0.049
1681203367,1.001,0.107
1681203367,0.995,0.05
1681203367,0.997,0.073
1681203367,0.999,0.065
1681203367,0.996,0.082
1681203367,0.999,0.063
1681203367,0.999,0.008
1681203367,0.997,0.072
1681203367,0.996,0.087
1681203367,1.001,0.09
1681203367,1,0.083
1681203367,0.998,0.063
1681203368,1.001,0.078
1681203368,0.998,0.047
1681203368,0.999,0.052
1681203368,0.998,0.081
1681203368,1.001,0.059
1681203368,0.997,0.052
1681203368,1,0.076
1681203368,0.997,0.026
1681203368,1.003,0.116
1681203368,0.996,0.044
1681203368,0.998,0.046
1681203368,0.998,0.05
1681203368,0.997,0.026
1681203368,0.996,0.044
1681203368,1,0.095
1681203368,1,0.066
1681203368,0.997,0.01
1681203368,0.998,0.021
1681203368,0.998,0.097
1681203368,0.998,0.059
1681203369,0.997,0.04
1681203369,0.998,0.077
1681203369,0.997,0.07
1681203369,0.998,0.086
1681203369,0.998,0.094
1681203369,0.996,0.021
1681203369,0.998,0.036
1681203369,0.997,0.052
1681203369,0.999,0.033
1681203369,0.997,0.105
1681203369,0.999,0.085
1681203369,0.996,0.078
1681203369,0.997,0.069
1681203369,0.998,0.056
1681203369,0.996,0.041
1681203369,1,0.044
1681203369,0.998,0.078
1681203369,1.002,0.072
1681203369,0.998,0.083
1681203369,0.996,0.08
1681203370,0.998,0.08
1681203370,0.999,0.069
1681203370,1,0.077
1681203370,1,0.073
1681203370,1.001,0.049
1681203370,0.998,0.049
1681203370,0.999,0.074
1681203370,0.998,0.058
1681203370,1.001,0.07
1681203370,1.005,-0.062
1681203370,0.998,0.07
1681203370,1,0.093
1681203370,0.999,0.078
1681203370,0.999,0.044
1681203370,0.996,0.065
1681203370,0.996,0.071
1681203370,0.999,0.087
1681203370,0.999,0.08
1681203370,0.997,0.07
1681203370,0.998,0.053
1681203371,1,0.076
1681203371,0.996,0.079
1681203371,1,0.044
1681203371,0.998,0.076
1681203371,0.996,0.038
1681203371,0.997,0.066
1681203371,1.002,0.066
1681203371,1,0.069
1681203371,1,0.06
1681203371,0.997,0.062
1681203371,0.998,0.076
1681203371,0.996,0.055
1681203371,0.997,0.047
1681203371,0.999,0.079
1681203371,0.997,0.055
1681203371,1,0.061
1681203371,0.997,0.062
1681203371,1,0.066
1681203371,0.999,0.05
1681203371,1.001,0.062
1681203372,0.997,0.058
1681203372,1,0.054
1681203372,1.001,0.056
1681203372,0.999,0.066
1681203372,0.997,0.067
1681203372,0.999,0.051
1681203372,1.001,0.063
1681203372,0.997,0.069
1681203372,1,0.055
1681203372,0.996,0.055
1681203372,0.995,0.055
1681203372,0.998,0.057
1681203372,0.995,0.072
1681203372,0.997,0.059
1681203372,0.995,0.061
1681203372,1.001,0.06
1681203372,0.996,0.065
1681203372,0.998,0.062
1681203372,0.998,0.061
1681203372,0.999,0.071
1681203373,0.998,0.06
1681203373,0.998,0.063
1681203373,0.999,0.066
1681203373,0.999,0.062
1681203373,0.995,0.072
1681203373,0.999,0.066
1681203373,0.997,0.053
1681203373,0.999,0.055
1681203373,1,0.067
1681203373,0.996,0.052
1681203373,0.998,0.06
1681203373,0.998,0.051
1681203373,0.998,0.067
1681203373,0.996,0.057
1681203373,0.996,0.065
1681203373,0.997,0.063
1681203373,0.999,0.06
1681203373,1,0.055
1681203373,0.998,0.058
1681203373,0.997,0.058
1681203374,0.997,0.068
1681203374,0.998,0.062
1681203374,0.997,0.061
1681203374,1.002,0.061
1681203374,1.002,0.066
1681203374,0.997,0.058
1681203374,0.997,0.059
1681203374,0.997,0.049
1681203374,0.996,0.057
1681203374,0.995,0.059
1681203374,0.998,0.065
1681203374,0.996,0.06
1681203374,0.998,0.059
1681203374,1,0.062
1681203374,0.995,0.063
1681203374,0.997,0.067
1681203374,0.998,0.063
1681203374,0.997,0.052
1681203374,0.995,0.061
1681203374,0.998,0.061
1681203375,1,0.055
1681203375,0.997,0.067
1681203375,0.996,0.064
1681203375,1,0.067
1681203375,1,0.064
1681203375,1,0.062
1681203375,1.003,0.064
1681203375,0.999,0.056
1681203375,0.993,0.06
1681203375,0.999,0.067
1681203375,1.001,0.061
1681203375,0.998,0.061
1681203375,0.997,0.051
1681203375,1.001,0.069
1681203375,0.998,0.061
1681203375,0.999,0.066
1681203375,0.996,0.065
1681203375,0.997,0.055
1681203375,0.999,0.062
1681203375,1,0.061
1681203376,0.997,0.062
1681203376,1,0.068
1681203376,0.996,0.06
1681203376,0.997,0.064
1681203376,0.999,0.059
1681203376,0.999,0.064
1681203376,0.997,0.06
1681203376,0.998,0.062
1681203376,0.998,0.062
1681203376,0.998,0.064
1681203376,0.999,0.06
1681203376,0.999,0.06
1681203376,0.996,0.055
1681203376,0.996,0.058
1681203376,0.996,0.062
1681203376,0.999,0.067
1681203376,0.998,0.056
1681203376,1.002,0.061
1681203376,0.998,0.065
1681203376,1,0.066
1681203377,0.998,0.056
1681203377,0.994,0.061
1681203377,0.996,0.063
1681203377,0.996,0.069
1681203377,0.998,0.064
1681203377,0.996,0.066
1681203377,0.997,0.062
1681203377,1.001,0.057
1681203377,1.003,0.057
1681203377,1,0.067
1681203377,0.999,0.059
1681203377,1,0.056
1681203377,0.997,0.057
1681203377,0.998,0.065
1681203377,0.997,0.061
1681203377,0.998,0.06
1681203377,0.998,0.064
1681203377,1.001,0.06
1681203377,1,0.061
1681203377,0.998,0.065
1681203378,0.999,0.072
1681203378,0.997,0.06
1681203378,1.002,0.062
1681203378,0.995,0.056
1681203378,0.997,0.066
1681203378,1,0.054
1681203378,0.997,0.055
1681203378,1.001,0.059
1681203378,1,0.064
1681203378,0.998,0.062
1681203378,0.996,0.062
1681203378,0.999,0.061
1681203378,0.998,0.065
1681203378,0.998,0.063
1681203378,1,0.07
1681203378,0.999,0.065
1681203378,0.999,0.063
1681203378,0.998,0.064
1681203378,0.999,0.062
1681203378,0.998,0.063
1681203379,0.998,0.06
1681203379,0.998,0.063
1681203379,0.999,0.056
1681203379,1,0.055
1681203379,0.998,0.071
1681203379,0.999,0.059
1681203379,1.003,0.071
1681203379,1.003,0.058
1681203379,0.999,0.051
1681203379,0.998,0.064
1681203379,0.999,0.062
1681203379,0.996,0.064
1681203379,0.999,0.062
1681203379,0.997,0.07
1681203379,0.997,0.05
1681203379,0.996,0.059
1681203379,0.999,0.059
1681203379,0.998,0.058
1681203379,0.996,0.062
1681203379,0.997,0.068
1681203380,0.996,0.056
1681203380,0.998,0.067
1681203380,0.999,0.057
1681203380,0.999,0.067
1681203380,0.999,0.06
1681203380,0.996,0.065
1681203380,1.002,0.07
1681203380,0.998,0.058
1681203380,0.998,0.063
1681203380,1.001,0.061
1681203380,1.001,0.058
1681203380,1.001,0.059
1681203380,0.997,0.062
1681203380,0.998,0.059
1681203380,1,0.06
1681203380,1,0.068
1681203380,0.999,0.063
1681203380,0.999,0.072
1681203380,0.999,0.07
1681203380,1,0.059
1681203381,0.999,0.071
1681203381,1.001,0.07
1681203381,1,0.062
1681203381,1.002,0.064
1681203381,1.002,0.059
1681203381,1,0.052
1681203381,0.999,0.067
1681203381,1,0.064
1681203381,0.998,0.065
1681203381,0.998,0.068
1681203381,0.997,0.067
1681203381,0.998,0.061
1681203381,0.996,0.058
1681203381,0.998,0.07
1681203381,0.999,0.054
1681203381,0.999,0.063
1681203381,0.998,0.062
1681203381,1,0.064
1681203381,0.998,0.067
1681203381,1.002,0.064
1681203382,0.999,0.058
1681203382,1.002,0.064
1681203382,1.001,0.064
1681203382,1,0.066
1681203382,0.996,0.064
1681203382,0.998,0.058
1681203382,0.999,0.065
1681203382,0.999,0.06
1681203382,0.999,0.066
1681203382,0.999,0.06
1681203382,1,0.067
1681203382,1,0.053
1681203382,1.001,0.058
1681203382,0.998,0.053
1681203382,1,0.052
1681203382,1,0.06
1681203382,0.999,0.061
1681203382,0.996,0.058
1681203382,1.001,0.061
1681203382,1.003,0.071
1681203383,1.003,0.059
1681203383,1,0.052
1681203383,1,0.068
1681203383,1.002,0.043
1681203383,1.003,0.067
1681203383,1.005,0.045
1681203383,0.996,0.044
1681203383,0.999,0.06
1681203383,1.003,0.058
1681203383,0.998,0.037
1681203383,0.999,0.064
1681203383,1.001,0.071
1681203383,1.003,0.07
1681203383,1,0.044
1681203383,1.001,0.066
1681203383,0.997,0.057
1681203383,0.998,0.037
1681203383,1.001,0.062
1681203383,1.003,0.053
1681203383,1.002,0.03
1681203384,0.998,0.033
1681203384,1,0.052
1681203384,0.999,0.045
1681203384,0.999,0.071
1681203384,0.998,0.063
1681203384,0.996,0.051
1681203384,1,0.091
1681203384,1.001,0.075
1681203384,0.998,0.068
1681203384,1.001,0.054
1681203384,0.999,0.082
1681203384,0.999,0.079
1681203384,0.998,0.065
1681203384,0.998,0.056
1681203384,1.001,0.071
1681203384,1,0.09
1681203384,1,0.061
1681203384,0.997,0.048
1681203384,1,0.077
1681203384,1,0.077
1681203385,1,0.044
1681203385,1,0.073
1681203385,0.998,0.047
1681203385,0.996,0.059
1681203385,1,0.04
1681203385,0.999,0.057
1681203385,1.004,0.125
1681203385,1.003,0.081
1681203385,0.999,0.062
1681203385,0.997,0.071
1681203385,0.998,0.031
1681203385,1.003,0.061
1681203385,1.002,0.067
1681203385,0.998,0.075
1681203385,0.999,0.05
1681203385,0.998,0.016
1681203385,1,0.036
1681203385,0.998,0.057
1681203385,1,0.079
1681203385,1,0.079
1681203386,0.998,0.031
1681203386,1,0.049
1681203386,1,0.096
1681203386,0.998,0.028
1681203386,1,0.078
1681203386,0.999,0.073
1681203386,0.995,0.068
1681203386,1.002,0.076
1681203386,1.001,0.064
1681203386,0.998,0.045
1681203386,1.001,0.048
1681203386,1,0.071
1681203386,1.005,0.087
1681203386,1.002,0.109
1681203386,1,0.075
1681203386,0.998,0.056
1681203386,0.998,0.066
1681203386,0.999,0.072
1681203386,0.997,0.088
1681203386,0.999,0.071
1681203387,0.999,0.108
1681203387,0.997,0.067
1681203387,1.003,0.08
1681203387,0.999,0.053
1681203387,0.998,0.059
1681203387,1,0.122
1681203387,0.997,0.012
1681203387,1.022,0.042
1681203387,0.999,0.028
1681203387,1.005,0.065
1681203387,0.997,-0.003
1681203387,1,0.058
1681203387,1.003,0.075
1681203387,1.001,0.056
1681203387,1.002,0.037
1681203387,1.002,0.067
1681203387,1,0.095
1681203387,0.998,0.056
1681203387,0.998,0.049
1681203387,1.001,0.08
1681203388,0.995,0.031
1681203388,1,0.042
1681203388,0.997,0.052
1681203388,0.998,0.071
1681203388,1,0.045
1681203388,0.998,0.047
1681203388,0.998,0.054
1681203388,0.999,0.066
1681203388,1,0.082
1681203388,0.998,0.068
1681203388,0.998,0.076
1681203388,0.999,0.053
1681203388,0.998,0.049
1681203388,0.996,0.032
1681203388,1.001,0.076
1681203388,1.002,0.079
1681203388,1,0.047
1681203388,1,0.049
1681203388,0.997,0.049
1681203388,1.001,0.053
1681203389,1,0.082
1681203389,1.848,0.046
1681203389,2.429,0.069
1681203389,2.432,0.041
1681203389,2.433,0.09
1681203389,2.424,0.045
1681203389,2.429,0.054
1681203389,2.427,0.044
1681203389,2.43,0.037
1681203389,2.429,0.059
1681203389,2.433,0.042
1681203389,2.43,0.045
1681203389,2.432,0.039
1681203389,2.428,0.06
1681203389,2.431,0.044
1681203389,2.401,0.077
1681203389,0.997,0.03
1681203389,0.997,0.028
1681203389,0.997,0.053
1681203389,0.998,0.064
1681203390,0.995,0.078
1681203390,0.994,6.796
1681203390,1,8.085
1681203390,1,8.097
1681203390,0.996,8.093
1681203390,0.997,8.058
1681203390,0.997,8.068
1681203390,0.996,8.095
1681203390,0.993,8.111
1681203390,0.998,8.09
1681203390,0.997,8.129
1681203390,1.003,8.118
1681203390,0.997,8.125
1681203390,0.997,6.809
1681203390,1,0.062
1681203390,0.998,0.061
1681203390,0.997,0.048
1681203390,0.996,0.063
1681203390,1.001,0.061
1681203390,1,0.066
1681203391,1.001,0.06
1681203391,1.001,0.06
1681203391,1,0.063
1681203391,1.002,0.058
1681203391,0.999,0.059
1681203391,0.997,0.068
1681203391,0.998,0.065
1681203391,0.999,0.058
1681203391,0.998,0.067
1681203391,0.997,0.057
1681203391,0.999,0.058
1681203391,0.999,0.062
1681203391,0.999,0.057
1681203391,0.993,0.06
1681203391,0.999,0.057
1681203391,0.998,0.066
1681203391,0.997,0.068
1681203391,0.999,0.062
1681203391,0.997,0.057
1681203391,0.999,0.06
1681203392,0.996,0.055
1681203392,1.002,0.066
1681203392,1,0.061
1681203392,0.996,0.062
1681203392,1,0.059
1681203392,0.996,0.07
1681203392,0.997,0.073
1681203392,0.999,0.06
1681203392,1.001,0.064
1681203392,1.001,0.066
1681203392,0.996,0.07
1681203392,0.997,0.056
1681203392,1,0.071
1681203392,1.002,0.065
1681203392,1,0.059
1681203392,1,0.057
1681203392,0.999,0.059
1681203392,0.999,0.061
1681203392,0.999,0.056
1681203392,1,0.065
1681203393,0.998,0.058
1681203393,0.999,0.061
1681203393,1.002,0.065
1681203393,0.998,0.064
1681203393,0.996,0.069
1681203393,0.996,0.066
1681203393,0.999,0.069
1681203393,1,0.058
1681203393,0.999,0.074
1681203393,0.999,0.066
1681203393,0.994,0.064
1681203393,0.999,0.063
1681203393,1,0.068
1681203393,0.997,0.055
1681203393,0.999,0.06
1681203393,1.002,0.061
1681203393,0.999,0.065
1681203393,0.995,0.069
1681203393,1,0.061
1681203393,0.998,0.062
1681203394,0.999,0.065
1681203394,0.999,0.062
1681203394,1,0.058
1681203394,0.999,0.064
1681203394,1.003,0.059
1681203394,1,0.073
1681203394,1,0.066
1681203394,0.997,0.063
1681203394,1.002,0.067
1681203394,1.001,0.062
1681203394,1,0.052
1681203394,0.999,0.066
1681203394,1.001,0.05
1681203394,0.998,0.066
1681203394,0.995,0.06
1681203394,0.997,0.061
1681203394,0.997,0.067
1681203394,0.998,0.068
1681203394,0.999,0.06
1681203394,1.001,0.059
1681203395,0.999,0.066
1681203395,1,0.063
1681203395,0.998,0.071
1681203395,0.996,0.054
1681203395,0.998,0.072
1681203395,1,0.063
1681203395,0.999,0.054
1681203395,0.999,0.064
1681203395,1.001,0.085
1681203395,0.998,0.045
1681203395,0.998,0.072
1681203395,0.997,0.05
1681203395,1,0.076
1681203395,1,0.055
1681203395,1.002,0.065
1681203395,0.997,0.068
1681203395,0.997,0.064
1681203395,1.001,0.066
1681203395,1.001,0.061
1681203395,1,0.068
1681203396,1.002,0.056
1681203396,0.997,0.068
1681203396,1.001,0.054
1681203396,1.001,0.062
1681203396,0.999,0.061
1681203396,0.996,0.06
1681203396,1.002,0.067
1681203396,0.998,0.051
1681203396,0.999,0.055
1681203396,0.999,0.062
1681203396,1,0.066
1681203396,1,0.057
1681203396,0.998,0.059
1681203396,1,0.062
1681203396,0.999,0.063
1681203396,0.997,0.06
1681203396,1.001,0.069
1681203396,1.002,0.066
1681203396,0.997,0.07
1681203396,0.999,0.072
1681203397,1,0.071
1681203397,0.998,0.054
1681203397,1.001,0.06
1681203397,0.997,0.055
1681203397,0.997,0.057
1681203397,0.999,0.06
1681203397,0.998,0.065
1681203397,0.998,0.061
1681203397,0.998,0.062
1681203397,1.002,0.063
1681203397,0.998,0.063
1681203397,0.998,0.062
1681203397,0.998,0.064
1681203397,1,0.063
1681203397,1,0.063
1681203397,0.997,0.061
1681203397,1.001,0.068
1681203397,0.998,0.061
1681203397,0.999,0.063
1681203397,0.997,0.062
1681203398,0.999,0.06
1681203398,0.999,0.055
1681203398,0.999,0.056
1681203398,0.999,0.065
1681203398,0.999,0.062
1681203398,0.998,0.065
1681203398,0.998,0.061
1681203398,0.997,0.035
1681203398,0.999,0.049
1681203398,1,0.062
1681203398,0.999,0.071
1681203398,0.998,0.058
1681203398,0.999,0.064
1681203398,1.001,0.067
1681203398,1.001,0.063
1681203398,0.997,0.06
1681203398,0.999,0.062
1681203398,1.002,0.059
1681203398,0.996,0.071
1681203398,1.004,0.06
1681203399,0.998,0.066
1681203399,0.996,0.064
1681203399,1,0.06
1681203399,1,0.072
1681203399,1.001,0.055
1681203399,0.998,0.06
1681203399,1,0.068
1681203399,1,0.068
1681203399,1,0.059
1681203399,1.001,0.068
1681203399,0.999,0.052
1681203399,1.001,0.065
1681203399,0.997,0.069
1681203399,0.998,0.06
1681203399,0.999,0.064
1681203399,0.994,0.063
1681203399,0.996,0.059
1681203399,1,0.064
1681203399,0.999,0.052
1681203399,0.998,0.063
1681203400,0.998,0.058
1681203400,1.001,0.062
1681203400,1.001,0.068
1681203400,0.996,0.065
1681203400,0.998,0.064
1681203400,0.999,0.057
1681203400,0.999,0.052
1681203400,1,0.066
1681203400,0.995,0.066
1681203400,0.998,0.067
1681203400,0.999,0.058
1681203400,0.997,0.063
1681203400,1.002,0.055
1681203400,0.999,0.064
1681203400,1.002,0.061
1681203400,1.002,0.064
1681203400,1.001,0.063
1681203400,1.001,0.069
1681203400,1,0.054
1681203400,0.998,0.063
1681203401,0.997,0.059
1681203401,1.001,0.065
1681203401,1.001,0.054
1681203401,0.997,0.056
1681203401,1.002,0.065
1681203401,0.999,0.067
1681203401,1,0.049
1681203401,0.998,0.045
1681203401,1,0.063
1681203401,0.997,0.065
1681203401,1,0.078
1681203401,0.998,0.071
1681203401,1.003,0.066
1681203401,1.001,0.068
1681203401,0.997,0.076
1681203401,0.999,0.058
1681203401,1,0.065
1681203401,1,0.053
1681203401,1,0.079
1681203401,0.997,0.06
1681203402,0.999,0.066
1681203402,0.999,0.074
1681203402,1.003,0.064
1681203402,1,0.057
1681203402,0.999,0.087
1681203402,1,0.047
1681203402,1,0.067
1681203402,0.997,0.063
1681203402,1.001,0.076
1681203402,0.987,0.064
1681203402,0.997,0.066
1681203402,0.996,0.057
1681203402,1.002,0.08
1681203402,0.997,0.086
1681203402,0.997,0.059
1681203402,1,0.11
1681203402,0.996,0.079
1681203402,0.998,0.019
1681203402,0.997,0.058
1681203402,0.998,0.06
1681203403,0.997,0.074
1681203403,0.997,0.082
1681203403,0.997,0.045
1681203403,0.999,0.064
1681203403,0.996,0.068
1681203403,0.994,0.043
1681203403,0.999,0.03
1681203403,0.998,0.045
1681203403,0.999,0.061
1681203403,0.997,0.041
1681203403,0.999,0.051
1681203403,0.998,0.057
1681203403,0.998,0.048
1681203403,0.997,0.058
1681203403,0.996,0.028
1681203403,0.998,0.046
1681203403,0.997,0.04
1681203403,0.998,0.09
1681203403,1.001,0.112
1681203403,0.997,0.011
1681203404,1.001,0.083
1681203404,0.999,0.069
1681203404,1.001,0.048
1681203404,1.002,0.114
1681203404,1,0.071
1681203404,0.997,0.037
1681203404,1.003,0.104
1681203404,1.001,0.069
1681203404,0.999,0.059
1681203404,0.995,0.081
1681203404,0.986,-0.16
1681203404,1,0.086
1681203404,1.001,0.075
1681203404,0.998,0.035
1681203404,0.998,0.077
1681203404,1.002,0.103
1681203404,1.002,0.06
1681203404,0.996,0.054
1681203404,1,0.008
1681203404,1.001,0.045
1681203405,1,0.079
1681203405,1.001,0.076
1681203405,0.999,0.073
1681203405,0.998,0.053
1681203405,1.004,0.118
1681203405,0.996,-0.03
1681203405,1,0.056
1681203405,0.999,0.09
1681203405,1,0.055
1681203405,0.998,0.01
1681203405,0.999,0.075
1681203405,0.998,0.049
1681203405,1.003,0.095
1681203405,0.998,0.005
1681203405,0.999,0.058
1681203405,0.999,0.017
1681203405,0.999,0.09
1681203405,1,0.04
1681203405,0.998,0.001
1681203405,0.997,0.05
1681203406,0.998,0.037
1681203406,0.994,0.046
1681203406,1,0.091
1681203406,0.999,0.062
1681203406,0.999,0.077
1681203406,0.999,0.044
1681203406,0.997,0.044
1681203406,1,0.064
1681203406,0.998,0.031
1681203406,0.997,0.066
1681203406,0.995,-0.004
1681203406,1,0.102
1681203406,0.999,0.058
1681203406,1,0.06
1681203406,0.998,0.024
1681203406,0.999,0.062
1681203406,0.999,0.07
1681203406,1.001,0.09
1681203406,1.001,0.077
1681203406,0.999,0.06
1681203407,1,0.054
1681203407,0.999,0.054
1681203407,0.999,0.052
1681203407,0.997,0.059
1681203407,1.001,0.069
1681203407,0.999,0.066
1681203407,0.999,0.046
1681203407,0.999,0.083
1681203407,0.998,0.056
1681203407,0.999,0.049
1681203407,1.001,0.073
1681203407,1.002,0.07
1681203407,0.999,0.01
1681203407,1.001,0.055
1681203407,0.997,0.043
1681203407,1.002,0.082
1681203407,1.001,0.049
1681203407,0.998,0.057
1681203407,0.999,0.069
1681203407,1.001,0.066
1681203408,0.998,0.069
1681203408,0.999,0.051
1681203408,0.999,0.047
1681203408,0.999,0.07
1681203408,1,0.074
1681203408,1,0.054
1681203408,1.002,0.06
1681203408,0.998,0.079
1681203408,0.998,0.054
1681203408,1.001,0.056
1681203408,1.803,0.075
1681203408,2.433,0.061
1681203408,2.431,0.053
1681203408,2.433,0.057
1681203408,2.433,0.063
1681203408,2.431,0.059
1681203408,2.429,0.06
1681203408,2.432,0.052
1681203408,2.432,0.06
1681203408,2.437,0.063
1681203409,2.431,0.06
1681203409,2.432,0.06
1681203409,1.632,0.064
1681203409,1,0.061
1681203409,1.001,0.066
1681203409,0.996,0.058
1681203409,0.997,0.061
1681203409,1.001,0.071
1681203409,0.999,0.067
1681203409,0.997,2.076
1681203409,1.402,7.93
1681203409,2.43,7.965
1681203409,2.427,7.973
1681203409,2.429,7.956
1681203409,2.429,7.958
1681203409,2.431,7.994
1681203409,2.433,7.984
1681203409,2.427,7.978
1681203409,2.428,8.016
1681203409,2.428,6.686
1681203410,2.429,0.063
1681203410,2.429,0.058
1681203410,2.429,0.065
1681203410,2.429,0.065
1681203410,1.14,0.053
1681203410,1.001,0.068
1681203410,1,0.062
1681203410,0.999,0.054
1681203410,0.998,0.058
1681203410,1.001,0.062
1681203410,0.996,7.611
1681203410,0.994,8.124
1681203410,0.997,8.134
1681203410,0.999,8.137
1681203410,1,8.131
1681203410,1,8.123
1681203410,1,8.036
1681203410,1.001,8.125
1681203410,0.998,8.118
1681203410,1.001,8.063
1681203411,1.001,8.051
1681203411,1,4.228
1681203411,0.996,0.06
1681203411,0.999,0.066
1681203411,0.999,0.056
1681203411,1.002,0.063
1681203411,0.998,0.065
1681203411,0.999,0.055
1681203411,0.998,0.062
1681203411,0.999,0.067
1681203411,0.997,0.059
1681203411,0.998,0.062
1681203411,0.998,0.062
1681203411,0.999,0.06
1681203411,0.998,0.065
1681203411,1.002,0.067
1681203411,0.996,0.058
1681203411,0.998,0.059
1681203411,0.997,0.057
1681203411,1.001,0.055
1681203412,0.996,0.063
1681203412,0.998,0.062
1681203412,0.997,0.072
1681203412,1.004,0.062
1681203412,0.997,0.058
1681203412,0.999,0.064
1681203412,0.997,0.063
1681203412,1,0.065
1681203412,0.995,0.061
1681203412,1.002,0.062
1681203412,0.997,0.064
1681203412,1.001,0.062
1681203412,0.998,0.064
1681203412,1.002,0.064
1681203412,0.998,0.068
1681203412,1.003,0.054
1681203412,0.999,0.07
1681203412,1.003,0.061
1681203412,0.999,0.06
1681203412,1.002,0.066
1681203413,0.997,0.06
1681203413,0.998,0.066
1681203413,0.998,0.069
1681203413,0.998,0.072
1681203413,1,0.063
1681203413,0.998,0.067
1681203413,0.997,0.066
1681203413,0.998,0.062
1681203413,0.996,0.064
1681203413,0.993,0.052
1681203413,0.998,0.062
1681203413,1,0.063
1681203413,0.999,0.062
1681203413,0.995,0.066
1681203413,0.998,0.064
1681203413,0.997,0.061
1681203413,0.998,0.052
1681203413,0.999,0.058
1681203413,0.998,0.069
1681203413,0.999,0.057
1681203414,0.998,0.052
1681203414,1,0.057
1681203414,0.998,0.068
1681203414,1.001,0.056
1681203414,0.994,0.057
1681203414,0.999,0.063
1681203414,1,0.06
1681203414,0.998,0.065
1681203414,0.998,0.065
1681203414,1,0.061
1681203414,0.998,0.055
1681203414,1.001,0.063
1681203414,0.996,0.064
1681203414,1.003,0.065
1681203414,1,0.06
1681203414,1.003,0.067
1681203414,1.002,0.059
1681203414,1.002,0.061
1681203414,0.997,0.056
1681203414,0.997,0.064
1681203415,0.997,0.058
1681203415,0.996,0.061
1681203415,1.002,0.059
1681203415,0.997,0.067
1681203415,1.003,0.062
1681203415,0.991,0.04
1681203415,1,0.062
1681203415,1.001,0.059
1681203415,0.999,0.064
1681203415,0.996,0.07
1681203415,1.002,0.054
1681203415,1,0.057
1681203415,1.001,0.057
1681203415,0.999,0.071
1681203415,0.999,0.064
1681203415,0.997,0.059
1681203415,0.996,0.063
1681203415,1.001,0.058
1681203415,1.002,0.062
1681203415,0.999,0.053
1681203416,0.999,0.068
1681203416,0.997,0.063
1681203416,0.997,0.064
1681203416,0.997,0.065
1681203416,0.998,0.066
1681203416,1,0.066
1681203416,0.998,0.066
1681203416,1.001,0.067
1681203416,1.001,0.063
1681203416,0.999,0.066
1681203416,0.998,0.06
1681203416,0.998,0.066
1681203416,1,0.061
1681203416,0.995,0.065
1681203416,1,0.053
1681203416,0.999,0.06
1681203416,0.999,0.058
1681203416,0.998,0.062
1681203416,0.995,0.068
1681203416,0.997,0.069
1681203417,1,0.061
1681203417,0.994,0.062
1681203417,0.997,0.06
1681203417,0.997,0.063
1681203417,1,0.064
1681203417,0.997,0.055
1681203417,0.993,0.035
1681203417,1,0.069
1681203417,0.997,0.066
1681203417,0.995,0.064
1681203417,0.999,0.059
1681203417,0.996,0.069
1681203417,0.998,0.064
1681203417,1,0.058
1681203417,1.003,0.061
1681203417,0.997,0.066
1681203417,0.997,0.056
1681203417,0.997,0.066
1681203417,0.998,0.049
1681203417,1.001,0.068
1681203418,0.999,0.061
1681203418,0.997,0.064
1681203418,0.998,0.06
1681203418,1,0.067
1681203418,0.997,0.065
1681203418,1,0.063
1681203418,1.005,0.062
1681203418,0.998,0.062
1681203418,0.996,0.062
1681203418,0.998,0.063
1681203418,1.001,0.058
1681203418,0.998,0.062
1681203418,0.998,0.064
1681203418,0.997,0.062
1681203418,0.997,0.058
1681203418,0.997,0.059
1681203418,1,0.061
1681203418,1,0.066
1681203418,1.001,0.066
1681203418,0.998,0.071
1681203419,0.995,0.07
1681203419,0.998,0.06
1681203419,0.996,0.054
1681203419,1.002,0.061
1681203419,0.998,0.058
1681203419,0.995,0.056
1681203419,0.998,0.063
1681203419,1.027,0.098
1681203419,1,0.059
1681203419,0.999,0.057
1681203419,0.997,0.067
1681203419,0.997,0.066
1681203419,0.995,0.059
1681203419,0.997,0.059
1681203419,0.998,0.073
1681203419,0.999,0.071
1681203419,0.996,0.053
1681203419,0.998,0.065
1681203419,0.998,0.084
1681203419,0.998,0.065
1681203420,0.999,0.037
1681203420,0.999,0.047
1681203420,1,0.06
1681203420,1,0.065
1681203420,0.999,0.048
1681203420,0.998,0.079
1681203420,0.998,0.048
1681203420,1.001,0.09
1681203420,0.997,0.043
1681203420,0.996,0.048
1681203420,1,0.083
1681203420,0.999,0.045
1681203420,0.998,0.077
1681203420,0.999,0.042
1681203420,0.998,0.06
1681203420,1.001,0.079
1681203420,1.001,0.076
1681203420,0.997,0.058
1681203420,1,0.036
1681203420,0.999,0.1
1681203421,1,0.075
1681203421,0.997,0.066
1681203421,0.999,0.043
1681203421,1.003,0.064
1681203421,1,0.094
1681203421,0.998,0.042
1681203421,1.001,0.066
1681203421,0.999,0.097
1681203421,0.999,0.098
1681203421,0.998,0.075
1681203421,1.002,0.081
1681203421,1,0.063
1681203421,1,0.105
1681203421,0.995,0.076
1681203421,1.003,0.066
1681203421,0.996,0.062
1681203421,0.999,0.038
1681203421,0.999,0.036
1681203421,1.001,0.051
1681203421,1.002,0.066
1681203422,1,0.06
1681203422,0.998,0.03
1681203422,0.996,0.017
1681203422,1,0.091
1681203422,1,0.031
1681203422,1.002,0.083
1681203422,0.998,0.048
1681203422,1,0.047
1681203422,0.998,0.039
1681203422,1.001,0.094
1681203422,1,0.116
1681203422,0.999,0.061
1681203422,0.999,0.025
1681203422,0.999,0.085
1681203422,0.997,0.085
1681203422,1.001,0.074
1681203422,0.996,0.035
1681203422,0.996,0.089
1681203422,0.997,0.048
1681203422,0.997,0.072
1681203423,0.995,0.006
1681203423,0.996,0.021
1681203423,1,0.045
1681203423,1.003,0.109
1681203423,1,0.055
1681203423,1,0.058
1681203423,0.998,0.062
1681203423,1,0.047
1681203423,0.996,0.043
1681203423,1.003,0.088
1681203423,0.997,0.033
1681203423,1,0.064
1681203423,0.997,0.047
1681203423,0.997,0.042
1681203423,1.002,0.08
1681203423,1.003,0.119
1681203423,1.001,0.046
1681203423,1.001,0.064
1681203423,0.997,0.043
1681203423,0.997,0.042
1681203424,0.999,0.088
1681203424,0.999,0.041
1681203424,0.998,0.071
1681203424,0.998,0.058
1681203424,0.999,0.032
1681203424,0.997,0.025
1681203424,1.001,0.074
1681203424,0.994,-0.026
1681203424,1,0.049
1681203424,0.998,0.033
1681203424,0.999,0.07
1681203424,1.002,0.054
1681203424,0.996,0.07
1681203424,1.002,0.114
1681203424,1.001,0.084
1681203424,0.996,0.052
1681203424,0.998,0.053
1681203424,0.995,0.044
1681203424,0.996,0.074
1681203424,0.999,0.088
1681203425,0.996,0.018
1681203425,0.998,0.059
1681203425,0.997,0.061
1681203425,0.998,0.033
1681203425,1.001,0.045
1681203425,0.997,0.056
1681203425,0.999,0.08
1681203425,0.997,0.082
1681203425,0.997,0.069
1681203425,0.997,0.115
1681203425,0.995,0.013
1681203425,1.001,0.102
1681203425,0.996,0.055
1681203425,1.001,0.065
1681203425,1,0.072
1681203425,0.999,0.047
1681203425,0.995,0.048
1681203425,1.002,0.057
1681203425,0.999,0.088
1681203425,0.997,0.032
1681203426,0.998,0.075
1681203426,0.998,0.044
1681203426,0.999,0.059
1681203426,0.998,0.066
1681203426,1.001,0.042
1681203426,0.998,0.061
1681203426,0.997,0.046
1681203426,0.994,0.071
1681203426,0.996,0.065
1681203426,0.997,0.064
1681203426,1,0.051
1681203426,0.999,0.046
1681203426,0.999,0.056
1681203426,1.001,0.057
1681203426,0.998,0.068
1681203426,0.997,0.07
1681203426,0.996,0.062
1681203426,0.997,0.066
1681203426,0.998,0.064
1681203426,0.995,0.059
1681203427,0.996,0.064
1681203427,0.994,0.053
1681203427,0.997,0.059
1681203427,0.998,0.062
1681203427,0.998,0.061
1681203427,0.996,0.063
1681203427,0.997,0.062
1681203427,0.997,0.061
1681203427,0.998,0.06
1681203427,0.999,0.07
1681203427,0.999,0.068
1681203427,1,0.069
1681203427,0.997,0.06
1681203427,0.998,0.06
1681203427,0.998,0.066
1681203427,0.999,0.062
1681203427,0.998,0.061
1681203427,0.997,0.057
1681203427,0.998,0.068
1681203427,0.996,0.065
1681203428,1.001,0.06
1681203428,0.997,0.064
1681203428,0.994,0.065
1681203428,0.997,0.055
1681203428,0.998,0.06
1681203428,1,0.057
1681203428,0.997,0.07
1681203428,0.998,0.068
1681203428,1,0.061
1681203428,0.997,0.061
1681203428,0.998,0.065
1681203428,0.999,0.064
1681203428,0.995,0.057
1681203428,1,0.062
1681203428,1.001,0.063
1681203428,0.999,0.063
1681203428,0.995,0.071
1681203428,0.997,0.054
1681203428,0.995,0.06
1681203428,1.001,0.058
1681203429,0.997,0.058
1681203429,0.998,0.063
1681203429,0.998,0.054
1681203429,0.999,0.06
1681203429,0.997,0.058
1681203429,0.995,0.067
1681203429,0.995,0.062
1681203429,0.997,0.057
1681203429,0.996,0.059
1681203429,0.996,0.06
1681203429,0.997,0.067
1681203429,0.998,0.067
1681203429,0.996,0.057
1681203429,1,0.065
1681203429,0.998,0.062
1681203429,0.998,0.05
1681203429,0.996,0.061
1681203429,0.999,0.049
1681203429,0.998,0.057
1681203429,0.996,0.054
1681203430,0.996,0.061
1681203430,0.997,0.062
1681203430,0.997,0.06
1681203430,0.996,0.061
1681203430,0.997,0.06
1681203430,0.999,0.063
1681203430,1.001,0.066
1681203430,0.996,0.07
1681203430,0.998,0.063
1681203430,0.998,0.062
1681203430,0.994,0.059
1681203430,0.994,0.053
1681203430,0.996,0.052
1681203430,1,0.066
1681203430,1.001,0.067
1681203430,0.996,0.061
1681203430,0.998,0.063
1681203430,0.998,0.057
1681203430,0.999,0.064
1681203430,0.996,0.069
1681203431,0.997,0.061
1681203431,0.994,0.065
1681203431,1,0.058
1681203431,0.998,0.058
1681203431,0.997,0.07
1681203431,0.997,0.059
1681203431,0.998,0.063
1681203431,1.003,0.065
1681203431,1,0.064
1681203431,0.998,0.056
1681203431,0.999,0.069
1681203431,1,0.062
1681203431,0.996,0.06
1681203431,1,0.06
1681203431,0.998,0.056
1681203431,0.997,0.061
1681203431,0.997,0.061
1681203431,0.999,0.057
1681203431,1.002,0.064
1681203431,0.999,0.068
1681203432,0.997,0.066
1681203432,0.998,0.07
1681203432,0.999,0.058
1681203432,0.999,0.053
1681203432,0.997,0.096
1681203432,0.997,0.04
1681203432,1.001,0.068
1681203432,1,0.058
1681203432,0.995,-0.027
1681203432,0.999,0.06
1681203432,0.999,0.066
1681203432,1,0.07
1681203432,0.996,0.054
1681203432,0.996,0.062
1681203432,1,0.067
1681203432,0.998,0.069
1681203432,0.998,0.058
1681203432,0.999,0.069
1681203432,0.997,0.07
1681203432,0.997,0.06
1681203433,1.001,0.065
1681203433,0.999,0.058
1681203433,0.995,0.066
1681203433,0.999,0.063
1681203433,0.999,0.057
1681203433,0.997,0.066
1681203433,0.998,0.072
1681203433,0.998,0.056
1681203433,0.999,0.064
1681203433,0.997,0.068
1681203433,0.999,0.062
1681203433,0.999,0.068
1681203433,0.998,0.063
1681203433,1.003,0.059
1681203433,0.997,0.062
1681203433,0.999,0.062
1681203433,0.995,0.061
1681203433,1,0.055
1681203433,0.997,0.054
1681203433,0.999,0.062
1681203434,0.997,0.06
1681203434,0.999,0.06
1681203434,1.002,0.064
1681203434,0.999,0.06
1681203434,0.998,0.053
1681203434,0.996,0.061
1681203434,0.995,0.066
1681203434,0.998,0.062
1681203434,0.999,0.064
1681203434,0.998,0.063
1681203434,0.997,0.062
1681203434,1.002,0.067
1681203434,0.997,0.06
1681203434,0.997,0.061
1681203434,1.001,0.062
1681203434,0.997,0.059
1681203434,0.999,0.067
1681203434,0.999,0.058
1681203434,1,0.057
1681203434,0.997,0.062
1681203435,0.999,0.07
1681203435,1.001,0.071
1681203435,1.001,0.064
1681203435,1.001,0.06
1681203435,0.998,0.065
1681203435,0.999,0.061
1681203435,1,0.056
1681203435,0.997,0.063
1681203435,0.999,0.06
1681203435,0.997,0.058
1681203435,1,0.065
1681203435,0.997,0.067
1681203435,0.998,0.06
1681203435,0.999,0.06
1681203435,0.999,0.063
1681203435,0.997,0.055
1681203435,0.999,0.057
1681203435,0.998,0.066
1681203435,0.998,0.066
1681203435,0.996,0.065
1681203436,0.998,0.054
1681203436,1,0.056
1681203436,0.997,0.064
1681203436,0.996,0.063
1681203436,0.999,0.062
1681203436,0.996,0.058
1681203436,0.999,0.052
1681203436,0.998,0.058
1681203436,1,0.065
1681203436,1.003,0.066
1681203436,1,0.064
1681203436,0.997,0.063
1681203436,0.998,0.065
1681203436,0.999,0.059
1681203436,1.003,0.057
1681203436,0.994,0.065
1681203436,0.998,0.061
1681203436,0.997,0.067
1681203436,0.998,0.063
1681203436,0.999,0.067
1681203437,0.997,0.063
1681203437,0.995,0.062
1681203437,0.997,0.059
1681203437,1.002,0.058
1681203437,0.997,0.057
1681203437,0.999,0.065
1681203437,1.002,0.062
1681203437,0.999,0.06
1681203437,0.999,0.065
1681203437,0.997,0.058
1681203437,0.999,0.074
1681203437,0.996,0.061
1681203437,0.997,0.063
1681203437,0.999,0.062
1681203437,0.998,0.06
1681203437,0.997,0.064
1681203437,0.996,0.07
1681203437,0.997,0.055
1681203437,0.995,0.053
1681203437,0.998,0.056
1681203438,0.999,0.073
1681203438,0.999,0.065
1681203438,0.998,0.061
1681203438,0.999,0.061
1681203438,1,0.055
1681203438,0.996,0.056
1681203438,0.997,0.079
1681203438,0.998,0.038
1681203438,0.998,0.056
1681203438,0.997,0.068
1681203438,0.996,0.061
1681203438,0.997,0.065
1681203438,1,0.055
1681203438,0.997,0.068
1681203438,0.999,0.065
1681203438,0.997,0.026
1681203438,0.995,0.058
1681203438,0.999,0.059
1681203438,0.998,0.086
1681203438,0.997,0.081
1681203439,0.998,0.062
1681203439,0.999,0.085
1681203439,0.993,0.026
1681203439,0.997,0.052
1681203439,0.996,0.048
1681203439,1.002,0.081
1681203439,0.994,0.06
1681203439,0.996,0.019
1681203439,0.994,0.045
1681203439,0.996,0.007
1681203439,0.999,0.065
1681203439,0.998,0.044
1681203439,0.996,0.067
1681203439,0.997,0.028
1681203439,1,0.079
1681203439,0.998,0.087
1681203439,0.999,0.089
1681203439,0.994,0.021
1681203439,0.995,0.041
1681203439,1,0.098
1681203440,1,0.075
1681203440,1.001,0.081
1681203440,0.995,0.079
1681203440,0.997,0.051
1681203440,0.997,0.042
1681203440,0.997,0.033
1681203440,0.998,0.052
1681203440,1.001,0.048
1681203440,0.995,0.059
1681203440,0.997,0.078
1681203440,1,0.056
1681203440,1.001,0.086
1681203440,0.999,0.064
1681203440,0.999,0.059
1681203440,0.997,0.062
1681203440,0.996,0.074
1681203440,1,0.05
1681203440,0.994,0.07
1681203440,1.004,0.093
1681203440,0.996,0.059
1681203441,1,0.088
1681203441,0.999,0.054
1681203441,0.996,0.005
1681203441,0.996,0.022
1681203441,1,0.047
1681203441,0.999,0.07
1681203441,0.997,0.072
1681203441,1.003,0.056
1681203441,0.999,0.103
1681203441,1.002,0.096
1681203441,0.996,0.079
1681203441,0.997,0.017
1681203441,0.993,0.039
1681203441,0.996,0.053
1681203441,1,0.048
1681203441,0.996,0.079
1681203441,0.996,0.06
1681203441,0.999,0.057
1681203441,0.995,0.016
1681203441,0.995,0.031
1681203442,1.001,0.063
1681203442,0.997,0.024
1681203442,0.994,0.041
1681203442,0.999,0.08
1681203442,1,0.066
1681203442,0.996,0.078
1681203442,0.994,0.058
1681203442,0.998,0.084
1681203442,0.998,0.082
1681203442,0.997,0.057
1681203442,0.996,-0.007
1681203442,0.999,0.067
1681203442,1,0.043
1681203442,0.996,0.03
1681203442,1.001,0.083
1681203442,0.993,0.068
1681203442,0.998,0.062
1681203442,0.996,0.022
1681203442,0.996,0.014
1681203442,0.997,0.062
1681203443,0.998,0.07
1681203443,0.998,0.056
1681203443,1.003,0.101
1681203443,0.997,0.019
1681203443,0.999,0.047
1681203443,0.995,0.068
1681203443,0.999,0.058
1681203443,0.997,0.062
1681203443,0.996,0.111
1681203443,1,0.057
1681203443,0.997,0.028
1681203443,1,0.08
1681203443,0.998,0.068
1681203443,1,0.097
1681203443,0.999,0.086
1681203443,1,0.082
1681203443,0.996,0.035
1681203443,1.001,0.077
1681203443,0.996,0.038
1681203443,0.998,0.041
1681203444,0.998,0.071
1681203444,0.996,0.073
1681203444,0.999,0.05
1681203444,0.998,0.068
1681203444,0.998,0.07
1681203444,0.998,0.051
1681203444,0.998,0.055
1681203444,0.999,0.068
1681203444,0.999,0.09
1681203444,0.997,0.066
1681203444,0.996,0.061
1681203444,0.996,0.054
1681203444,0.999,0.069
1681203444,1,0.061
1681203444,0.998,0.071
1681203444,0.995,0.058
1681203444,0.999,0.058
1681203444,1,0.08
1681203444,1.001,0.057
1681203444,0.999,0.067
1681203445,0.997,0.049
1681203445,0.996,0.07
1681203445,0.997,0.044
1681203445,0.998,0.073
1681203445,0.999,0.074
1681203445,0.996,0.063
1681203445,0.999,0.07
1681203445,0.999,0.057
1681203445,0.997,0.058
1681203445,0.999,0.07
1681203445,0.997,0.071
1681203445,0.997,0.066
1681203445,0.994,0.065
1681203445,0.998,0.054
1681203445,0.999,0.074
1681203445,0.997,0.066
1681203445,1.001,0.063
1681203445,1,0.057
1681203445,0.999,0.065
1681203445,1.001,0.062
1681203446,0.998,0.056
1681203446,0.997,0.063
1681203446,0.998,0.059
1681203446,0.998,0.057
1681203446,0.998,0.066
1681203446,0.998,0.062
1681203446,1.001,0.064
1681203446,0.998,0.069
1681203446,0.997,0.069
1681203446,0.996,0.06
1681203446,0.996,0.063
1681203446,0.998,0.066
1681203446,0.999,0.062
1681203446,0.999,0.053
1681203446,0.999,0.057
1681203446,0.996,0.061
1681203446,1,0.063
1681203446,0.997,0.063
1681203446,0.997,0.065
1681203446,1.001,0.067
1681203447,0.998,0.06
1681203447,0.998,0.059
1681203447,0.997,0.064
1681203447,0.999,0.059
1681203447,0.998,0.066
1681203447,1,0.057
1681203447,0.999,0.069
1681203447,0.997,0.057
1681203447,0.998,0.057
1681203447,0.998,0.066
1681203447,1.003,0.058
1681203447,0.997,0.068
1681203447,0.998,0.071
1681203447,1.001,0.052
1681203447,0.997,0.059
1681203447,1.001,0.058
1681203447,0.999,0.062
1681203447,1.005,0.064
1681203447,0.996,0.055
1681203447,1,0.064
1681203448,1.001,0.053
1681203448,1.002,0.059
1681203448,2.232,0.059
1681203448,2.429,0.059
1681203448,2.432,0.064
1681203448,2.432,0.067
1681203448,2.429,0.064
1681203448,2.433,0.06
1681203448,2.431,0.066
1681203448,2.432,0.067
1681203448,2.429,0.062
1681203448,2.432,0.059
1681203448,2.431,0.07
1681203448,2.375,0.059
1681203448,1,0.065
1681203448,1.001,0.064
1681203448,0.999,0.066
1681203448,0.998,0.055
1681203448,1,0.068
1681203448,0.997,0.054
1681203449,1.001,0.07
1681203449,0.996,1.185
1681203449,1,8.056
1681203449,0.998,8.063
1681203449,0.996,8.038
1681203449,0.996,8.043
1681203449,1.001,8.144
1681203449,0.997,8.044
1681203449,1,8.073
1681203449,0.996,8.091
1681203449,0.999,8.064
1681203449,0.998,2.614
1681203449,1.001,0.059
1681203449,0.998,0.061
1681203449,0.995,0.059
1681203449,0.999,0.064
1681203449,1.001,0.062
1681203449,1,0.061
1681203449,1.002,0.056
1681203449,0.999,0.061
1681203450,1.003,0.063
1681203450,0.999,0.067
1681203450,1,0.065
1681203450,1,0.063
1681203450,0.999,0.065
1681203450,1.001,0.059
1681203450,1.004,0.056
1681203450,0.999,0.061
1681203450,0.998,0.062
1681203450,1.002,0.065
1681203450,0.998,0.063
1681203450,0.997,0.06
1681203450,0.996,0.062
1681203450,0.998,0.056
1681203450,0.996,0.059
1681203450,0.999,0.061
1681203450,1.001,0.06
1681203450,0.999,0.062
1681203450,1.002,0.056
1681203450,1.002,0.068
1681203451,0.998,0.065
1681203451,1.003,0.068
1681203451,0.999,0.061
1681203451,0.996,0.061
1681203451,0.997,0.065
1681203451,1.002,0.064
1681203451,0.997,0.065
1681203451,1.008,0.054
1681203451,1,0.058
1681203451,0.998,0.068
1681203451,1,0.062
1681203451,0.997,0.067
1681203451,0.996,0.067
1681203451,0.997,0.059
1681203451,1.001,0.063
1681203451,0.998,0.062
1681203451,1,0.059
1681203451,1,0.067
1681203451,0.998,0.062
1681203451,0.994,0.061
1681203452,0.996,0.064
1681203452,1,0.055
1681203452,0.999,0.063
1681203452,1,0.066
1681203452,0.998,0.064
1681203452,0.999,0.064
1681203452,0.999,0.059
1681203452,0.998,0.057
1681203452,0.999,0.067
1681203452,0.998,0.058
1681203452,0.997,0.058
1681203452,0.999,0.06
1681203452,0.999,0.062
1681203452,1,0.064
1681203452,1.004,0.062
1681203452,1,0.064
1681203452,0.998,0.057
1681203452,0.997,0.056
1681203452,1.001,0.066
1681203452,1,0.06
1681203453,0.999,0.058
1681203453,0.996,0.063
1681203453,0.999,0.066
1681203453,0.998,0.063
1681203453,1,0.059
1681203453,1,0.059
1681203453,1.002,0.052
1681203453,1.002,0.066
1681203453,0.997,0.067
1681203453,1.002,0.06
1681203453,0.998,0.052
1681203453,0.999,0.057
1681203453,0.997,0.065
1681203453,0.999,0.057
1681203453,1.001,0.067
1681203453,0.998,0.058
1681203453,1.001,0.056
1681203453,1.001,0.062
1681203453,0.999,0.056
1681203453,0.999,0.058
1681203454,1,0.065
1681203454,0.996,0.054
1681203454,0.998,0.063
1681203454,0.999,0.065
1681203454,0.997,0.065
1681203454,0.999,0.058
1681203454,0.998,0.059
1681203454,0.999,0.064
1681203454,0.994,0.063
1681203454,0.996,0.057
1681203454,0.998,0.06
1681203454,0.999,0.057
1681203454,0.998,0.064
1681203454,0.995,0.053
1681203454,0.999,0.064
1681203454,0.998,0.055
1681203454,0.998,0.062
1681203454,1.001,0.059
1681203454,1,0.057
1681203454,1,0.064
1681203455,0.999,0.053
1681203455,0.997,0.061
1681203455,0.997,0.062
1681203455,0.999,0.058
1681203455,0.999,0.07
1681203455,0.997,0.06
1681203455,1.003,0.068
1681203455,0.998,0.064
1681203455,1.001,0.061
1681203455,1,0.058
1681203455,1,0.063
1681203455,1,0.062
1681203455,1,0.064
1681203455,0.999,0.058
1681203455,0.999,0.068
1681203455,0.999,0.063
1681203455,1,0.069
1681203455,0.996,0.058
1681203455,0.997,0.059
1681203455,0.996,0.064
1681203456,0.997,0.062
1681203456,1,0.058
1681203456,1.001,0.069
1681203456,0.999,0.057
1681203456,0.999,0.057
1681203456,1.003,0.064
1681203456,0.997,0.052
1681203456,1.002,0.083
1681203456,1,0.063
1681203456,0.996,0.06
1681203456,0.999,0.054
1681203456,0.999,0.056
1681203456,0.998,0.07
1681203456,0.998,0.071
1681203456,0.996,0.074
1681203456,0.998,0.08
1681203456,0.998,0.063
1681203456,0.999,0.036
1681203456,0.994,0.032
1681203456,1.001,0.062
1681203457,1,0.075
1681203457,1.002,0.062
1681203457,1.001,0.061
1681203457,1,0.083
1681203457,0.999,0.058
1681203457,0.999,0.062
1681203457,0.998,0.058
1681203457,1.001,0.058
1681203457,0.998,0.07
1681203457,0.997,0.038
1681203457,0.997,0.061
1681203457,1,0.084
1681203457,1,0.062
1681203457,0.999,0.05
1681203457,0.996,0.045
1681203457,1,0.061
1681203457,0.997,0.077
1681203457,0.996,0.049
1681203457,0.999,0.064
1681203457,1,0.081
1681203458,0.999,0.09
1681203458,1,0.083
1681203458,0.997,0.053
1681203458,0.999,0.051
1681203458,0.998,0.096
1681203458,0.989,-0.028
1681203458,0.996,-0.005
1681203458,0.999,0.019
1681203458,0.999,0.074
1681203458,1,0.034
1681203458,1.001,0.118
1681203458,0.999,0.041
1681203458,1.001,0.112
1681203458,0.996,0.056
1681203458,0.994,0.046
1681203458,1.001,0.103
1681203458,1.002,0.074
1681203458,0.997,0.038
1681203458,0.997,0.087
1681203458,0.999,0.067
1681203459,1,0.041
1681203459,0.999,0.076
1681203459,1.001,0.063
1681203459,1.001,0.089
1681203459,0.999,0.058
1681203459,0.995,0.116
1681203459,0.997,0.08
1681203459,1,0.083
1681203459,0.994,0.031
1681203459,0.998,0.028
1681203459,1,0.11
1681203459,0.999,0.093
1681203459,1,0.041
1681203459,1,0.079
1681203459,1,0.081
1681203459,0.997,0.044
1681203459,0.998,0.091
1681203459,1,0.067
1681203459,0.999,0.058
1681203459,0.998,0.051
1681203460,0.996,0.067
1681203460,0.999,0.051
1681203460,1,0.064
1681203460,0.997,0.045
1681203460,0.998,0.037
1681203460,0.998,0.061
1681203460,1.002,0.026
1681203460,0.998,0.061
1681203460,0.998,0.061
1681203460,0.997,0.082
1681203460,0.998,0.077
1681203460,0.996,0.073
1681203460,0.997,0.079
1681203460,0.994,0.04
1681203460,0.998,0.067
1681203460,0.996,0.038
1681203460,0.999,0.083
1681203460,1,0.048
1681203460,1,0.051
1681203460,0.998,0.069
1681203461,1.002,0.099
1681203461,1.001,0.11
1681203461,0.999,0.05
1681203461,0.998,0.043
1681203461,0.996,0.056
1681203461,0.999,0.081
1681203461,0.999,0.078
1681203461,0.997,0.04
1681203461,0.999,0.054
1681203461,0.996,0.031
1681203461,0.997,0.109
1681203461,0.997,0.025
1681203461,1,0.107
1681203461,1.003,0.116
1681203461,0.995,0.021
1681203461,1.004,0.098
1681203461,0.999,0.069
1681203461,1,0.029
1681203461,1.001,0.067
1681203461,0.999,0.081
1681203462,0.999,0.069
1681203462,0.998,0.064
1681203462,1,0.072
1681203462,1,0.118
1681203462,0.997,0.035
1681203462,0.999,0.077
1681203462,1.003,0.069
1681203462,0.997,0.053
1681203462,1,0.043
1681203462,1,0.064
1681203462,1.002,0.065
1681203462,0.999,0.056
1681203462,1.001,0.096
1681203462,1.001,0.055
1681203462,0.998,0.076
1681203462,1,0.081
1681203462,0.998,0.044
1681203462,1.001,0.068
1681203462,0.997,0.034
1681203462,0.996,0.061
1681203463,0.995,0.063
1681203463,0.999,0.051
1681203463,0.997,0.047
1681203463,0.997,0.062
1681203463,0.997,0.085
1681203463,0.999,0.089
1681203463,0.999,0.073
1681203463,0.998,0.062
1681203463,0.998,0.082
1681203463,0.998,0.082
1681203463,0.996,0.064
1681203463,1,0.048
1681203463,0.997,0.058
1681203463,1,0.062
1681203463,0.999,0.071
1681203463,0.995,0.058
1681203463,0.999,0.061
1681203463,1,0.049
1681203463,0.999,0.067
1681203463,0.998,0.065
1681203464,0.997,0.053
1681203464,0.999,0.054
1681203464,1.001,0.059
1681203464,0.998,0.062
1681203464,0.997,0.064
1681203464,0.997,0.066
1681203464,0.995,0.053
1681203464,0.997,0.064
1681203464,0.993,0.067
1681203464,1,0.059
1681203464,0.998,0.066
1681203464,0.997,0.058
1681203464,0.999,0.068
1681203464,0.998,0.058
1681203464,0.998,0.066
1681203464,1,0.06
1681203464,0.998,0.053
1681203464,0.999,0.064
1681203464,0.999,0.055
1681203464,0.994,0.05
1681203465,0.995,0.055
1681203465,0.999,0.061
1681203465,0.999,0.058
1681203465,0.997,0.055
1681203465,0.997,0.055
1681203465,0.994,0.062
1681203465,0.998,0.055
1681203465,0.998,0.063
1681203465,0.993,0.062
1681203465,0.999,0.068
1681203465,1.003,0.062
1681203465,0.996,0.064
1681203465,0.998,0.064
1681203465,0.997,0.065
1681203465,1.002,0.05
1681203465,0.996,0.061
1681203465,1,0.067
1681203465,0.999,0.058
1681203465,1.003,0.058
1681203465,0.999,0.063
1681203466,0.997,0.066
1681203466,0.995,0.061
1681203466,1.002,0.064
1681203466,0.998,0.059
1681203466,0.998,0.059
1681203466,1.002,0.063
1681203466,0.998,0.065
1681203466,0.999,0.054
1681203466,0.996,0.058
1681203466,1.001,0.059
1681203466,0.997,0.063
1681203466,0.999,0.059
1681203466,1,0.059
1681203466,0.997,0.063
1681203466,1.001,0.067
1681203466,0.997,0.06
1681203466,0.997,0.065
1681203466,0.997,0.063
1681203466,0.998,0.067
1681203466,0.997,0.054
1681203467,0.998,0.062
1681203467,0.996,0.056
1681203467,1.249,0.069
1681203467,2.428,0.073
1681203467,2.426,0.052
1681203467,2.426,0.064
1681203467,2.429,0.058
1681203467,2.43,0.063
1681203467,2.429,0.059
1681203467,2.431,0.059
1681203467,2.43,0.063
1681203467,2.429,0.061
1681203467,2.43,0.056
1681203467,2.429,0.068
1681203467,2.425,0.067
1681203467,2.115,0.066
1681203467,0.995,0.065
1681203467,0.994,0.061
1681203467,0.998,0.064
1681203467,0.998,0.052
1681203468,1,0.066
1681203468,1,0.061
1681203468,0.998,5.589
1681203468,1.001,8.02
1681203468,0.993,8.014
1681203468,0.999,8.036
1681203468,1.34,7.979
1681203468,2.43,8.017
1681203468,2.427,8.121
1681203468,2.428,8.114
1681203468,2.429,8.096
1681203468,2.426,8.034
1681203468,2.428,8.016
1681203468,2.426,1.669
1681203468,2.426,0.065
1681203468,2.429,0.067
1681203468,2.432,0.054
1681203468,2.429,0.065
1681203468,2.433,0.063
1681203468,2.428,0.064
1681203469,2.426,0.062
1681203469,1.052,0.058
1681203469,1.001,0.072
1681203469,0.999,0.09
1681203469,1,0.034
1681203469,0.998,0.097
1681203469,0.999,4.192
1681203469,0.996,7.985
1681203469,0.997,7.939
1681203469,0.998,8.021
1681203469,0.994,8.002
1681203469,0.998,8.081
1681203469,0.996,7.948
1681203469,0.998,8.021
1681203469,1,7.963
1681203469,0.996,8
1681203469,0.996,7.926
1681203469,0.999,7.96
1681203469,0.998,6.943
1681203469,0.999,0.068
1681203470,0.998,0.058
1681203470,0.998,0.065
1681203470,0.995,0.056
1681203470,0.999,0.067
1681203470,1.001,0.061
1681203470,1.001,0.059
1681203470,1,0.065
1681203470,1,0.062
1681203470,0.998,0.067
1681203470,0.998,0.059
1681203470,0.997,0.05
1681203470,0.996,0.063
1681203470,0.998,0.058
1681203470,0.995,0.059
1681203470,0.997,0.06
1681203470,0.998,0.066
1681203470,1,0.069
1681203470,0.997,0.064
1681203470,0.997,0.063
1681203470,0.997,0.066
1681203471,0.997,0.059
1681203471,0.996,0.059
1681203471,0.997,0.062
1681203471,0.998,0.055
1681203471,0.996,0.065
1681203471,0.995,0.065
1681203471,0.998,0.076
1681203471,0.996,0.067
1681203471,0.995,0.063
1681203471,0.997,0.069
1681203471,1,0.061
1681203471,0.996,0.067
1681203471,1.001,0.074
1681203471,1.002,0.069
1681203471,0.998,0.059
1681203471,1.002,0.058
1681203471,0.999,0.064
1681203471,1.001,0.065
1681203471,1.001,0.055
1681203471,1,0.067
1681203472,0.997,0.069
1681203472,0.996,0.065
1681203472,1,0.067
1681203472,1.001,0.058
1681203472,0.994,0.063
1681203472,0.999,0.062
1681203472,0.997,0.068
1681203472,0.996,0.07
1681203472,1,0.067
1681203472,0.997,0.062
1681203472,0.998,0.061
1681203472,0.998,0.061
1681203472,0.998,0.081
1681203472,0.999,0.067
1681203472,0.999,0.059
1681203472,0.998,0.082
1681203472,0.998,0.027
1681203472,1.001,0.085
1681203472,0.996,0.065
1681203472,0.999,0.058
1681203473,1,0.058
1681203473,1.001,0.067
1681203473,1,0.063
1681203473,0.998,0.054
1681203473,0.998,0.059
1681203473,0.999,0.067
1681203473,0.998,0.054
1681203473,1.003,0.062
1681203473,0.998,0.058
1681203473,1.003,0.057
1681203473,0.997,0.062
1681203473,1,0.061
1681203473,0.997,0.061
1681203473,1.001,0.064
1681203473,1,0.062
1681203473,1.002,0.064
1681203473,1,0.055
1681203473,1.001,0.057
1681203473,0.998,0.066
1681203473,0.998,0.067
1681203474,0.998,0.062
1681203474,1.003,0.063
1681203474,1.004,0.062
1681203474,0.999,0.059
1681203474,0.999,0.06
1681203474,0.999,0.059
1681203474,0.997,0.054
1681203474,0.999,0.063
1681203474,0.998,0.061
1681203474,0.997,0.066
1681203474,0.999,0.054
1681203474,1.001,0.067
1681203474,1,0.072
1681203474,1.003,0.057
1681203474,0.999,0.07
1681203474,1,0.061
1681203474,1,0.056
1681203474,0.996,0.062
1681203474,0.997,0.067
1681203474,1,0.058
1681203475,1,0.066
1681203475,1.005,0.069
1681203475,0.999,0.062
1681203475,0.999,0.055
1681203475,1.001,0.069
1681203475,1.001,0.07
1681203475,0.997,0.061
1681203475,1.002,0.068
1681203475,0.997,0.057
1681203475,1.002,0.06
1681203475,0.997,0.056
1681203475,0.998,0.068
1681203475,0.999,0.058
1681203475,0.998,0.065
1681203475,0.997,0.061
1681203475,0.995,0.064
1681203475,0.998,0.059
1681203475,0.997,0.057
1681203475,1,0.062
1681203475,1,0.057
1681203476,1.002,0.065
1681203476,0.999,0.062
1681203476,0.997,0.064
1681203476,0.996,0.062
1681203476,0.999,0.058
1681203476,0.998,0.058
1681203476,0.995,0.068
1681203476,0.998,0.064
1681203476,1,0.065
1681203476,0.998,0.063
1681203476,0.998,0.064
1681203476,0.999,0.064
1681203476,1.001,0.056
1681203476,0.999,0.066
1681203476,0.998,0.06
1681203476,0.997,0.073
1681203476,0.999,0.063
1681203476,0.998,0.054
1681203476,0.996,0.067
1681203476,1,0.069
1681203477,0.996,0.065
1681203477,0.997,0.065
1681203477,0.997,0.055
1681203477,0.998,0.062
1681203477,0.997,0.056
1681203477,1.001,0.058
1681203477,0.996,0.057
1681203477,0.998,0.058
1681203477,0.996,0.065
1681203477,0.994,0.049
1681203477,1,0.055
1681203477,0.997,0.064
1681203477,0.999,0.056
1681203477,1,0.068
1681203477,1,0.069
1681203477,1,0.061
1681203477,1,0.06
1681203477,0.998,0.058
1681203477,0.999,0.057
1681203477,1,0.063
1681203478,0.996,0.063
1681203478,1,0.06
1681203478,0.998,0.062
1681203478,1.003,0.061
1681203478,1,0.055
1681203478,0.999,0.058
1681203478,0.998,0.066
1681203478,0.997,0.061
1681203478,1,0.057
1681203478,0.999,0.052
1681203478,0.998,0.055
1681203478,0.999,0.066
1681203478,0.998,0.072
1681203478,0.999,0.049
1681203478,0.999,0.058
1681203478,1.001,0.068
1681203478,0.997,0.063
1681203478,0.999,0.065
1681203478,0.998,0.063
1681203478,0.999,0.065
1681203479,0.998,0.058
1681203479,0.994,0.058
1681203479,0.999,0.061
1681203479,1.002,0.057
1681203479,0.994,0.059
1681203479,1.006,0.071
1681203479,1.001,0.063
1681203479,0.997,0.068
1681203479,1,0.067
1681203479,1.001,0.071
1681203479,0.998,0.067
1681203479,1,0.064
1681203479,0.997,0.069
1681203479,1,0.06
1681203479,1.001,0.055
1681203479,1.001,0.07
1681203479,0.999,0.057
1681203479,0.999,0.055
1681203479,0.997,0.063
1681203479,0.996,0.067
1681203480,1,0.058
1681203480,0.999,0.063
1681203480,0.996,0.06
1681203480,0.997,0.059
1681203480,1,0.064
1681203480,0.999,0.049
1681203480,0.998,0.055
1681203480,0.997,0.066
1681203480,0.997,0.059
1681203480,0.999,0.062
1681203480,0.999,0.066
1681203480,0.998,0.063
1681203480,0.999,0.067
1681203480,0.997,0.063
1681203480,1,0.057
1681203480,1.001,0.066
1681203480,0.997,0.061
1681203480,0.998,0.064
1681203480,0.998,0.059
1681203480,1,0.068
1681203481,0.996,0.061
1681203481,0.999,0.056
1681203481,0.993,0.057
1681203481,0.997,0.063
1681203481,0.999,0.063
1681203481,0.998,0.067
1681203481,1.003,0.041
1681203481,,
1681203481,,
